{"type":"FeatureCollection","name":"BANYUMAS_KECAMATAN_10K_2023","crs":{"type":"name","properties":{"name":"urn:ogc:def:crs:OGC:1.3:CRS84"}},"features":[{"type":"Feature","id":"ADMINISTRASI_AR_KECAMATAN_10K_2023.1","properties":{"id":"33.02.14","name":"Ajibarang","fcode":"BA03070040","luasWilayahHa":6984.04083437372,"kdpkab":"33.02","wadmkc":"Ajibarang","metadata":"TASWIL1000020230928_DATA_BATAS_DESAKELURAHAN","sumber":"Geoportal Palapa Kabupaten Banyumas (WFS 10K 2023)"},"geometry":{"type":"MultiPolygon","coordinates":[[[[109.091,-7.3984],[109.0912,-7.3984],[109.0912,-7.3985],[109.0914,-7.3987],[109.0915,-7.3987],[109.0918,-7.3988],[109.0921,-7.3988],[109.0922,-7.3989],[109.0925,-7.3989],[109.0926,-7.3988],[109.0927,-7.3988],[109.0935,-7.3989],[109.0936,-7.399],[109.0938,-7.399],[109.0941,-7.3991],[109.0941,-7.399],[109.0944,-7.3988],[109.0952,-7.3988],[109.0953,-7.3987],[109.0955,-7.3987],[109.0955,-7.3986],[109.0958,-7.3986],[109.0959,-7.3985],[109.0962,-7.3985],[109.0963,-7.3986],[109.0963,-7.3984],[109.0966,-7.3984],[109.0972,-7.3985],[109.0972,-7.3986],[109.0973,-7.3986],[109.0976,-7.3987],[109.0979,-7.3984],[109.0982,-7.3984],[109.0984,-7.3982],[109.0993,-7.3982],[109.0994,-7.3981],[109.0995,-7.3981],[109.0995,-7.3979],[109.0997,-7.3978],[109.0999,-7.3978],[109.1001,-7.398],[109.1007,-7.3977],[109.1014,-7.3972],[109.1015,-7.3972],[109.1022,-7.3975],[109.1027,-7.3973],[109.1027,-7.3972],[109.1028,-7.3972],[109.1028,-7.3971],[109.1035,-7.3969],[109.1044,-7.3969],[109.1047,-7.3967],[109.1051,-7.3965],[109.1056,-7.3965],[109.1058,-7.3964],[109.1065,-7.3964],[109.107,-7.3968],[109.1072,-7.3968],[109.1073,-7.3969],[109.1075,-7.3969],[109.1076,-7.3968],[109.1078,-7.3968],[109.108,-7.3967],[109.1082,-7.3965],[109.1085,-7.3965],[109.1086,-7.3966],[109.1086,-7.3965],[109.1087,-7.3965],[109.1088,-7.3964],[109.1089,-7.3964],[109.1087,-7.3961],[109.1088,-7.3951],[109.1089,-7.3949],[109.1091,-7.3947],[109.1097,-7.3945],[109.1102,-7.3952],[109.1101,-7.3953],[109.1101,-7.3954],[109.11,-7.3955],[109.1097,-7.396],[109.1094,-7.3963],[109.1093,-7.3965],[109.1091,-7.3967],[109.109,-7.3969],[109.11,-7.3979],[109.1095,-7.398],[109.1095,-7.3981],[109.1096,-7.3984],[109.1095,-7.3985],[109.109,-7.3985],[109.1088,-7.3987],[109.1087,-7.3987],[109.1085,-7.3991],[109.1084,-7.3994],[109.1081,-7.4],[109.1083,-7.4002],[109.1089,-7.4],[109.11,-7.3998],[109.1113,-7.3995],[109.112,-7.3994],[109.1127,-7.3992],[109.1129,-7.3996],[109.113,-7.3995],[109.1133,-7.3995],[109.1136,-7.3996],[109.1141,-7.3998],[109.1144,-7.4],[109.1146,-7.4002],[109.1148,-7.4],[109.1172,-7.4008],[109.1179,-7.401],[109.1186,-7.4015],[109.1193,-7.4019],[109.1191,-7.4024],[109.1191,-7.4026],[109.119,-7.4026],[109.119,-7.4028],[109.1189,-7.4028],[109.1189,-7.4029],[109.119,-7.403],[109.119,-7.4036],[109.1192,-7.4038],[109.1192,-7.4039],[109.1191,-7.404],[109.119,-7.404],[109.119,-7.4041],[109.1188,-7.4041],[109.1188,-7.4045],[109.1186,-7.4046],[109.1185,-7.4048],[109.1185,-7.4049],[109.1183,-7.4051],[109.118,-7.4052],[109.118,-7.4056],[109.1179,-7.4056],[109.1179,-7.4064],[109.1178,-7.4065],[109.1178,-7.4067],[109.1179,-7.4067],[109.118,-7.4068],[109.118,-7.407],[109.1181,-7.4071],[109.1183,-7.4071],[109.1184,-7.4072],[109.1184,-7.4073],[109.1183,-7.4074],[109.1183,-7.4075],[109.1184,-7.4076],[109.1185,-7.4076],[109.1185,-7.408],[109.1184,-7.4081],[109.1184,-7.4084],[109.1185,-7.4085],[109.1186,-7.4085],[109.1186,-7.4087],[109.119,-7.4087],[109.1191,-7.4088],[109.1191,-7.409],[109.119,-7.409],[109.119,-7.4091],[109.1192,-7.4093],[109.1192,-7.4095],[109.1191,-7.4095],[109.1191,-7.4101],[109.119,-7.4101],[109.1189,-7.4102],[109.1188,-7.4102],[109.1188,-7.4106],[109.1187,-7.4107],[109.1187,-7.411],[109.1188,-7.4111],[109.1188,-7.4112],[109.1189,-7.4112],[109.1189,-7.4113],[109.1187,-7.4117],[109.1187,-7.4118],[109.1188,-7.4119],[109.1189,-7.4119],[109.1189,-7.4122],[109.1191,-7.4124],[109.1198,-7.4124],[109.1204,-7.4123],[109.1202,-7.4125],[109.12,-7.4128],[109.12,-7.4129],[109.1201,-7.413],[109.1203,-7.413],[109.1204,-7.4131],[109.1204,-7.4134],[109.1205,-7.4135],[109.1204,-7.4136],[109.1203,-7.4138],[109.1203,-7.4141],[109.1204,-7.4142],[109.1204,-7.4145],[109.1202,-7.4145],[109.1197,-7.4146],[109.1196,-7.4147],[109.1196,-7.4149],[109.1197,-7.4151],[109.1197,-7.4153],[109.1196,-7.4154],[109.1196,-7.4155],[109.1195,-7.4156],[109.1196,-7.4157],[109.1196,-7.4158],[109.12,-7.416],[109.1202,-7.4162],[109.1202,-7.4164],[109.1199,-7.4164],[109.1199,-7.4167],[109.1202,-7.4178],[109.1202,-7.4181],[109.1201,-7.4182],[109.1201,-7.4188],[109.1203,-7.419],[109.1204,-7.419],[109.1204,-7.4193],[109.1203,-7.4194],[109.1203,-7.4196],[109.1204,-7.4197],[109.1207,-7.4197],[109.1207,-7.4198],[109.1208,-7.4198],[109.1209,-7.4199],[109.1211,-7.4199],[109.1212,-7.4201],[109.1216,-7.4205],[109.122,-7.4205],[109.1221,-7.4206],[109.1222,-7.4206],[109.1222,-7.4209],[109.1223,-7.421],[109.1223,-7.4216],[109.1224,-7.4216],[109.1225,-7.4217],[109.1226,-7.4217],[109.1227,-7.4218],[109.1229,-7.4221],[109.1231,-7.4223],[109.1232,-7.4226],[109.1229,-7.4226],[109.1227,-7.4228],[109.1225,-7.4228],[109.1225,-7.4229],[109.1224,-7.423],[109.1224,-7.4232],[109.1222,-7.4234],[109.1222,-7.424],[109.1221,-7.424],[109.1221,-7.4241],[109.122,-7.4242],[109.1218,-7.4247],[109.1217,-7.4248],[109.1214,-7.4248],[109.121,-7.4252],[109.1205,-7.4256],[109.1205,-7.4259],[109.1204,-7.4259],[109.1198,-7.4262],[109.1197,-7.4262],[109.1197,-7.4263],[109.1196,-7.4266],[109.1196,-7.4277],[109.1195,-7.4287],[109.1195,-7.4288],[109.1196,-7.429],[109.1196,-7.4296],[109.1194,-7.4298],[109.1194,-7.4301],[109.1195,-7.4304],[109.1194,-7.4305],[109.1192,-7.4306],[109.119,-7.4309],[109.119,-7.431],[109.1189,-7.4311],[109.1189,-7.4312],[109.119,-7.4313],[109.1189,-7.4314],[109.1189,-7.4316],[109.1188,-7.4317],[109.1188,-7.4318],[109.1187,-7.4319],[109.1186,-7.4321],[109.1183,-7.4324],[109.1181,-7.4328],[109.1181,-7.433],[109.1182,-7.4331],[109.1182,-7.4333],[109.1181,-7.4334],[109.1181,-7.4335],[109.118,-7.4336],[109.1181,-7.4337],[109.1182,-7.434],[109.1183,-7.4341],[109.1183,-7.4343],[109.1182,-7.4344],[109.1182,-7.4345],[109.1183,-7.4346],[109.1185,-7.4346],[109.1186,-7.4348],[109.1186,-7.4349],[109.1189,-7.4349],[109.1189,-7.4354],[109.1187,-7.4354],[109.1185,-7.4356],[109.118,-7.4364],[109.1179,-7.4366],[109.1179,-7.437],[109.1178,-7.437],[109.1176,-7.4372],[109.1176,-7.4375],[109.1178,-7.4378],[109.118,-7.4382],[109.1184,-7.4388],[109.1185,-7.4389],[109.1185,-7.4391],[109.1184,-7.4392],[109.1181,-7.4397],[109.1181,-7.4399],[109.1186,-7.4402],[109.1186,-7.4408],[109.1189,-7.4409],[109.119,-7.4412],[109.1192,-7.4416],[109.1191,-7.442],[109.1191,-7.4422],[109.1187,-7.4445],[109.1188,-7.4447],[109.119,-7.4454],[109.1192,-7.4459],[109.1193,-7.4464],[109.1197,-7.4472],[109.1197,-7.4473],[109.12,-7.4477],[109.1202,-7.4479],[109.1203,-7.4481],[109.1204,-7.4486],[109.1206,-7.4487],[109.1208,-7.4489],[109.1213,-7.4492],[109.1216,-7.4495],[109.1216,-7.4496],[109.1218,-7.4498],[109.1218,-7.4499],[109.1219,-7.45],[109.122,-7.45],[109.1221,-7.4501],[109.1223,-7.4501],[109.1224,-7.4502],[109.1224,-7.4503],[109.1227,-7.4506],[109.1229,-7.4507],[109.1234,-7.4502],[109.1238,-7.4505],[109.1243,-7.4504],[109.1249,-7.4506],[109.126,-7.4508],[109.1261,-7.4509],[109.1261,-7.4512],[109.126,-7.4513],[109.1256,-7.4515],[109.1251,-7.4522],[109.125,-7.4526],[109.125,-7.4531],[109.1257,-7.455],[109.1258,-7.4552],[109.1258,-7.4556],[109.1257,-7.4558],[109.1254,-7.4571],[109.1256,-7.4578],[109.1259,-7.4585],[109.126,-7.4593],[109.1259,-7.4599],[109.1257,-7.4607],[109.1258,-7.461],[109.1261,-7.4614],[109.1266,-7.4618],[109.1272,-7.4636],[109.1256,-7.4634],[109.1223,-7.4634],[109.1213,-7.4635],[109.12,-7.4633],[109.1188,-7.463],[109.1185,-7.4626],[109.1179,-7.4619],[109.1179,-7.4615],[109.118,-7.4613],[109.1181,-7.4609],[109.117,-7.4603],[109.1157,-7.4597],[109.1153,-7.4596],[109.1145,-7.459],[109.1142,-7.4584],[109.1138,-7.4577],[109.1133,-7.457],[109.1108,-7.4552],[109.1099,-7.4544],[109.1096,-7.4542],[109.1087,-7.4542],[109.1085,-7.4541],[109.1072,-7.454],[109.1057,-7.4538],[109.104,-7.4534],[109.1022,-7.4531],[109.1018,-7.453],[109.098,-7.4516],[109.0973,-7.4516],[109.0965,-7.4518],[109.0949,-7.452],[109.0928,-7.4518],[109.0906,-7.4515],[109.0895,-7.4518],[109.0887,-7.4519],[109.0881,-7.4523],[109.0878,-7.4524],[109.0874,-7.4526],[109.0868,-7.4526],[109.0863,-7.4542],[109.0859,-7.4564],[109.0857,-7.4562],[109.0853,-7.4562],[109.0852,-7.4561],[109.0849,-7.4561],[109.0846,-7.4558],[109.0843,-7.4558],[109.0842,-7.4557],[109.0833,-7.4557],[109.0831,-7.4556],[109.082,-7.4556],[109.0816,-7.4554],[109.0815,-7.4553],[109.0802,-7.4552],[109.0798,-7.4551],[109.0779,-7.4551],[109.0779,-7.4548],[109.0778,-7.4547],[109.0761,-7.4543],[109.0761,-7.4541],[109.0755,-7.454],[109.0752,-7.4538],[109.0748,-7.4538],[109.0732,-7.4532],[109.0724,-7.453],[109.0709,-7.4524],[109.0704,-7.4524],[109.0703,-7.4525],[109.0695,-7.4527],[109.067,-7.4526],[109.0669,-7.4527],[109.0666,-7.4538],[109.0665,-7.4539],[109.0662,-7.454],[109.0661,-7.4541],[109.066,-7.4541],[109.0659,-7.454],[109.0657,-7.454],[109.0656,-7.4541],[109.0654,-7.4541],[109.0653,-7.4542],[109.0651,-7.4543],[109.0647,-7.4547],[109.0647,-7.4548],[109.0646,-7.455],[109.0644,-7.4548],[109.0642,-7.4549],[109.0638,-7.4554],[109.0622,-7.4561],[109.062,-7.4561],[109.0618,-7.456],[109.0615,-7.456],[109.0615,-7.4561],[109.0614,-7.4561],[109.0614,-7.4562],[109.0611,-7.4562],[109.061,-7.4561],[109.0608,-7.4561],[109.0607,-7.4562],[109.0602,-7.4562],[109.0601,-7.4563],[109.0599,-7.4561],[109.0595,-7.4561],[109.0594,-7.4564],[109.0594,-7.4566],[109.059,-7.4569],[109.0589,-7.4571],[109.0589,-7.4572],[109.059,-7.4573],[109.059,-7.4577],[109.0586,-7.4576],[109.0585,-7.4577],[109.0581,-7.4583],[109.0579,-7.4587],[109.058,-7.4589],[109.0581,-7.4594],[109.0574,-7.459],[109.0571,-7.459],[109.0566,-7.4592],[109.056,-7.4591],[109.0551,-7.4588],[109.0544,-7.4585],[109.0536,-7.458],[109.0532,-7.4576],[109.053,-7.4575],[109.0528,-7.4572],[109.0523,-7.4568],[109.0521,-7.4567],[109.052,-7.4567],[109.0519,-7.4566],[109.0516,-7.456],[109.0515,-7.4557],[109.0514,-7.4556],[109.0512,-7.4553],[109.0505,-7.4533],[109.0498,-7.4533],[109.0491,-7.4532],[109.048,-7.4528],[109.0464,-7.4528],[109.045,-7.4527],[109.0439,-7.4523],[109.0438,-7.4523],[109.0429,-7.452],[109.042,-7.4519],[109.0406,-7.4516],[109.0396,-7.4518],[109.0393,-7.4518],[109.0385,-7.4514],[109.0382,-7.4514],[109.0366,-7.452],[109.0364,-7.4519],[109.0359,-7.4515],[109.0345,-7.4501],[109.034,-7.45],[109.0337,-7.45],[109.0329,-7.4504],[109.0323,-7.4506],[109.0319,-7.4508],[109.031,-7.4511],[109.0308,-7.4513],[109.0304,-7.4523],[109.0299,-7.4534],[109.0298,-7.453],[109.0289,-7.4519],[109.0282,-7.4502],[109.0281,-7.4489],[109.0272,-7.4475],[109.0268,-7.4458],[109.0266,-7.4443],[109.0267,-7.4436],[109.0267,-7.4416],[109.0269,-7.4409],[109.0271,-7.4405],[109.0272,-7.4402],[109.0272,-7.4399],[109.0268,-7.4397],[109.0266,-7.4397],[109.0262,-7.439],[109.0261,-7.4389],[109.026,-7.4389],[109.0258,-7.439],[109.0257,-7.4391],[109.0251,-7.4388],[109.0251,-7.4387],[109.0249,-7.4387],[109.0248,-7.4385],[109.0245,-7.4385],[109.0242,-7.4386],[109.0241,-7.4386],[109.0236,-7.438],[109.0233,-7.4379],[109.0227,-7.4376],[109.0226,-7.4374],[109.0221,-7.4375],[109.0217,-7.4373],[109.0209,-7.4362],[109.0207,-7.4356],[109.0206,-7.4351],[109.0207,-7.4346],[109.0207,-7.4342],[109.0205,-7.4335],[109.0212,-7.4326],[109.0211,-7.4322],[109.0204,-7.4318],[109.02,-7.4314],[109.0198,-7.4296],[109.0203,-7.4285],[109.0201,-7.4265],[109.0194,-7.4256],[109.0181,-7.4246],[109.0164,-7.4244],[109.0148,-7.424],[109.013,-7.4237],[109.0121,-7.4236],[109.0117,-7.4235],[109.0113,-7.4233],[109.0111,-7.4231],[109.0115,-7.4224],[109.012,-7.4218],[109.0126,-7.4209],[109.0128,-7.4204],[109.0132,-7.42],[109.0132,-7.4195],[109.0134,-7.419],[109.0136,-7.418],[109.0137,-7.4178],[109.0137,-7.4177],[109.0136,-7.4177],[109.0136,-7.4173],[109.0139,-7.4173],[109.0139,-7.4168],[109.0138,-7.4162],[109.0134,-7.4162],[109.0133,-7.4161],[109.0131,-7.4161],[109.013,-7.416],[109.013,-7.4159],[109.0128,-7.4158],[109.0123,-7.4158],[109.0123,-7.4157],[109.0122,-7.4157],[109.0121,-7.4156],[109.0118,-7.4156],[109.0117,-7.4155],[109.0116,-7.4155],[109.0115,-7.4156],[109.0111,-7.4156],[109.0107,-7.4152],[109.0106,-7.415],[109.0106,-7.4146],[109.0116,-7.4139],[109.0123,-7.4136],[109.0123,-7.4134],[109.0118,-7.4132],[109.0111,-7.4118],[109.0106,-7.411],[109.0101,-7.4103],[109.0098,-7.41],[109.0092,-7.4084],[109.0087,-7.4067],[109.0082,-7.4062],[109.0083,-7.4061],[109.0087,-7.4059],[109.0093,-7.4062],[109.0094,-7.4063],[109.0094,-7.4065],[109.0095,-7.4066],[109.0096,-7.4072],[109.0096,-7.4078],[109.0097,-7.4085],[109.0098,-7.4088],[109.0099,-7.409],[109.01,-7.4091],[109.0102,-7.4091],[109.0103,-7.409],[109.0105,-7.4086],[109.0106,-7.4083],[109.0108,-7.408],[109.0109,-7.4079],[109.0119,-7.4075],[109.0124,-7.4075],[109.0134,-7.4077],[109.0142,-7.4081],[109.0143,-7.4082],[109.0143,-7.4085],[109.0142,-7.4086],[109.0142,-7.4088],[109.0143,-7.4089],[109.0145,-7.409],[109.0149,-7.409],[109.0155,-7.4086],[109.0171,-7.408],[109.0175,-7.4078],[109.0178,-7.4078],[109.0181,-7.408],[109.0185,-7.4082],[109.0188,-7.4083],[109.0193,-7.4083],[109.0198,-7.4084],[109.0205,-7.4083],[109.0209,-7.4083],[109.0214,-7.4085],[109.0217,-7.4091],[109.0217,-7.4098],[109.0216,-7.4102],[109.0216,-7.4104],[109.0217,-7.4108],[109.0218,-7.411],[109.0222,-7.4114],[109.0226,-7.4116],[109.0237,-7.4116],[109.0242,-7.4115],[109.0247,-7.4111],[109.0249,-7.4109],[109.0249,-7.4105],[109.0248,-7.4102],[109.0244,-7.4097],[109.0244,-7.409],[109.0246,-7.4086],[109.025,-7.4084],[109.0256,-7.4083],[109.026,-7.4084],[109.0264,-7.4087],[109.0265,-7.4091],[109.0265,-7.4094],[109.0264,-7.4098],[109.0264,-7.41],[109.0265,-7.4103],[109.0268,-7.4106],[109.0273,-7.4113],[109.0276,-7.4118],[109.0278,-7.4123],[109.028,-7.4127],[109.0283,-7.413],[109.0287,-7.4133],[109.0291,-7.4135],[109.0295,-7.4136],[109.0299,-7.4136],[109.0306,-7.4134],[109.0317,-7.4134],[109.0321,-7.4132],[109.0326,-7.413],[109.033,-7.4127],[109.0332,-7.4125],[109.034,-7.4125],[109.0345,-7.4124],[109.0347,-7.4124],[109.0351,-7.4125],[109.0355,-7.4125],[109.0358,-7.4122],[109.0358,-7.412],[109.0356,-7.4118],[109.0354,-7.4117],[109.0353,-7.4116],[109.0353,-7.4113],[109.035,-7.4106],[109.0346,-7.4104],[109.0338,-7.4102],[109.0336,-7.41],[109.0332,-7.4092],[109.0331,-7.4091],[109.033,-7.4089],[109.033,-7.4084],[109.0329,-7.4082],[109.0326,-7.4079],[109.0326,-7.4078],[109.0324,-7.4074],[109.0323,-7.4073],[109.0323,-7.407],[109.0324,-7.4068],[109.0324,-7.4065],[109.0326,-7.4065],[109.0333,-7.4064],[109.0348,-7.4059],[109.035,-7.4059],[109.0355,-7.4061],[109.0356,-7.4061],[109.0358,-7.406],[109.0378,-7.4046],[109.0379,-7.4047],[109.0381,-7.4047],[109.0395,-7.4038],[109.0409,-7.4035],[109.0414,-7.4032],[109.0426,-7.402],[109.0433,-7.4014],[109.0441,-7.4004],[109.0445,-7.4001],[109.0448,-7.4],[109.0453,-7.4],[109.0468,-7.3999],[109.0469,-7.3998],[109.0478,-7.3992],[109.0501,-7.3995],[109.0525,-7.3995],[109.0543,-7.3989],[109.0563,-7.398],[109.0568,-7.3979],[109.0568,-7.3978],[109.0569,-7.3976],[109.057,-7.3975],[109.057,-7.3974],[109.0571,-7.3971],[109.0571,-7.3969],[109.0574,-7.3968],[109.0578,-7.3966],[109.0578,-7.3967],[109.0579,-7.3967],[109.058,-7.3966],[109.0581,-7.3964],[109.0583,-7.3962],[109.0584,-7.3962],[109.0586,-7.3961],[109.0591,-7.3961],[109.0596,-7.3962],[109.0598,-7.396],[109.06,-7.396],[109.0603,-7.3959],[109.0609,-7.3958],[109.061,-7.3957],[109.061,-7.3956],[109.0611,-7.3955],[109.0613,-7.3955],[109.0619,-7.3953],[109.062,-7.3953],[109.0622,-7.3952],[109.0623,-7.395],[109.0625,-7.3948],[109.0641,-7.3937],[109.0643,-7.3933],[109.0644,-7.3929],[109.0644,-7.392],[109.0642,-7.3917],[109.0642,-7.3916],[109.0632,-7.3911],[109.0625,-7.3907],[109.0615,-7.3899],[109.061,-7.3889],[109.0612,-7.3888],[109.0612,-7.3885],[109.0611,-7.3885],[109.061,-7.3884],[109.0611,-7.3877],[109.0609,-7.3877],[109.0605,-7.3871],[109.0609,-7.3869],[109.0611,-7.3867],[109.0614,-7.3865],[109.0616,-7.3865],[109.0617,-7.3863],[109.0617,-7.3862],[109.0618,-7.3862],[109.062,-7.3861],[109.0622,-7.3859],[109.0622,-7.3856],[109.0623,-7.3853],[109.0627,-7.3852],[109.0634,-7.3852],[109.0637,-7.3854],[109.0638,-7.3854],[109.0639,-7.3856],[109.0644,-7.3856],[109.0645,-7.3855],[109.0649,-7.3855],[109.065,-7.3854],[109.0652,-7.3854],[109.0652,-7.3856],[109.0672,-7.3856],[109.0683,-7.3855],[109.0701,-7.3855],[109.0708,-7.3854],[109.0722,-7.3854],[109.0721,-7.3849],[109.0747,-7.3846],[109.075,-7.386],[109.0755,-7.387],[109.076,-7.3873],[109.0761,-7.3875],[109.0763,-7.3877],[109.0763,-7.3878],[109.0764,-7.388],[109.0764,-7.3881],[109.0765,-7.3881],[109.0769,-7.3883],[109.077,-7.3885],[109.0772,-7.3887],[109.0774,-7.3894],[109.0774,-7.39],[109.077,-7.391],[109.077,-7.3911],[109.0771,-7.3913],[109.0772,-7.3914],[109.0774,-7.3918],[109.0773,-7.3919],[109.0773,-7.3922],[109.0774,-7.3922],[109.0775,-7.3923],[109.0776,-7.3925],[109.0777,-7.3924],[109.0781,-7.3924],[109.0781,-7.392],[109.078,-7.3916],[109.0782,-7.3915],[109.0782,-7.3912],[109.0783,-7.3912],[109.0783,-7.3911],[109.0785,-7.391],[109.0785,-7.3903],[109.0787,-7.39],[109.0791,-7.3896],[109.0793,-7.3895],[109.0794,-7.3894],[109.0795,-7.3895],[109.0797,-7.3895],[109.0798,-7.3893],[109.0797,-7.3893],[109.0797,-7.3892],[109.0799,-7.3891],[109.08,-7.3889],[109.0801,-7.3889],[109.0801,-7.389],[109.0802,-7.389],[109.0803,-7.3889],[109.0804,-7.3889],[109.0805,-7.3884],[109.0805,-7.3871],[109.0806,-7.3868],[109.0809,-7.3869],[109.0809,-7.3868],[109.081,-7.3868],[109.0811,-7.3867],[109.0812,-7.3867],[109.0812,-7.3866],[109.0813,-7.3865],[109.0824,-7.3866],[109.0853,-7.3873],[109.0854,-7.3871],[109.0863,-7.3873],[109.0882,-7.3876],[109.0883,-7.3877],[109.0885,-7.388],[109.089,-7.3885],[109.0892,-7.3885],[109.0893,-7.3884],[109.0895,-7.3884],[109.0896,-7.3885],[109.0896,-7.3886],[109.0898,-7.3886],[109.0898,-7.3887],[109.0899,-7.389],[109.0899,-7.3895],[109.0898,-7.3901],[109.0898,-7.3903],[109.0896,-7.3905],[109.0896,-7.3907],[109.09,-7.3911],[109.0899,-7.3928],[109.0899,-7.3937],[109.09,-7.3938],[109.0903,-7.3945],[109.0906,-7.3956],[109.0911,-7.3966],[109.091,-7.3966],[109.0909,-7.3967],[109.0909,-7.397],[109.091,-7.3971],[109.091,-7.3974],[109.0904,-7.3974],[109.0902,-7.3975],[109.0901,-7.3976],[109.0898,-7.3978],[109.0898,-7.3979],[109.0904,-7.398],[109.0905,-7.3981],[109.0906,-7.3981],[109.0906,-7.3982],[109.0905,-7.3982],[109.0905,-7.3983],[109.0906,-7.3984],[109.091,-7.3984]]]]}},{"type":"Feature","id":"ADMINISTRASI_AR_KECAMATAN_10K_2023.2","properties":{"id":"33.02.11","name":"Banyumas","fcode":"BA03070040","luasWilayahHa":4175.12896818793,"kdpkab":"33.02","wadmkc":"Banyumas","metadata":"TASWIL1000020230928_DATA_BATAS_DESAKELURAHAN","sumber":"Geoportal Palapa Kabupaten Banyumas (WFS 10K 2023)"},"geometry":{"type":"MultiPolygon","coordinates":[[[[109.2505,-7.5514],[109.2502,-7.5512],[109.25,-7.551],[109.2492,-7.5513],[109.2486,-7.5517],[109.2481,-7.5519],[109.2474,-7.5519],[109.2472,-7.5518],[109.2465,-7.5513],[109.246,-7.5511],[109.2457,-7.5509],[109.2451,-7.5506],[109.245,-7.5505],[109.2449,-7.5503],[109.2447,-7.5501],[109.2444,-7.5496],[109.2443,-7.5492],[109.2442,-7.5491],[109.2442,-7.5488],[109.2443,-7.5484],[109.2446,-7.5478],[109.2451,-7.5474],[109.2455,-7.5472],[109.2458,-7.5471],[109.2459,-7.547],[109.2462,-7.5469],[109.2473,-7.5464],[109.2475,-7.5462],[109.2478,-7.546],[109.2478,-7.5445],[109.2477,-7.5443],[109.2477,-7.544],[109.2476,-7.5437],[109.2475,-7.5431],[109.2475,-7.5429],[109.2477,-7.5426],[109.2479,-7.542],[109.248,-7.5418],[109.248,-7.5413],[109.2479,-7.5412],[109.2472,-7.5408],[109.247,-7.54],[109.2467,-7.5391],[109.2466,-7.539],[109.2465,-7.5387],[109.2464,-7.5386],[109.2462,-7.5381],[109.2462,-7.538],[109.2464,-7.5375],[109.2465,-7.537],[109.2464,-7.5369],[109.246,-7.5367],[109.245,-7.5365],[109.2443,-7.5361],[109.2443,-7.5357],[109.2447,-7.5349],[109.2447,-7.5347],[109.2448,-7.5346],[109.244,-7.5337],[109.2438,-7.5333],[109.2437,-7.5332],[109.2437,-7.5328],[109.2435,-7.5318],[109.2433,-7.5311],[109.2431,-7.5311],[109.2429,-7.5309],[109.2426,-7.5308],[109.2423,-7.5306],[109.2421,-7.5303],[109.2419,-7.5302],[109.2417,-7.5299],[109.2415,-7.5294],[109.2413,-7.5291],[109.2411,-7.5289],[109.2406,-7.528],[109.2407,-7.5276],[109.2407,-7.5273],[109.2409,-7.5267],[109.2413,-7.5263],[109.2416,-7.5259],[109.2417,-7.5257],[109.2418,-7.5254],[109.2418,-7.5252],[109.2419,-7.5247],[109.242,-7.5244],[109.242,-7.5233],[109.2418,-7.5226],[109.2417,-7.5217],[109.2415,-7.5211],[109.2411,-7.5206],[109.2405,-7.52],[109.2397,-7.5194],[109.2393,-7.5192],[109.2386,-7.519],[109.2382,-7.5188],[109.2378,-7.5185],[109.2374,-7.5184],[109.2369,-7.518],[109.2367,-7.5178],[109.2364,-7.5176],[109.2363,-7.5173],[109.2363,-7.5155],[109.2362,-7.515],[109.2363,-7.5146],[109.2365,-7.5144],[109.2368,-7.5136],[109.2368,-7.5134],[109.2362,-7.5125],[109.2361,-7.5123],[109.2361,-7.5118],[109.2365,-7.5112],[109.237,-7.5107],[109.2372,-7.5104],[109.2374,-7.5103],[109.2374,-7.5092],[109.2372,-7.5084],[109.2375,-7.5078],[109.2377,-7.5076],[109.2382,-7.5069],[109.2383,-7.5065],[109.2385,-7.5061],[109.2385,-7.5058],[109.2381,-7.505],[109.2379,-7.5047],[109.2378,-7.5044],[109.2376,-7.5042],[109.2372,-7.5039],[109.237,-7.5034],[109.2369,-7.503],[109.2369,-7.5027],[109.2368,-7.5022],[109.2369,-7.5017],[109.2368,-7.5014],[109.2365,-7.5011],[109.2364,-7.5008],[109.2365,-7.5],[109.2363,-7.4997],[109.2363,-7.499],[109.2355,-7.4986],[109.2354,-7.4985],[109.2353,-7.4982],[109.2349,-7.4974],[109.2347,-7.4968],[109.2341,-7.4962],[109.2338,-7.4961],[109.2339,-7.496],[109.2341,-7.496],[109.235,-7.4956],[109.2355,-7.4951],[109.237,-7.4932],[109.2383,-7.4931],[109.2408,-7.493],[109.2412,-7.4932],[109.2418,-7.4933],[109.2433,-7.4941],[109.2448,-7.4952],[109.2466,-7.4967],[109.2499,-7.5],[109.25,-7.5],[109.25,-7.5001],[109.251,-7.5005],[109.2525,-7.5008],[109.2536,-7.5011],[109.2569,-7.5021],[109.2584,-7.5027],[109.2592,-7.5032],[109.26,-7.5043],[109.2604,-7.5065],[109.261,-7.5084],[109.2615,-7.5105],[109.2619,-7.5113],[109.2634,-7.5125],[109.2667,-7.5133],[109.2681,-7.5131],[109.2687,-7.5129],[109.2697,-7.5122],[109.2708,-7.5115],[109.2722,-7.51],[109.273,-7.5093],[109.2738,-7.509],[109.2739,-7.509],[109.274,-7.5089],[109.2761,-7.5081],[109.2771,-7.5079],[109.2779,-7.5081],[109.2789,-7.5082],[109.2803,-7.5084],[109.2822,-7.5089],[109.2837,-7.5092],[109.2848,-7.5096],[109.2856,-7.5098],[109.2866,-7.5098],[109.2886,-7.5095],[109.2906,-7.5093],[109.2921,-7.5091],[109.2937,-7.5088],[109.2962,-7.5088],[109.2977,-7.5091],[109.2988,-7.5096],[109.2997,-7.5103],[109.3003,-7.5113],[109.3012,-7.5139],[109.3019,-7.5162],[109.3023,-7.5169],[109.303,-7.5173],[109.3031,-7.5176],[109.3032,-7.5185],[109.3035,-7.5197],[109.3039,-7.521],[109.3043,-7.5218],[109.3044,-7.5221],[109.3047,-7.5227],[109.3049,-7.5232],[109.3061,-7.5251],[109.3076,-7.5266],[109.3078,-7.5267],[109.308,-7.5269],[109.3083,-7.527],[109.3088,-7.5271],[109.3097,-7.5279],[109.3097,-7.5282],[109.3099,-7.5287],[109.3099,-7.5292],[109.3098,-7.5301],[109.3098,-7.5319],[109.31,-7.5335],[109.3102,-7.5347],[109.3102,-7.5357],[109.3099,-7.5363],[109.3092,-7.5371],[109.3085,-7.5377],[109.3081,-7.5389],[109.3075,-7.5404],[109.3069,-7.5417],[109.3061,-7.5431],[109.3043,-7.5459],[109.3047,-7.5477],[109.3057,-7.5498],[109.3059,-7.5506],[109.3066,-7.5518],[109.3079,-7.5533],[109.3085,-7.5548],[109.3063,-7.5546],[109.3044,-7.5541],[109.3034,-7.5539],[109.3026,-7.5538],[109.3005,-7.5536],[109.2988,-7.5536],[109.2995,-7.5548],[109.3004,-7.5556],[109.3009,-7.5563],[109.3013,-7.5569],[109.3018,-7.5578],[109.3022,-7.5586],[109.3025,-7.5593],[109.3027,-7.5602],[109.3028,-7.5612],[109.3029,-7.5616],[109.3028,-7.5616],[109.3016,-7.5622],[109.3005,-7.5628],[109.3001,-7.5631],[109.2997,-7.5635],[109.2995,-7.5636],[109.2988,-7.5636],[109.2986,-7.5638],[109.2985,-7.5643],[109.2968,-7.5651],[109.2965,-7.5649],[109.296,-7.5651],[109.2935,-7.5651],[109.2933,-7.5648],[109.2928,-7.5649],[109.2923,-7.5644],[109.2928,-7.564],[109.2928,-7.5637],[109.2921,-7.5633],[109.2919,-7.5631],[109.2916,-7.5631],[109.2914,-7.5633],[109.2911,-7.5635],[109.2909,-7.5637],[109.2908,-7.564],[109.2906,-7.5639],[109.2905,-7.5638],[109.29,-7.5636],[109.2897,-7.5637],[109.2896,-7.5637],[109.2896,-7.5634],[109.2895,-7.5633],[109.2892,-7.5634],[109.2891,-7.5634],[109.2889,-7.5635],[109.2889,-7.5636],[109.2888,-7.5637],[109.2887,-7.5639],[109.2886,-7.5639],[109.2885,-7.564],[109.2883,-7.564],[109.2882,-7.5642],[109.2882,-7.5643],[109.2876,-7.5649],[109.2866,-7.5649],[109.2843,-7.5648],[109.2803,-7.5639],[109.2797,-7.5637],[109.2793,-7.564],[109.2792,-7.5638],[109.2777,-7.5631],[109.2753,-7.5622],[109.2734,-7.5613],[109.2704,-7.5598],[109.2698,-7.5596],[109.2683,-7.5593],[109.2667,-7.5589],[109.2653,-7.5586],[109.2631,-7.5586],[109.2608,-7.5585],[109.2593,-7.5582],[109.258,-7.5577],[109.2555,-7.5559],[109.2541,-7.5545],[109.2533,-7.5539],[109.2522,-7.5529],[109.2512,-7.5521],[109.2505,-7.5514]]]]}},{"type":"Feature","id":"ADMINISTRASI_AR_KECAMATAN_10K_2023.3","properties":{"id":"33.02.22","name":"Baturraden","fcode":"BA03070040","luasWilayahHa":4576.76183704374,"kdpkab":"33.02","wadmkc":"Baturraden","metadata":"TASWIL1000020230928_DATA_BATAS_DESAKELURAHAN","sumber":"Geoportal Palapa Kabupaten Banyumas (WFS 10K 2023)"},"geometry":{"type":"MultiPolygon","coordinates":[[[[109.2219,-7.2602],[109.2224,-7.2606],[109.2242,-7.2617],[109.2244,-7.2621],[109.2245,-7.2622],[109.2245,-7.2623],[109.2246,-7.2624],[109.2247,-7.2626],[109.2249,-7.2628],[109.2249,-7.2629],[109.225,-7.263],[109.2251,-7.263],[109.2254,-7.2633],[109.2256,-7.2634],[109.2256,-7.2635],[109.2257,-7.2636],[109.2258,-7.2638],[109.226,-7.2639],[109.2261,-7.2641],[109.2264,-7.2644],[109.2266,-7.2647],[109.227,-7.2649],[109.2271,-7.265],[109.2273,-7.2651],[109.2274,-7.2651],[109.2285,-7.2662],[109.2285,-7.2663],[109.2286,-7.2664],[109.2288,-7.2665],[109.2288,-7.2666],[109.229,-7.2667],[109.2292,-7.2669],[109.2294,-7.267],[109.2296,-7.2672],[109.2298,-7.2672],[109.23,-7.2673],[109.2305,-7.2678],[109.2306,-7.268],[109.2308,-7.2681],[109.2311,-7.2686],[109.2313,-7.2687],[109.2314,-7.2689],[109.2317,-7.2692],[109.2318,-7.2692],[109.2319,-7.2694],[109.2321,-7.2695],[109.2328,-7.2702],[109.233,-7.2703],[109.2333,-7.2708],[109.2334,-7.2709],[109.2337,-7.2715],[109.2337,-7.2717],[109.2338,-7.2719],[109.2338,-7.2722],[109.234,-7.2728],[109.234,-7.2732],[109.2342,-7.2737],[109.2348,-7.2748],[109.2353,-7.2759],[109.2355,-7.2765],[109.2355,-7.2766],[109.2357,-7.2769],[109.2358,-7.2772],[109.236,-7.278],[109.2361,-7.2781],[109.2363,-7.2786],[109.2365,-7.2788],[109.2366,-7.279],[109.237,-7.2794],[109.237,-7.2795],[109.2372,-7.2798],[109.2373,-7.2799],[109.2374,-7.2801],[109.2374,-7.2803],[109.2376,-7.2808],[109.238,-7.2814],[109.2381,-7.2818],[109.2385,-7.2826],[109.2389,-7.283],[109.2391,-7.2834],[109.2392,-7.2835],[109.2393,-7.2839],[109.2394,-7.2841],[109.2394,-7.2843],[109.2395,-7.2844],[109.2395,-7.285],[109.2397,-7.2857],[109.2397,-7.2861],[109.2398,-7.2865],[109.24,-7.2868],[109.2401,-7.2872],[109.2403,-7.2877],[109.2406,-7.2881],[109.241,-7.2887],[109.2411,-7.2889],[109.2412,-7.2894],[109.2412,-7.2904],[109.2413,-7.2911],[109.2415,-7.2913],[109.2416,-7.2915],[109.242,-7.2919],[109.2428,-7.2925],[109.243,-7.2927],[109.2432,-7.293],[109.2434,-7.2936],[109.2434,-7.2945],[109.2436,-7.2947],[109.2438,-7.2952],[109.2439,-7.2958],[109.2439,-7.2972],[109.2438,-7.2975],[109.2436,-7.2986],[109.2435,-7.2989],[109.2434,-7.2994],[109.2434,-7.2999],[109.2433,-7.3007],[109.2433,-7.3009],[109.2434,-7.3012],[109.2436,-7.3016],[109.2438,-7.3022],[109.2438,-7.3029],[109.2434,-7.3041],[109.2433,-7.3041],[109.2429,-7.3044],[109.2426,-7.306],[109.2423,-7.3068],[109.2423,-7.307],[109.2428,-7.3076],[109.243,-7.3081],[109.243,-7.3087],[109.2423,-7.3095],[109.2422,-7.3095],[109.242,-7.3099],[109.242,-7.3101],[109.2422,-7.311],[109.2425,-7.3117],[109.2425,-7.312],[109.2428,-7.3131],[109.2429,-7.3133],[109.243,-7.3137],[109.2431,-7.3142],[109.2431,-7.315],[109.2432,-7.3151],[109.2433,-7.3154],[109.2435,-7.3158],[109.2435,-7.3159],[109.2436,-7.3159],[109.2436,-7.316],[109.2437,-7.3162],[109.2438,-7.3168],[109.2438,-7.3179],[109.2432,-7.3185],[109.2429,-7.319],[109.2423,-7.3194],[109.2421,-7.3196],[109.242,-7.3198],[109.242,-7.3199],[109.2421,-7.3202],[109.2427,-7.3209],[109.2422,-7.3214],[109.2425,-7.3217],[109.2428,-7.3219],[109.243,-7.3219],[109.2433,-7.322],[109.2436,-7.3222],[109.2437,-7.3224],[109.2433,-7.3227],[109.2433,-7.323],[109.2434,-7.3233],[109.2434,-7.3237],[109.2432,-7.3238],[109.2429,-7.3242],[109.2429,-7.3244],[109.243,-7.3245],[109.243,-7.3247],[109.2431,-7.3249],[109.2431,-7.3252],[109.2432,-7.3254],[109.2433,-7.3255],[109.244,-7.3259],[109.2443,-7.3263],[109.2444,-7.3265],[109.2445,-7.3271],[109.2445,-7.3279],[109.2447,-7.3281],[109.2448,-7.3285],[109.2449,-7.3287],[109.2449,-7.3296],[109.2447,-7.3297],[109.2443,-7.3302],[109.2439,-7.3312],[109.2435,-7.3324],[109.2429,-7.3329],[109.2428,-7.3331],[109.2428,-7.3333],[109.2426,-7.334],[109.242,-7.3345],[109.242,-7.3348],[109.2421,-7.3353],[109.2423,-7.3357],[109.2423,-7.3361],[109.2422,-7.3363],[109.2418,-7.3367],[109.2416,-7.3371],[109.2417,-7.3381],[109.2414,-7.3389],[109.2414,-7.3392],[109.2416,-7.3392],[109.2418,-7.3394],[109.242,-7.3395],[109.242,-7.3405],[109.2421,-7.3407],[109.2421,-7.3408],[109.2423,-7.3412],[109.2423,-7.3414],[109.2424,-7.3419],[109.2432,-7.3439],[109.2433,-7.3443],[109.2433,-7.345],[109.2434,-7.3453],[109.2435,-7.3454],[109.2435,-7.3457],[109.2437,-7.3459],[109.2437,-7.3462],[109.2432,-7.3473],[109.2434,-7.3483],[109.2434,-7.3486],[109.2433,-7.349],[109.2433,-7.3493],[109.2432,-7.35],[109.2432,-7.3504],[109.2433,-7.3509],[109.2431,-7.3517],[109.2426,-7.3523],[109.2419,-7.3534],[109.241,-7.3539],[109.2406,-7.3542],[109.2404,-7.3552],[109.2404,-7.3561],[109.2402,-7.3572],[109.2403,-7.3578],[109.2403,-7.3587],[109.2404,-7.3587],[109.2405,-7.3595],[109.2405,-7.3598],[109.2404,-7.36],[109.2403,-7.3601],[109.2399,-7.3604],[109.2396,-7.3609],[109.2397,-7.361],[109.2398,-7.3612],[109.2399,-7.3613],[109.2401,-7.3613],[109.2405,-7.361],[109.2406,-7.361],[109.2406,-7.362],[109.2408,-7.3622],[109.2413,-7.3626],[109.2415,-7.363],[109.2417,-7.3636],[109.2419,-7.3639],[109.2421,-7.3639],[109.2422,-7.3637],[109.2425,-7.3633],[109.2428,-7.363],[109.243,-7.363],[109.2431,-7.3631],[109.2432,-7.3631],[109.2433,-7.3632],[109.2435,-7.3636],[109.2435,-7.3639],[109.2436,-7.3645],[109.2436,-7.3653],[109.2437,-7.3654],[109.2437,-7.3655],[109.2438,-7.3656],[109.2438,-7.3663],[109.2439,-7.3664],[109.2439,-7.3665],[109.2444,-7.3665],[109.2445,-7.3666],[109.245,-7.3668],[109.2451,-7.3669],[109.2449,-7.3671],[109.2447,-7.3672],[109.2445,-7.3672],[109.2439,-7.3673],[109.2438,-7.3674],[109.2438,-7.3687],[109.2437,-7.369],[109.2437,-7.37],[109.2439,-7.3705],[109.2444,-7.3714],[109.2445,-7.3717],[109.2445,-7.372],[109.2443,-7.3725],[109.2442,-7.3726],[109.2437,-7.3728],[109.2435,-7.3733],[109.2434,-7.3734],[109.2434,-7.3737],[109.2433,-7.3741],[109.2433,-7.3744],[109.2434,-7.3745],[109.2434,-7.3747],[109.2435,-7.3748],[109.2443,-7.3751],[109.2445,-7.3753],[109.2445,-7.3756],[109.2444,-7.376],[109.2444,-7.3764],[109.2445,-7.3766],[109.2446,-7.377],[109.2447,-7.3771],[109.245,-7.3779],[109.2453,-7.3784],[109.2456,-7.3791],[109.2459,-7.3796],[109.2459,-7.3799],[109.246,-7.38],[109.2459,-7.3802],[109.2458,-7.3809],[109.2458,-7.3824],[109.2459,-7.3829],[109.2447,-7.3827],[109.2437,-7.3828],[109.2418,-7.3827],[109.2398,-7.3825],[109.2388,-7.3825],[109.2374,-7.3828],[109.2374,-7.3832],[109.2373,-7.3833],[109.2373,-7.3834],[109.2372,-7.3835],[109.2371,-7.3838],[109.2369,-7.3841],[109.2367,-7.3848],[109.2368,-7.3851],[109.2368,-7.3859],[109.2369,-7.3862],[109.2371,-7.3866],[109.2371,-7.3867],[109.2372,-7.387],[109.2372,-7.3877],[109.2371,-7.388],[109.2372,-7.3891],[109.2374,-7.3897],[109.2374,-7.3903],[109.2375,-7.3905],[109.2376,-7.3906],[109.2369,-7.3909],[109.2358,-7.3909],[109.2357,-7.3911],[109.2357,-7.3912],[109.2354,-7.3912],[109.2353,-7.3914],[109.2351,-7.3916],[109.235,-7.3915],[109.2351,-7.3917],[109.2352,-7.3922],[109.2352,-7.3926],[109.2351,-7.3933],[109.2352,-7.3939],[109.2352,-7.3941],[109.2353,-7.3944],[109.2353,-7.3946],[109.2351,-7.3958],[109.2349,-7.3965],[109.2346,-7.3972],[109.2345,-7.3979],[109.2345,-7.3984],[109.2341,-7.3983],[109.2337,-7.3981],[109.2332,-7.398],[109.2331,-7.3979],[109.2329,-7.3979],[109.2326,-7.3977],[109.2321,-7.3975],[109.2314,-7.3971],[109.2301,-7.3967],[109.2295,-7.3964],[109.2289,-7.3963],[109.2279,-7.3963],[109.2256,-7.3967],[109.2256,-7.3958],[109.2254,-7.3949],[109.2255,-7.3944],[109.2255,-7.3937],[109.2257,-7.3931],[109.2259,-7.3927],[109.2269,-7.392],[109.2269,-7.3917],[109.227,-7.3912],[109.2269,-7.3907],[109.2267,-7.3902],[109.2266,-7.3899],[109.2266,-7.3898],[109.2264,-7.3893],[109.2262,-7.389],[109.226,-7.3888],[109.2258,-7.3885],[109.2258,-7.388],[109.2259,-7.3878],[109.2259,-7.3875],[109.2257,-7.3871],[109.2254,-7.3869],[109.225,-7.3859],[109.2249,-7.3851],[109.2248,-7.3847],[109.2248,-7.3841],[109.225,-7.3832],[109.225,-7.3822],[109.2249,-7.3819],[109.2248,-7.3817],[109.2247,-7.3816],[109.2244,-7.381],[109.2244,-7.3806],[109.2245,-7.3802],[109.2248,-7.3797],[109.225,-7.3795],[109.2254,-7.3793],[109.2258,-7.3794],[109.2268,-7.3798],[109.2273,-7.3797],[109.2276,-7.3795],[109.2278,-7.3793],[109.2279,-7.379],[109.2278,-7.3784],[109.2273,-7.378],[109.2269,-7.3779],[109.2262,-7.3779],[109.2259,-7.378],[109.2257,-7.378],[109.2254,-7.3779],[109.2253,-7.3778],[109.2251,-7.3775],[109.2249,-7.377],[109.2247,-7.3763],[109.2244,-7.3758],[109.224,-7.3754],[109.2234,-7.375],[109.2235,-7.375],[109.2231,-7.3746],[109.223,-7.3742],[109.2229,-7.3741],[109.2229,-7.3737],[109.2231,-7.3734],[109.2231,-7.373],[109.2229,-7.3728],[109.2219,-7.3723],[109.2219,-7.3721],[109.2222,-7.372],[109.2229,-7.3715],[109.2231,-7.3711],[109.2229,-7.3711],[109.2225,-7.371],[109.222,-7.3711],[109.2213,-7.3709],[109.2212,-7.3708],[109.2211,-7.3706],[109.2212,-7.3703],[109.2216,-7.3697],[109.2216,-7.3695],[109.2215,-7.3692],[109.2213,-7.369],[109.2213,-7.368],[109.221,-7.3679],[109.2207,-7.368],[109.2203,-7.368],[109.2201,-7.3679],[109.2201,-7.3678],[109.2205,-7.3671],[109.2205,-7.3666],[109.2204,-7.3663],[109.2204,-7.3659],[109.2199,-7.3647],[109.2199,-7.3645],[109.2198,-7.3641],[109.2201,-7.363],[109.2201,-7.3623],[109.2199,-7.3615],[109.2197,-7.3611],[109.2197,-7.3604],[109.2199,-7.36],[109.22,-7.3599],[109.2205,-7.3597],[109.222,-7.3594],[109.2222,-7.3593],[109.2222,-7.359],[109.2219,-7.3587],[109.2216,-7.3585],[109.2215,-7.3582],[109.2219,-7.3572],[109.2222,-7.357],[109.2224,-7.3566],[109.2228,-7.3564],[109.2231,-7.3562],[109.2233,-7.356],[109.2236,-7.355],[109.2235,-7.3547],[109.2235,-7.3545],[109.2233,-7.3544],[109.2223,-7.3536],[109.2219,-7.3532],[109.2215,-7.3527],[109.2212,-7.3522],[109.2212,-7.3519],[109.2211,-7.3515],[109.2212,-7.3512],[109.2214,-7.3509],[109.2217,-7.3507],[109.2229,-7.3507],[109.2229,-7.3506],[109.223,-7.3505],[109.223,-7.35],[109.2228,-7.3497],[109.2226,-7.3495],[109.2222,-7.3494],[109.2218,-7.3492],[109.2217,-7.349],[109.2215,-7.3488],[109.2213,-7.3481],[109.2213,-7.347],[109.2208,-7.3468],[109.2204,-7.3468],[109.2199,-7.3469],[109.2198,-7.3468],[109.2198,-7.3455],[109.2196,-7.3452],[109.2193,-7.345],[109.2189,-7.3448],[109.2184,-7.3446],[109.2183,-7.3444],[109.2184,-7.3442],[109.2189,-7.3437],[109.2193,-7.3435],[109.2195,-7.3431],[109.2195,-7.3428],[109.2196,-7.3425],[109.2196,-7.3422],[109.2199,-7.3415],[109.2199,-7.3411],[109.22,-7.3408],[109.22,-7.34],[109.2198,-7.3394],[109.2198,-7.3392],[109.2199,-7.339],[109.2201,-7.3384],[109.2203,-7.3376],[109.2205,-7.3366],[109.2205,-7.3363],[109.2206,-7.3361],[109.2204,-7.3356],[109.2199,-7.3349],[109.2199,-7.3343],[109.22,-7.3342],[109.2202,-7.3339],[109.2205,-7.3336],[109.2207,-7.3332],[109.221,-7.3329],[109.2212,-7.3325],[109.2219,-7.3316],[109.2217,-7.3314],[109.2215,-7.3314],[109.2213,-7.3315],[109.221,-7.332],[109.2207,-7.3323],[109.2206,-7.3323],[109.2206,-7.3318],[109.2207,-7.3316],[109.2207,-7.3314],[109.2202,-7.3309],[109.2201,-7.3306],[109.22,-7.3305],[109.2201,-7.3304],[109.2207,-7.3301],[109.2209,-7.3301],[109.2212,-7.3302],[109.2215,-7.3302],[109.2216,-7.3301],[109.2216,-7.3295],[109.2217,-7.3292],[109.2216,-7.3287],[109.2212,-7.3272],[109.2207,-7.3264],[109.2206,-7.3263],[109.2206,-7.3262],[109.2205,-7.326],[109.2203,-7.3258],[109.2199,-7.3257],[109.2194,-7.3255],[109.2188,-7.3252],[109.2187,-7.3253],[109.2186,-7.3253],[109.2186,-7.3255],[109.2183,-7.3253],[109.2181,-7.3251],[109.2178,-7.3246],[109.2178,-7.3244],[109.2176,-7.324],[109.2172,-7.3228],[109.2172,-7.3226],[109.2174,-7.322],[109.2173,-7.3217],[109.2169,-7.3214],[109.2162,-7.321],[109.2161,-7.3209],[109.216,-7.3209],[109.2157,-7.3207],[109.2154,-7.3207],[109.215,-7.3206],[109.2147,-7.3207],[109.2135,-7.3208],[109.2129,-7.321],[109.2128,-7.3211],[109.2126,-7.3211],[109.2125,-7.321],[109.2124,-7.321],[109.2122,-7.3212],[109.2121,-7.3217],[109.2121,-7.3219],[109.2115,-7.3222],[109.211,-7.322],[109.2109,-7.322],[109.2108,-7.3221],[109.2106,-7.3222],[109.2105,-7.3223],[109.2102,-7.3228],[109.2102,-7.3229],[109.2097,-7.322],[109.2094,-7.3216],[109.2089,-7.3207],[109.2088,-7.3202],[109.2086,-7.3196],[109.2084,-7.3186],[109.2084,-7.3177],[109.2086,-7.317],[109.2088,-7.3167],[109.209,-7.3163],[109.2092,-7.3158],[109.2095,-7.3154],[109.2097,-7.3149],[109.2101,-7.3141],[109.21,-7.314],[109.2101,-7.3137],[109.2103,-7.3134],[109.2106,-7.3132],[109.2108,-7.3129],[109.2109,-7.3127],[109.2109,-7.3124],[109.2108,-7.3123],[109.2103,-7.3123],[109.21,-7.3122],[109.2098,-7.3121],[109.2096,-7.3118],[109.2095,-7.3116],[109.2097,-7.311],[109.2097,-7.3108],[109.2095,-7.3105],[109.2093,-7.3101],[109.209,-7.3098],[109.2087,-7.3089],[109.2089,-7.3085],[109.209,-7.308],[109.2088,-7.3073],[109.2087,-7.3068],[109.2087,-7.3066],[109.2088,-7.3063],[109.2088,-7.3061],[109.2086,-7.3051],[109.2086,-7.3047],[109.2087,-7.3042],[109.2088,-7.3039],[109.2087,-7.3035],[109.2087,-7.3033],[109.2086,-7.303],[109.2086,-7.3023],[109.2085,-7.3022],[109.2086,-7.302],[109.2086,-7.3011],[109.2085,-7.301],[109.2084,-7.3007],[109.2082,-7.3003],[109.2075,-7.2996],[109.2075,-7.2995],[109.2071,-7.2991],[109.207,-7.2989],[109.2069,-7.2989],[109.2069,-7.2983],[109.2071,-7.2978],[109.2071,-7.2976],[109.2073,-7.2975],[109.2073,-7.2973],[109.2074,-7.2973],[109.2075,-7.297],[109.2077,-7.2966],[109.2078,-7.2965],[109.2078,-7.2963],[109.2079,-7.2963],[109.2079,-7.2962],[109.2076,-7.2958],[109.2071,-7.2953],[109.207,-7.2949],[109.2069,-7.2948],[109.2068,-7.2944],[109.207,-7.2942],[109.2071,-7.2937],[109.207,-7.2933],[109.207,-7.2927],[109.2072,-7.2921],[109.2072,-7.2919],[109.2074,-7.2914],[109.2075,-7.2913],[109.2077,-7.2912],[109.2081,-7.2908],[109.2081,-7.2904],[109.2078,-7.2893],[109.2076,-7.2889],[109.2074,-7.2888],[109.2065,-7.2879],[109.2062,-7.2874],[109.206,-7.2865],[109.206,-7.286],[109.2059,-7.2859],[109.2059,-7.2858],[109.2058,-7.2857],[109.2058,-7.2856],[109.2055,-7.2853],[109.2053,-7.2849],[109.2052,-7.2848],[109.2052,-7.2845],[109.2051,-7.2844],[109.2051,-7.2837],[109.2052,-7.2835],[109.2052,-7.283],[109.2053,-7.2827],[109.2053,-7.2825],[109.2055,-7.2821],[109.2055,-7.2819],[109.2052,-7.2808],[109.2055,-7.2801],[109.2055,-7.2795],[109.2053,-7.279],[109.2052,-7.2786],[109.2051,-7.2784],[109.205,-7.2783],[109.205,-7.2782],[109.2049,-7.2781],[109.2047,-7.278],[109.2039,-7.2772],[109.2038,-7.277],[109.2036,-7.2768],[109.2034,-7.2764],[109.203,-7.2761],[109.203,-7.276],[109.2029,-7.2758],[109.2026,-7.2754],[109.2024,-7.2749],[109.202,-7.2744],[109.2017,-7.2737],[109.2014,-7.2733],[109.2012,-7.2731],[109.2012,-7.273],[109.2011,-7.2728],[109.201,-7.2728],[109.2009,-7.2724],[109.2008,-7.2722],[109.2008,-7.272],[109.2007,-7.2718],[109.2007,-7.2714],[109.2006,-7.271],[109.2006,-7.2707],[109.2012,-7.2699],[109.2011,-7.2699],[109.2011,-7.2698],[109.2009,-7.2695],[109.2009,-7.2689],[109.2008,-7.2688],[109.2009,-7.2687],[109.2008,-7.2687],[109.2008,-7.2683],[109.2006,-7.2678],[109.2006,-7.2676],[109.2004,-7.2674],[109.2004,-7.2671],[109.2002,-7.2668],[109.1999,-7.2657],[109.1999,-7.2638],[109.1998,-7.2633],[109.1998,-7.2624],[109.1996,-7.2608],[109.1992,-7.26],[109.199,-7.2594],[109.1983,-7.2584],[109.1979,-7.2581],[109.1977,-7.2576],[109.1975,-7.2572],[109.1973,-7.2566],[109.197,-7.2559],[109.1969,-7.2553],[109.1963,-7.2541],[109.1962,-7.2536],[109.1959,-7.253],[109.1956,-7.252],[109.1953,-7.2512],[109.1952,-7.2508],[109.1956,-7.2505],[109.1962,-7.2502],[109.1969,-7.2498],[109.1969,-7.2497],[109.1971,-7.2497],[109.1972,-7.2496],[109.1974,-7.2496],[109.1975,-7.2495],[109.1978,-7.2495],[109.1978,-7.2494],[109.198,-7.2494],[109.1981,-7.2493],[109.1984,-7.2493],[109.1985,-7.2492],[109.1987,-7.2492],[109.1988,-7.2491],[109.1989,-7.2491],[109.199,-7.249],[109.1992,-7.249],[109.1993,-7.2489],[109.1995,-7.2489],[109.1995,-7.2488],[109.1997,-7.2488],[109.1998,-7.2487],[109.1999,-7.2487],[109.1999,-7.2486],[109.2001,-7.2486],[109.2002,-7.2485],[109.2003,-7.2485],[109.2004,-7.2484],[109.2005,-7.2484],[109.2005,-7.2483],[109.2007,-7.2483],[109.2007,-7.2482],[109.2008,-7.2482],[109.201,-7.2481],[109.2011,-7.2481],[109.2013,-7.2479],[109.2014,-7.2479],[109.2016,-7.2478],[109.202,-7.2474],[109.2021,-7.2474],[109.2025,-7.247],[109.2026,-7.247],[109.2027,-7.2469],[109.2028,-7.247],[109.2029,-7.2472],[109.2035,-7.2475],[109.2038,-7.2476],[109.2049,-7.2477],[109.2055,-7.2478],[109.2058,-7.2478],[109.206,-7.2479],[109.2069,-7.2481],[109.2089,-7.2481],[109.2099,-7.2478],[109.2102,-7.2479],[109.2104,-7.2479],[109.2106,-7.248],[109.2107,-7.248],[109.2108,-7.2481],[109.2112,-7.2483],[109.2116,-7.2483],[109.2118,-7.2484],[109.2126,-7.2484],[109.2135,-7.2482],[109.2151,-7.2486],[109.2152,-7.2487],[109.2155,-7.2487],[109.2159,-7.2488],[109.2164,-7.2488],[109.2166,-7.2489],[109.2167,-7.2489],[109.2167,-7.2516],[109.2168,-7.2518],[109.2168,-7.2523],[109.2169,-7.2524],[109.2169,-7.2527],[109.2171,-7.2529],[109.2171,-7.2531],[109.2173,-7.2533],[109.2174,-7.2536],[109.2174,-7.2538],[109.2175,-7.254],[109.2175,-7.2544],[109.2181,-7.2552],[109.2183,-7.2557],[109.2188,-7.2567],[109.2191,-7.2571],[109.2193,-7.2575],[109.2196,-7.2579],[109.22,-7.2584],[109.2205,-7.2588],[109.221,-7.2593],[109.2215,-7.2597],[109.2219,-7.2602]]]]}},{"type":"Feature","id":"ADMINISTRASI_AR_KECAMATAN_10K_2023.4","properties":{"id":"33.02.17","name":"Cilongok","fcode":"BA03070040","luasWilayahHa":13600.35580415339,"kdpkab":"33.02","wadmkc":"Cilongok","metadata":"TASWIL1000020230928_DATA_BATAS_DESAKELURAHAN","sumber":"Geoportal Palapa Kabupaten Banyumas (WFS 10K 2023)"},"geometry":{"type":"MultiPolygon","coordinates":[[[[109.1795,-7.4409],[109.1797,-7.441],[109.1797,-7.4414],[109.1798,-7.4414],[109.1798,-7.4412],[109.1799,-7.4411],[109.1799,-7.441],[109.1801,-7.4408],[109.1802,-7.4408],[109.1803,-7.441],[109.1804,-7.4411],[109.1813,-7.4411],[109.1812,-7.4412],[109.1812,-7.4415],[109.1813,-7.4415],[109.1814,-7.4416],[109.1814,-7.4418],[109.1817,-7.4418],[109.1818,-7.442],[109.1823,-7.4423],[109.1824,-7.4423],[109.1826,-7.4424],[109.1824,-7.4428],[109.1827,-7.4428],[109.1827,-7.4429],[109.1828,-7.4429],[109.1828,-7.443],[109.1831,-7.443],[109.1831,-7.4433],[109.183,-7.4434],[109.183,-7.4436],[109.1831,-7.4436],[109.1831,-7.4438],[109.1832,-7.4439],[109.1834,-7.4439],[109.1836,-7.4437],[109.1841,-7.4437],[109.1844,-7.444],[109.1847,-7.444],[109.1847,-7.4441],[109.1848,-7.4441],[109.1851,-7.4444],[109.1851,-7.4445],[109.1852,-7.4445],[109.1852,-7.4448],[109.1851,-7.4448],[109.1851,-7.445],[109.1852,-7.4451],[109.1852,-7.4456],[109.1853,-7.4456],[109.1853,-7.4459],[109.1854,-7.4459],[109.1854,-7.4461],[109.1855,-7.4461],[109.1855,-7.4468],[109.1857,-7.4468],[109.1857,-7.4469],[109.1858,-7.447],[109.1858,-7.4471],[109.1859,-7.4471],[109.1859,-7.4472],[109.186,-7.4473],[109.1861,-7.4473],[109.1862,-7.4474],[109.1862,-7.4475],[109.1863,-7.4475],[109.1863,-7.4477],[109.1864,-7.4477],[109.1864,-7.4478],[109.1865,-7.4479],[109.1865,-7.4484],[109.1863,-7.4484],[109.1862,-7.4485],[109.1862,-7.4487],[109.1863,-7.4488],[109.1863,-7.449],[109.1864,-7.449],[109.1864,-7.4492],[109.1865,-7.4492],[109.1865,-7.4493],[109.1866,-7.4493],[109.1867,-7.4492],[109.1874,-7.4492],[109.1876,-7.4491],[109.1878,-7.4491],[109.1879,-7.4492],[109.1896,-7.4494],[109.1898,-7.4493],[109.1899,-7.4493],[109.1899,-7.4495],[109.19,-7.4496],[109.19,-7.4497],[109.1897,-7.4497],[109.1897,-7.4496],[109.1895,-7.4496],[109.1895,-7.4501],[109.1894,-7.4501],[109.1894,-7.4502],[109.1893,-7.4503],[109.1894,-7.4503],[109.1894,-7.4504],[109.1897,-7.4504],[109.1897,-7.4505],[109.1898,-7.4505],[109.1898,-7.4507],[109.1897,-7.4507],[109.1896,-7.4508],[109.1896,-7.451],[109.1898,-7.451],[109.1899,-7.4511],[109.1901,-7.4511],[109.1899,-7.4513],[109.1898,-7.4513],[109.1897,-7.4514],[109.1894,-7.4514],[109.1894,-7.4515],[109.1896,-7.4517],[109.1896,-7.452],[109.1895,-7.452],[109.1894,-7.4519],[109.1893,-7.4519],[109.1892,-7.452],[109.1891,-7.452],[109.1891,-7.4523],[109.1892,-7.4524],[109.1892,-7.4526],[109.1893,-7.4527],[109.1893,-7.4529],[109.1894,-7.4529],[109.1894,-7.453],[109.1893,-7.4531],[109.1893,-7.4535],[109.1895,-7.4537],[109.1894,-7.4537],[109.1894,-7.4539],[109.1892,-7.454],[109.1892,-7.4541],[109.1893,-7.4541],[109.1893,-7.4542],[109.1897,-7.4542],[109.1897,-7.4545],[109.1898,-7.4546],[109.1891,-7.455],[109.1887,-7.4553],[109.1879,-7.4557],[109.1875,-7.456],[109.1873,-7.456],[109.1868,-7.4562],[109.1863,-7.4563],[109.1858,-7.4563],[109.1857,-7.4564],[109.1857,-7.4565],[109.1854,-7.4565],[109.1851,-7.4566],[109.1849,-7.4566],[109.1843,-7.4579],[109.1842,-7.4579],[109.1841,-7.458],[109.1841,-7.4589],[109.184,-7.459],[109.1839,-7.4592],[109.1841,-7.4594],[109.1845,-7.4596],[109.1847,-7.4598],[109.185,-7.4601],[109.1851,-7.4603],[109.1851,-7.4604],[109.1847,-7.4611],[109.1843,-7.4613],[109.1841,-7.4613],[109.1839,-7.4617],[109.1839,-7.4619],[109.1838,-7.462],[109.1837,-7.4622],[109.1834,-7.4622],[109.1824,-7.4623],[109.1816,-7.4626],[109.1809,-7.4628],[109.1805,-7.4627],[109.1798,-7.4623],[109.1792,-7.4618],[109.1791,-7.4617],[109.179,-7.4615],[109.179,-7.4614],[109.1791,-7.4612],[109.1791,-7.4606],[109.179,-7.4605],[109.179,-7.4602],[109.1791,-7.46],[109.1792,-7.4599],[109.1796,-7.4597],[109.1801,-7.4595],[109.1803,-7.4593],[109.1803,-7.4591],[109.1802,-7.4591],[109.18,-7.459],[109.1793,-7.459],[109.1786,-7.4595],[109.1784,-7.4596],[109.1782,-7.4598],[109.1778,-7.46],[109.1776,-7.46],[109.1768,-7.4602],[109.1759,-7.4603],[109.1755,-7.4603],[109.175,-7.4604],[109.1741,-7.4605],[109.1739,-7.4604],[109.1736,-7.4604],[109.1735,-7.4603],[109.1733,-7.4602],[109.1731,-7.46],[109.1727,-7.4602],[109.1725,-7.4604],[109.1725,-7.4605],[109.1724,-7.4605],[109.1724,-7.4606],[109.1725,-7.4607],[109.1725,-7.4608],[109.1724,-7.4609],[109.1724,-7.461],[109.1715,-7.461],[109.1714,-7.4611],[109.1712,-7.4612],[109.1708,-7.4616],[109.1708,-7.4619],[109.1709,-7.462],[109.1709,-7.4621],[109.1708,-7.4622],[109.1708,-7.4623],[109.1707,-7.4624],[109.1705,-7.4624],[109.1702,-7.4627],[109.1702,-7.4628],[109.1703,-7.4628],[109.1703,-7.4629],[109.1704,-7.463],[109.1703,-7.4631],[109.1703,-7.4633],[109.1702,-7.4634],[109.1702,-7.4635],[109.1701,-7.4636],[109.1701,-7.4637],[109.17,-7.4638],[109.17,-7.464],[109.1701,-7.4642],[109.1702,-7.4643],[109.1702,-7.4644],[109.1703,-7.4645],[109.1703,-7.4649],[109.1702,-7.465],[109.1697,-7.4663],[109.1697,-7.4674],[109.1692,-7.4699],[109.1692,-7.4725],[109.169,-7.4741],[109.1687,-7.4752],[109.1689,-7.4758],[109.1686,-7.4784],[109.1674,-7.478],[109.1671,-7.4782],[109.1668,-7.4782],[109.1667,-7.4783],[109.1667,-7.4784],[109.1666,-7.4785],[109.1666,-7.4787],[109.1668,-7.4789],[109.1669,-7.4791],[109.1669,-7.4796],[109.1668,-7.4798],[109.1667,-7.4798],[109.1665,-7.4796],[109.1663,-7.4795],[109.1661,-7.4793],[109.1658,-7.4791],[109.1653,-7.479],[109.1648,-7.4788],[109.1645,-7.479],[109.1644,-7.479],[109.1643,-7.4791],[109.1642,-7.4791],[109.1642,-7.4793],[109.1641,-7.4794],[109.164,-7.4794],[109.1635,-7.4799],[109.1629,-7.4798],[109.1625,-7.4799],[109.1623,-7.4795],[109.1622,-7.4792],[109.1618,-7.4788],[109.1617,-7.4789],[109.1615,-7.4787],[109.1614,-7.4788],[109.1608,-7.4789],[109.1599,-7.4783],[109.1598,-7.4783],[109.1597,-7.4779],[109.1595,-7.4774],[109.1588,-7.4769],[109.1578,-7.4767],[109.157,-7.4768],[109.1568,-7.4772],[109.1566,-7.4772],[109.1566,-7.4773],[109.1564,-7.478],[109.1558,-7.4793],[109.1555,-7.4802],[109.155,-7.4819],[109.155,-7.482],[109.1546,-7.482],[109.1544,-7.4822],[109.1544,-7.4825],[109.1542,-7.483],[109.1541,-7.4827],[109.154,-7.4826],[109.154,-7.4825],[109.1538,-7.4821],[109.1538,-7.4818],[109.1539,-7.4815],[109.1539,-7.481],[109.1538,-7.4808],[109.1538,-7.4806],[109.1539,-7.4803],[109.1539,-7.4801],[109.1537,-7.4797],[109.1538,-7.4796],[109.1538,-7.4791],[109.1535,-7.4788],[109.1535,-7.4787],[109.1534,-7.4785],[109.1531,-7.478],[109.1522,-7.4776],[109.1514,-7.4772],[109.151,-7.4768],[109.1508,-7.4763],[109.1504,-7.4758],[109.1495,-7.4753],[109.1487,-7.4751],[109.1475,-7.4747],[109.1474,-7.4744],[109.1473,-7.4736],[109.1467,-7.4731],[109.1465,-7.4725],[109.1464,-7.4725],[109.1462,-7.4723],[109.1461,-7.4721],[109.1459,-7.4719],[109.1458,-7.4717],[109.1457,-7.4714],[109.1457,-7.4706],[109.1456,-7.4705],[109.1456,-7.4703],[109.1455,-7.47],[109.1451,-7.4696],[109.1452,-7.4695],[109.1452,-7.4689],[109.1454,-7.4687],[109.1455,-7.4685],[109.1459,-7.4682],[109.1458,-7.4681],[109.1459,-7.4681],[109.1459,-7.468],[109.146,-7.468],[109.146,-7.4681],[109.1461,-7.4681],[109.1462,-7.468],[109.1463,-7.468],[109.1463,-7.4678],[109.1464,-7.4677],[109.1465,-7.4677],[109.1466,-7.4678],[109.1468,-7.4676],[109.1468,-7.4671],[109.1469,-7.467],[109.1467,-7.4664],[109.1466,-7.4657],[109.1467,-7.4656],[109.1467,-7.4654],[109.1468,-7.4654],[109.1468,-7.4653],[109.1469,-7.4653],[109.1469,-7.4652],[109.147,-7.4651],[109.1471,-7.4649],[109.1471,-7.4648],[109.147,-7.4647],[109.147,-7.4645],[109.1472,-7.4644],[109.1473,-7.4643],[109.1473,-7.4638],[109.1474,-7.4637],[109.1474,-7.4635],[109.1473,-7.4634],[109.1473,-7.4633],[109.1474,-7.4633],[109.1474,-7.4632],[109.1475,-7.4632],[109.1475,-7.4631],[109.1474,-7.4629],[109.1471,-7.4628],[109.1468,-7.4625],[109.1465,-7.4623],[109.1465,-7.4622],[109.1464,-7.462],[109.1464,-7.4618],[109.1463,-7.4617],[109.1461,-7.4617],[109.1461,-7.4615],[109.1462,-7.4615],[109.1461,-7.4615],[109.1461,-7.4614],[109.1457,-7.4614],[109.1456,-7.4615],[109.1456,-7.4616],[109.1446,-7.4616],[109.1446,-7.4613],[109.1443,-7.4613],[109.1439,-7.4604],[109.1439,-7.4595],[109.1438,-7.4595],[109.1433,-7.4593],[109.1423,-7.4591],[109.1423,-7.459],[109.1421,-7.459],[109.1417,-7.4581],[109.1415,-7.4579],[109.1401,-7.457],[109.1392,-7.4566],[109.1355,-7.4556],[109.1346,-7.4557],[109.1258,-7.4556],[109.1258,-7.4552],[109.1257,-7.455],[109.125,-7.4531],[109.125,-7.4526],[109.1251,-7.4522],[109.1256,-7.4515],[109.126,-7.4513],[109.1261,-7.4512],[109.1261,-7.4509],[109.126,-7.4508],[109.1249,-7.4506],[109.1243,-7.4504],[109.1238,-7.4505],[109.1234,-7.4502],[109.1229,-7.4507],[109.1227,-7.4506],[109.1224,-7.4503],[109.1224,-7.4502],[109.1223,-7.4501],[109.1221,-7.4501],[109.122,-7.45],[109.1219,-7.45],[109.1218,-7.4499],[109.1218,-7.4498],[109.1216,-7.4496],[109.1216,-7.4495],[109.1213,-7.4492],[109.1208,-7.4489],[109.1206,-7.4487],[109.1204,-7.4486],[109.1203,-7.4481],[109.1202,-7.4479],[109.12,-7.4477],[109.1197,-7.4473],[109.1197,-7.4472],[109.1193,-7.4464],[109.1192,-7.4459],[109.119,-7.4454],[109.1188,-7.4447],[109.1187,-7.4445],[109.1191,-7.4422],[109.1191,-7.442],[109.1192,-7.4416],[109.119,-7.4412],[109.1189,-7.4409],[109.1186,-7.4408],[109.1186,-7.4402],[109.1181,-7.4399],[109.1181,-7.4397],[109.1184,-7.4392],[109.1185,-7.4391],[109.1185,-7.4389],[109.1184,-7.4388],[109.118,-7.4382],[109.1178,-7.4378],[109.1176,-7.4375],[109.1176,-7.4372],[109.1178,-7.437],[109.1179,-7.437],[109.1179,-7.4366],[109.118,-7.4364],[109.1185,-7.4356],[109.1187,-7.4354],[109.1189,-7.4354],[109.1189,-7.4349],[109.1186,-7.4349],[109.1186,-7.4348],[109.1185,-7.4346],[109.1183,-7.4346],[109.1182,-7.4345],[109.1182,-7.4344],[109.1183,-7.4343],[109.1183,-7.4341],[109.1182,-7.434],[109.1181,-7.4337],[109.118,-7.4336],[109.1181,-7.4335],[109.1181,-7.4334],[109.1182,-7.4333],[109.1182,-7.4331],[109.1181,-7.433],[109.1181,-7.4328],[109.1183,-7.4324],[109.1186,-7.4321],[109.1187,-7.4319],[109.1188,-7.4318],[109.1188,-7.4317],[109.1189,-7.4316],[109.1189,-7.4314],[109.119,-7.4313],[109.1189,-7.4312],[109.1189,-7.4311],[109.119,-7.431],[109.119,-7.4309],[109.1192,-7.4306],[109.1194,-7.4305],[109.1195,-7.4304],[109.1194,-7.4301],[109.1194,-7.4298],[109.1196,-7.4296],[109.1196,-7.429],[109.1195,-7.4288],[109.1195,-7.4287],[109.1196,-7.4277],[109.1196,-7.4266],[109.1197,-7.4263],[109.1197,-7.4262],[109.1198,-7.4262],[109.1204,-7.4259],[109.1205,-7.4259],[109.1205,-7.4256],[109.121,-7.4252],[109.1214,-7.4248],[109.1217,-7.4248],[109.1218,-7.4247],[109.122,-7.4242],[109.1221,-7.4241],[109.1221,-7.424],[109.1222,-7.424],[109.1222,-7.4234],[109.1224,-7.4232],[109.1224,-7.423],[109.1225,-7.4229],[109.1225,-7.4228],[109.1227,-7.4228],[109.1229,-7.4226],[109.1232,-7.4226],[109.1231,-7.4223],[109.1229,-7.4221],[109.1227,-7.4218],[109.1226,-7.4217],[109.1225,-7.4217],[109.1224,-7.4216],[109.1223,-7.4216],[109.1223,-7.421],[109.1222,-7.4209],[109.1222,-7.4206],[109.1221,-7.4206],[109.122,-7.4205],[109.1216,-7.4205],[109.1212,-7.4201],[109.1211,-7.4199],[109.1209,-7.4199],[109.1208,-7.4198],[109.1207,-7.4198],[109.1207,-7.4197],[109.1204,-7.4197],[109.1203,-7.4196],[109.1203,-7.4194],[109.1204,-7.4193],[109.1204,-7.419],[109.1203,-7.419],[109.1201,-7.4188],[109.1201,-7.4182],[109.1202,-7.4181],[109.1202,-7.4178],[109.1199,-7.4167],[109.1199,-7.4164],[109.1202,-7.4164],[109.1202,-7.4162],[109.12,-7.416],[109.1196,-7.4158],[109.1196,-7.4157],[109.1195,-7.4156],[109.1196,-7.4155],[109.1196,-7.4154],[109.1197,-7.4153],[109.1197,-7.4151],[109.1196,-7.4149],[109.1196,-7.4147],[109.1197,-7.4146],[109.1202,-7.4145],[109.1204,-7.4145],[109.1204,-7.4142],[109.1203,-7.4141],[109.1203,-7.4138],[109.1204,-7.4136],[109.1205,-7.4135],[109.1204,-7.4134],[109.1204,-7.4131],[109.1203,-7.413],[109.1201,-7.413],[109.12,-7.4129],[109.12,-7.4128],[109.1202,-7.4125],[109.1204,-7.4123],[109.1198,-7.4124],[109.1191,-7.4124],[109.1189,-7.4122],[109.1189,-7.4119],[109.1188,-7.4119],[109.1187,-7.4118],[109.1187,-7.4117],[109.1189,-7.4113],[109.1189,-7.4112],[109.1188,-7.4112],[109.1188,-7.4111],[109.1187,-7.411],[109.1187,-7.4107],[109.1188,-7.4106],[109.1188,-7.4102],[109.1189,-7.4102],[109.119,-7.4101],[109.1191,-7.4101],[109.1191,-7.4095],[109.1192,-7.4095],[109.1192,-7.4093],[109.119,-7.4091],[109.119,-7.409],[109.1191,-7.409],[109.1191,-7.4088],[109.119,-7.4087],[109.1186,-7.4087],[109.1186,-7.4085],[109.1185,-7.4085],[109.1184,-7.4084],[109.1184,-7.4081],[109.1185,-7.408],[109.1185,-7.4076],[109.1184,-7.4076],[109.1183,-7.4075],[109.1183,-7.4074],[109.1184,-7.4073],[109.1184,-7.4072],[109.1183,-7.4071],[109.1181,-7.4071],[109.118,-7.407],[109.118,-7.4068],[109.1179,-7.4067],[109.1178,-7.4067],[109.1178,-7.4065],[109.1179,-7.4064],[109.1179,-7.4056],[109.118,-7.4056],[109.118,-7.4052],[109.1183,-7.4051],[109.1185,-7.4049],[109.1185,-7.4048],[109.1186,-7.4046],[109.1188,-7.4045],[109.1188,-7.4041],[109.119,-7.4041],[109.119,-7.404],[109.1191,-7.404],[109.1192,-7.4039],[109.1192,-7.4038],[109.119,-7.4036],[109.119,-7.403],[109.1189,-7.4029],[109.1189,-7.4028],[109.119,-7.4028],[109.119,-7.4026],[109.1191,-7.4026],[109.1191,-7.4024],[109.1193,-7.4019],[109.1186,-7.4015],[109.1179,-7.401],[109.1172,-7.4008],[109.1148,-7.4],[109.1146,-7.4002],[109.1144,-7.4],[109.1141,-7.3998],[109.1136,-7.3996],[109.1133,-7.3995],[109.113,-7.3995],[109.1129,-7.3996],[109.1127,-7.3992],[109.112,-7.3994],[109.1113,-7.3995],[109.11,-7.3998],[109.1089,-7.4],[109.1083,-7.4002],[109.1081,-7.4],[109.1084,-7.3994],[109.1085,-7.3991],[109.1087,-7.3987],[109.1088,-7.3987],[109.109,-7.3985],[109.1095,-7.3985],[109.1096,-7.3984],[109.1095,-7.3981],[109.1095,-7.398],[109.11,-7.3979],[109.109,-7.3969],[109.1091,-7.3967],[109.1093,-7.3965],[109.1094,-7.3963],[109.1097,-7.396],[109.11,-7.3955],[109.1101,-7.3954],[109.1101,-7.3953],[109.1102,-7.3952],[109.1097,-7.3945],[109.1091,-7.3947],[109.1092,-7.3944],[109.1091,-7.3944],[109.1091,-7.3942],[109.1092,-7.3941],[109.109,-7.3939],[109.1091,-7.3935],[109.109,-7.3935],[109.109,-7.3928],[109.1089,-7.3927],[109.1089,-7.3919],[109.1087,-7.3915],[109.1087,-7.3914],[109.1085,-7.391],[109.1077,-7.391],[109.1076,-7.3909],[109.1075,-7.3909],[109.1074,-7.3908],[109.1074,-7.3905],[109.1073,-7.3905],[109.1072,-7.3907],[109.1071,-7.3907],[109.107,-7.3908],[109.1062,-7.3908],[109.106,-7.391],[109.106,-7.3911],[109.1058,-7.3911],[109.1057,-7.391],[109.1057,-7.3908],[109.1056,-7.3907],[109.1055,-7.3908],[109.1053,-7.3908],[109.1052,-7.3907],[109.1052,-7.3903],[109.1054,-7.3899],[109.1054,-7.3898],[109.1055,-7.3896],[109.1056,-7.3895],[109.1056,-7.3893],[109.1055,-7.3892],[109.1055,-7.3891],[109.1056,-7.3889],[109.1056,-7.3886],[109.1055,-7.3886],[109.1057,-7.3884],[109.1057,-7.3882],[109.1058,-7.3881],[109.1058,-7.3878],[109.1059,-7.3877],[109.1059,-7.3874],[109.1058,-7.3874],[109.1058,-7.3872],[109.1059,-7.3872],[109.1059,-7.3859],[109.1049,-7.3856],[109.1049,-7.3854],[109.105,-7.3853],[109.105,-7.3852],[109.1051,-7.3851],[109.1052,-7.3851],[109.1053,-7.385],[109.1053,-7.3848],[109.1055,-7.3846],[109.1056,-7.3846],[109.1056,-7.3845],[109.1057,-7.3845],[109.1057,-7.3836],[109.1056,-7.3835],[109.1056,-7.3834],[109.1055,-7.3833],[109.1054,-7.3827],[109.1052,-7.3827],[109.1052,-7.3826],[109.105,-7.3822],[109.105,-7.382],[109.1051,-7.3816],[109.1051,-7.3813],[109.1052,-7.3811],[109.1052,-7.3809],[109.1053,-7.3808],[109.1053,-7.3802],[109.1055,-7.38],[109.1056,-7.38],[109.1056,-7.3799],[109.1057,-7.3797],[109.1056,-7.3789],[109.106,-7.3785],[109.1068,-7.3785],[109.1073,-7.3779],[109.1073,-7.3773],[109.1074,-7.3773],[109.1074,-7.3772],[109.1072,-7.377],[109.1073,-7.3769],[109.1075,-7.3769],[109.1076,-7.377],[109.1077,-7.377],[109.1077,-7.3769],[109.1079,-7.3769],[109.1081,-7.3771],[109.1082,-7.377],[109.1083,-7.3771],[109.1085,-7.3767],[109.1086,-7.3767],[109.1089,-7.3764],[109.1091,-7.3763],[109.1097,-7.3763],[109.1098,-7.3762],[109.1098,-7.376],[109.1097,-7.3759],[109.1097,-7.3758],[109.1096,-7.3757],[109.1097,-7.3756],[109.1099,-7.3751],[109.1101,-7.3748],[109.1101,-7.3739],[109.11,-7.3738],[109.11,-7.3735],[109.1108,-7.3725],[109.111,-7.3721],[109.1115,-7.3715],[109.1119,-7.3696],[109.1122,-7.3685],[109.1122,-7.3682],[109.1126,-7.3627],[109.1128,-7.3628],[109.113,-7.3607],[109.1132,-7.3593],[109.1134,-7.3582],[109.1139,-7.3569],[109.1145,-7.357],[109.1149,-7.3559],[109.1153,-7.3538],[109.1163,-7.3525],[109.1164,-7.3523],[109.1176,-7.3509],[109.1184,-7.3497],[109.1188,-7.3497],[109.1191,-7.3478],[109.1201,-7.3457],[109.1204,-7.3443],[109.1208,-7.3429],[109.1221,-7.342],[109.123,-7.3403],[109.1232,-7.3382],[109.1239,-7.3357],[109.1255,-7.3344],[109.1263,-7.3339],[109.1275,-7.3318],[109.1296,-7.3285],[109.1304,-7.3273],[109.1304,-7.3267],[109.1302,-7.3245],[109.1292,-7.3208],[109.1282,-7.3183],[109.1266,-7.3162],[109.1254,-7.3139],[109.1248,-7.313],[109.1235,-7.3119],[109.1224,-7.3102],[109.1213,-7.3076],[109.1216,-7.3059],[109.1213,-7.3043],[109.121,-7.3014],[109.1205,-7.2999],[109.1207,-7.2996],[109.1206,-7.299],[109.1204,-7.2984],[109.12,-7.2977],[109.1196,-7.2973],[109.1188,-7.2966],[109.1188,-7.296],[109.1189,-7.2957],[109.1191,-7.2948],[109.1183,-7.2948],[109.1184,-7.2945],[109.1185,-7.2932],[109.1183,-7.2927],[109.1182,-7.2923],[109.1183,-7.2921],[109.1183,-7.2918],[109.1185,-7.2915],[109.1191,-7.2914],[109.1193,-7.2912],[109.1195,-7.2908],[109.12,-7.29],[109.12,-7.2896],[109.1199,-7.2888],[109.1198,-7.2884],[109.1202,-7.2875],[109.1206,-7.2872],[109.121,-7.287],[109.1213,-7.2868],[109.1218,-7.2862],[109.1221,-7.2856],[109.1221,-7.2852],[109.1224,-7.2847],[109.1226,-7.2842],[109.1228,-7.2839],[109.1232,-7.2834],[109.1237,-7.2831],[109.1247,-7.2829],[109.1254,-7.2833],[109.1255,-7.2838],[109.1255,-7.2842],[109.1253,-7.2846],[109.1253,-7.2849],[109.1254,-7.2851],[109.1256,-7.2852],[109.1258,-7.2852],[109.126,-7.2853],[109.1261,-7.2853],[109.1262,-7.2851],[109.1263,-7.2851],[109.1263,-7.285],[109.1268,-7.2849],[109.1269,-7.2848],[109.1276,-7.2846],[109.1279,-7.2842],[109.1285,-7.2838],[109.1288,-7.2837],[109.1287,-7.2832],[109.1292,-7.2831],[109.1296,-7.2828],[109.1298,-7.2827],[109.1299,-7.2826],[109.1302,-7.2825],[109.1306,-7.2823],[109.1303,-7.2822],[109.1299,-7.2822],[109.1295,-7.2821],[109.1291,-7.2821],[109.1283,-7.2819],[109.1279,-7.2817],[109.1277,-7.2814],[109.1275,-7.2812],[109.1274,-7.2812],[109.1269,-7.281],[109.1267,-7.2808],[109.1267,-7.2802],[109.1263,-7.2794],[109.1256,-7.2791],[109.1251,-7.2784],[109.1244,-7.2786],[109.1239,-7.2786],[109.1232,-7.2783],[109.1229,-7.2779],[109.1223,-7.2774],[109.1223,-7.2762],[109.1226,-7.2759],[109.1231,-7.2755],[109.1239,-7.2752],[109.1247,-7.2752],[109.1256,-7.2754],[109.1264,-7.2758],[109.1272,-7.2759],[109.1279,-7.2758],[109.1281,-7.2757],[109.1281,-7.2754],[109.1285,-7.2753],[109.13,-7.2755],[109.1305,-7.2756],[109.1309,-7.2758],[109.1319,-7.2764],[109.1323,-7.2765],[109.1326,-7.2764],[109.1331,-7.2765],[109.1333,-7.2765],[109.1338,-7.2763],[109.135,-7.2763],[109.1354,-7.2764],[109.1358,-7.276],[109.1364,-7.2758],[109.1367,-7.2758],[109.1369,-7.2756],[109.1375,-7.2756],[109.1378,-7.2753],[109.1383,-7.275],[109.1389,-7.2751],[109.1393,-7.2748],[109.1397,-7.2743],[109.1398,-7.2739],[109.1394,-7.2733],[109.1391,-7.2732],[109.1403,-7.2713],[109.1407,-7.2705],[109.1407,-7.2704],[109.141,-7.2701],[109.1411,-7.2699],[109.1412,-7.2699],[109.1418,-7.2695],[109.1423,-7.2691],[109.1425,-7.269],[109.1428,-7.2689],[109.1433,-7.2689],[109.1437,-7.2685],[109.1441,-7.2682],[109.1443,-7.2682],[109.1443,-7.268],[109.1444,-7.2677],[109.1444,-7.2675],[109.1447,-7.2673],[109.1465,-7.2666],[109.1468,-7.2666],[109.147,-7.2665],[109.1482,-7.2665],[109.1489,-7.2666],[109.1492,-7.2666],[109.15,-7.2668],[109.1507,-7.2668],[109.1517,-7.267],[109.1525,-7.2671],[109.1527,-7.2672],[109.153,-7.2672],[109.1536,-7.2673],[109.1549,-7.2673],[109.1565,-7.2674],[109.1579,-7.2676],[109.1584,-7.2679],[109.159,-7.2682],[109.1596,-7.2686],[109.1597,-7.2686],[109.1599,-7.2688],[109.1608,-7.2695],[109.1621,-7.2704],[109.1626,-7.2707],[109.1631,-7.2711],[109.1633,-7.2711],[109.1637,-7.2713],[109.1639,-7.2713],[109.1644,-7.2714],[109.1645,-7.2713],[109.1649,-7.2713],[109.1653,-7.2711],[109.1657,-7.2707],[109.166,-7.2701],[109.1668,-7.2688],[109.1669,-7.2687],[109.1669,-7.2686],[109.1672,-7.2683],[109.1673,-7.2683],[109.1673,-7.2682],[109.1677,-7.2681],[109.1681,-7.2679],[109.1684,-7.2678],[109.1704,-7.2672],[109.1711,-7.2669],[109.1713,-7.2667],[109.1716,-7.2666],[109.1719,-7.2664],[109.1726,-7.2661],[109.1735,-7.2655],[109.1737,-7.2653],[109.1738,-7.2653],[109.1742,-7.265],[109.1746,-7.2646],[109.1747,-7.2646],[109.1752,-7.2641],[109.1756,-7.2639],[109.1759,-7.2637],[109.1767,-7.2634],[109.1774,-7.2632],[109.1775,-7.2632],[109.1781,-7.263],[109.1784,-7.263],[109.1784,-7.2629],[109.1787,-7.2629],[109.1792,-7.2625],[109.1792,-7.2626],[109.1791,-7.2626],[109.1792,-7.2627],[109.1792,-7.2633],[109.1794,-7.2637],[109.1794,-7.2639],[109.1793,-7.264],[109.1793,-7.2644],[109.1792,-7.2645],[109.1792,-7.2647],[109.1793,-7.2649],[109.1793,-7.2651],[109.1792,-7.2658],[109.1789,-7.2661],[109.1789,-7.2666],[109.1791,-7.2668],[109.1791,-7.267],[109.179,-7.2673],[109.1788,-7.2675],[109.1786,-7.2676],[109.1786,-7.2677],[109.1785,-7.2677],[109.1785,-7.2696],[109.1783,-7.2702],[109.1783,-7.2708],[109.1782,-7.271],[109.1783,-7.2711],[109.1783,-7.2716],[109.1784,-7.2717],[109.1787,-7.2725],[109.1788,-7.2725],[109.179,-7.2727],[109.1791,-7.2729],[109.1792,-7.273],[109.1794,-7.2734],[109.1795,-7.2737],[109.1797,-7.274],[109.18,-7.2744],[109.1803,-7.2747],[109.1806,-7.2748],[109.1806,-7.275],[109.1807,-7.2754],[109.1814,-7.2768],[109.1815,-7.2771],[109.1818,-7.2777],[109.1818,-7.278],[109.1819,-7.2784],[109.1822,-7.2792],[109.1822,-7.2798],[109.1821,-7.2802],[109.1821,-7.2805],[109.1823,-7.2811],[109.1823,-7.2816],[109.1821,-7.2818],[109.1821,-7.282],[109.182,-7.2821],[109.1818,-7.2826],[109.1817,-7.2827],[109.1816,-7.2829],[109.1816,-7.2831],[109.1815,-7.2832],[109.1814,-7.2834],[109.1814,-7.2835],[109.1813,-7.2836],[109.1812,-7.2838],[109.1812,-7.2839],[109.1811,-7.284],[109.1809,-7.2841],[109.1808,-7.2841],[109.1806,-7.2843],[109.1804,-7.2848],[109.1803,-7.2849],[109.1802,-7.2849],[109.1802,-7.2859],[109.18,-7.2861],[109.1796,-7.2868],[109.1797,-7.287],[109.1795,-7.2872],[109.1796,-7.2875],[109.1796,-7.2876],[109.1797,-7.2876],[109.1798,-7.2877],[109.1799,-7.2877],[109.1802,-7.2878],[109.1805,-7.2882],[109.181,-7.2887],[109.1812,-7.2891],[109.1813,-7.2892],[109.1812,-7.2895],[109.1811,-7.2896],[109.1811,-7.2897],[109.1813,-7.2897],[109.1813,-7.2899],[109.1814,-7.2901],[109.1812,-7.2906],[109.1813,-7.2906],[109.1813,-7.2907],[109.1814,-7.2908],[109.1814,-7.291],[109.1813,-7.2911],[109.1811,-7.2918],[109.1809,-7.2922],[109.1807,-7.2924],[109.1807,-7.2927],[109.1808,-7.2929],[109.1808,-7.2931],[109.1809,-7.2932],[109.1811,-7.2933],[109.1812,-7.2935],[109.1811,-7.2936],[109.181,-7.2938],[109.1808,-7.2939],[109.1808,-7.294],[109.1809,-7.2942],[109.1807,-7.2946],[109.1807,-7.295],[109.1806,-7.2955],[109.1805,-7.2958],[109.1805,-7.2963],[109.1804,-7.2964],[109.1803,-7.2969],[109.1801,-7.2971],[109.1801,-7.2975],[109.1802,-7.2977],[109.1804,-7.2979],[109.1808,-7.2982],[109.1809,-7.2982],[109.1809,-7.2985],[109.181,-7.2987],[109.1811,-7.2988],[109.1812,-7.299],[109.1814,-7.2992],[109.1817,-7.2994],[109.1819,-7.2997],[109.182,-7.2998],[109.182,-7.3],[109.1821,-7.3002],[109.1828,-7.3007],[109.1831,-7.3008],[109.1832,-7.3009],[109.1832,-7.3011],[109.1834,-7.3018],[109.1833,-7.3019],[109.1835,-7.3024],[109.1838,-7.3028],[109.1839,-7.3035],[109.1842,-7.3039],[109.1843,-7.3041],[109.1847,-7.3045],[109.1847,-7.3047],[109.1845,-7.3048],[109.1844,-7.3049],[109.1843,-7.3053],[109.1844,-7.3055],[109.1847,-7.3065],[109.1845,-7.3066],[109.1843,-7.3068],[109.1843,-7.3071],[109.1841,-7.3074],[109.1838,-7.3074],[109.1837,-7.3077],[109.1839,-7.3078],[109.184,-7.3079],[109.184,-7.3082],[109.1841,-7.3084],[109.1843,-7.3086],[109.1844,-7.3088],[109.1844,-7.3089],[109.1841,-7.3093],[109.1842,-7.3095],[109.1841,-7.3099],[109.1843,-7.3106],[109.1844,-7.3108],[109.184,-7.3111],[109.1837,-7.3114],[109.1837,-7.3121],[109.1835,-7.3124],[109.1835,-7.3126],[109.1833,-7.3128],[109.1835,-7.3131],[109.1837,-7.3137],[109.1842,-7.3144],[109.1842,-7.3145],[109.1837,-7.315],[109.1839,-7.3154],[109.184,-7.3155],[109.1838,-7.3157],[109.184,-7.3167],[109.1843,-7.3174],[109.1845,-7.318],[109.1845,-7.3187],[109.1838,-7.3192],[109.1836,-7.3193],[109.1836,-7.3194],[109.1829,-7.3201],[109.1827,-7.3204],[109.1823,-7.3208],[109.1821,-7.3211],[109.1814,-7.3222],[109.1814,-7.3224],[109.1813,-7.3227],[109.1813,-7.3228],[109.1812,-7.323],[109.1812,-7.3231],[109.1813,-7.3233],[109.1813,-7.3237],[109.1803,-7.3239],[109.1802,-7.324],[109.1756,-7.3251],[109.1676,-7.3255],[109.1615,-7.3237],[109.1616,-7.325],[109.1618,-7.3255],[109.1619,-7.3256],[109.1621,-7.3257],[109.1622,-7.3257],[109.1623,-7.3258],[109.1624,-7.3258],[109.1629,-7.3264],[109.163,-7.3266],[109.163,-7.3267],[109.1632,-7.3269],[109.1635,-7.3274],[109.1638,-7.3277],[109.1638,-7.3282],[109.1639,-7.3284],[109.1639,-7.3285],[109.164,-7.3285],[109.164,-7.3286],[109.1642,-7.3288],[109.1644,-7.3291],[109.1646,-7.3293],[109.1647,-7.3307],[109.1648,-7.331],[109.1649,-7.3311],[109.1649,-7.3312],[109.165,-7.3313],[109.165,-7.3314],[109.1651,-7.3314],[109.1652,-7.3315],[109.1652,-7.3316],[109.1653,-7.3317],[109.1653,-7.3318],[109.1652,-7.332],[109.1652,-7.3323],[109.1654,-7.3325],[109.1654,-7.3326],[109.1655,-7.3327],[109.1655,-7.3329],[109.1653,-7.3334],[109.1653,-7.3337],[109.1652,-7.334],[109.1652,-7.3351],[109.1653,-7.3351],[109.1654,-7.3352],[109.1655,-7.3357],[109.1657,-7.3359],[109.1657,-7.336],[109.1656,-7.3361],[109.1656,-7.3362],[109.1657,-7.3362],[109.1657,-7.3363],[109.1665,-7.3363],[109.1665,-7.3365],[109.1666,-7.3366],[109.1666,-7.3368],[109.1669,-7.3371],[109.1669,-7.3372],[109.167,-7.3373],[109.167,-7.3378],[109.1669,-7.3388],[109.1668,-7.3394],[109.1667,-7.3396],[109.1667,-7.3398],[109.1665,-7.3404],[109.1658,-7.3418],[109.1654,-7.3424],[109.165,-7.3429],[109.1648,-7.3432],[109.1644,-7.3435],[109.1642,-7.3436],[109.1638,-7.3437],[109.163,-7.3437],[109.1627,-7.3436],[109.1625,-7.3436],[109.1623,-7.3437],[109.1622,-7.3438],[109.1621,-7.3443],[109.161,-7.346],[109.1608,-7.3469],[109.1613,-7.3489],[109.1612,-7.3517],[109.1623,-7.3532],[109.1632,-7.3536],[109.1636,-7.3539],[109.1638,-7.3544],[109.1638,-7.3549],[109.1644,-7.3555],[109.1648,-7.3558],[109.1649,-7.356],[109.1649,-7.3561],[109.165,-7.3563],[109.165,-7.3564],[109.1652,-7.3568],[109.1657,-7.3573],[109.1661,-7.3578],[109.1662,-7.358],[109.1663,-7.3581],[109.1663,-7.3582],[109.1664,-7.3584],[109.1664,-7.3586],[109.1665,-7.3587],[109.1667,-7.359],[109.167,-7.3591],[109.1672,-7.3595],[109.1672,-7.3597],[109.1673,-7.3602],[109.1676,-7.3605],[109.1679,-7.3605],[109.1682,-7.3604],[109.1684,-7.3604],[109.1684,-7.3605],[109.1685,-7.3605],[109.1688,-7.3608],[109.1689,-7.361],[109.1689,-7.3611],[109.1688,-7.3612],[109.1688,-7.3616],[109.1689,-7.3616],[109.1689,-7.3617],[109.169,-7.3617],[109.1694,-7.3619],[109.1696,-7.3623],[109.1696,-7.3626],[109.1699,-7.3631],[109.1709,-7.3642],[109.1714,-7.3648],[109.1717,-7.3659],[109.1723,-7.3665],[109.1723,-7.3666],[109.1724,-7.3669],[109.1723,-7.367],[109.1724,-7.3673],[109.1717,-7.3683],[109.1716,-7.3687],[109.1717,-7.3689],[109.1715,-7.3693],[109.1704,-7.3708],[109.1705,-7.3708],[109.1703,-7.3716],[109.1705,-7.3721],[109.1707,-7.3722],[109.1724,-7.3738],[109.1736,-7.3743],[109.1739,-7.3747],[109.1739,-7.375],[109.174,-7.3753],[109.1736,-7.376],[109.1734,-7.3778],[109.1728,-7.3781],[109.1721,-7.3781],[109.1714,-7.3784],[109.1711,-7.3782],[109.1696,-7.379],[109.1693,-7.3789],[109.1691,-7.379],[109.1687,-7.3797],[109.1684,-7.3798],[109.1681,-7.38],[109.168,-7.3804],[109.1682,-7.3808],[109.1665,-7.3817],[109.1661,-7.3827],[109.1659,-7.383],[109.1637,-7.3829],[109.1624,-7.3827],[109.1611,-7.3833],[109.1611,-7.3835],[109.1612,-7.3837],[109.1612,-7.3839],[109.1613,-7.3841],[109.1613,-7.3844],[109.161,-7.3851],[109.1608,-7.3853],[109.1607,-7.3855],[109.1606,-7.3856],[109.1606,-7.3863],[109.1607,-7.3865],[109.1608,-7.3866],[109.1608,-7.3869],[109.1607,-7.387],[109.1607,-7.3871],[109.1606,-7.3872],[109.1605,-7.3874],[109.1605,-7.3877],[109.1607,-7.3881],[109.1607,-7.3885],[109.1605,-7.3887],[109.1605,-7.389],[109.1613,-7.389],[109.1614,-7.3891],[109.1615,-7.3893],[109.1615,-7.3895],[109.1616,-7.3896],[109.1616,-7.3897],[109.16,-7.3897],[109.1597,-7.3898],[109.1599,-7.3901],[109.1606,-7.3904],[109.1608,-7.3906],[109.1616,-7.391],[109.1623,-7.3912],[109.1624,-7.3913],[109.1625,-7.3913],[109.1631,-7.3916],[109.1643,-7.3916],[109.1647,-7.3915],[109.1651,-7.3916],[109.1663,-7.3916],[109.1668,-7.3917],[109.1671,-7.3917],[109.1678,-7.3918],[109.1689,-7.3919],[109.1692,-7.392],[109.1695,-7.3923],[109.1698,-7.3925],[109.1706,-7.3929],[109.1712,-7.393],[109.1719,-7.3932],[109.1723,-7.3937],[109.1725,-7.394],[109.1729,-7.3941],[109.1735,-7.394],[109.1738,-7.3943],[109.1744,-7.3946],[109.1744,-7.3947],[109.1746,-7.3949],[109.1749,-7.3951],[109.1753,-7.3955],[109.1756,-7.3957],[109.1762,-7.396],[109.1765,-7.3961],[109.1771,-7.3967],[109.1773,-7.397],[109.1775,-7.3972],[109.1777,-7.3975],[109.1781,-7.3977],[109.1779,-7.3983],[109.177,-7.3992],[109.1767,-7.3994],[109.1764,-7.3992],[109.1763,-7.3992],[109.1763,-7.3994],[109.1764,-7.3995],[109.1764,-7.3998],[109.1762,-7.3998],[109.1762,-7.4007],[109.1758,-7.4017],[109.176,-7.4023],[109.1768,-7.4021],[109.175,-7.4027],[109.1736,-7.403],[109.1738,-7.4042],[109.1735,-7.4047],[109.1737,-7.4054],[109.1745,-7.4066],[109.1745,-7.4077],[109.175,-7.4085],[109.175,-7.4092],[109.1747,-7.4095],[109.1752,-7.4103],[109.1754,-7.4109],[109.1753,-7.4112],[109.1756,-7.4115],[109.176,-7.4117],[109.1761,-7.412],[109.176,-7.4122],[109.1767,-7.413],[109.1768,-7.4132],[109.177,-7.4133],[109.1772,-7.4135],[109.1772,-7.4142],[109.1771,-7.4145],[109.1769,-7.4147],[109.1769,-7.4148],[109.177,-7.415],[109.1769,-7.4154],[109.1784,-7.416],[109.1785,-7.416],[109.1785,-7.4165],[109.1786,-7.4167],[109.1786,-7.4172],[109.1785,-7.4172],[109.1785,-7.4177],[109.1787,-7.4178],[109.179,-7.4189],[109.179,-7.4197],[109.1792,-7.4209],[109.1791,-7.4211],[109.1788,-7.4214],[109.1782,-7.4218],[109.178,-7.422],[109.178,-7.4223],[109.1781,-7.4224],[109.178,-7.4225],[109.1782,-7.4226],[109.179,-7.4228],[109.1791,-7.4228],[109.1797,-7.4231],[109.1801,-7.4235],[109.1803,-7.4239],[109.1805,-7.4244],[109.1817,-7.4242],[109.1818,-7.4251],[109.1817,-7.4259],[109.182,-7.4269],[109.1824,-7.4269],[109.1828,-7.4278],[109.1832,-7.4289],[109.1827,-7.4299],[109.1827,-7.43],[109.1826,-7.4301],[109.1824,-7.4302],[109.1828,-7.4307],[109.1831,-7.431],[109.1832,-7.4312],[109.1833,-7.4312],[109.1834,-7.4314],[109.1835,-7.4315],[109.1836,-7.4316],[109.184,-7.4318],[109.1841,-7.432],[109.1843,-7.4322],[109.1843,-7.4323],[109.1844,-7.4323],[109.1846,-7.4324],[109.1847,-7.4324],[109.1847,-7.4326],[109.1848,-7.4327],[109.1849,-7.4328],[109.185,-7.4328],[109.1852,-7.4329],[109.1856,-7.4333],[109.1863,-7.4342],[109.1862,-7.4343],[109.1832,-7.4348],[109.1826,-7.4351],[109.1823,-7.4351],[109.1818,-7.4352],[109.1815,-7.4363],[109.1815,-7.4364],[109.1811,-7.4367],[109.1806,-7.4376],[109.1799,-7.4385],[109.1791,-7.4388],[109.1791,-7.44],[109.1795,-7.4402],[109.1797,-7.4402],[109.1794,-7.4405],[109.1792,-7.4405],[109.1791,-7.4406],[109.1795,-7.4409]]]]}},{"type":"Feature","id":"ADMINISTRASI_AR_KECAMATAN_10K_2023.5","properties":{"id":"33.02.15","name":"Gumelar","fcode":"BA03070040","luasWilayahHa":9239.86991193836,"kdpkab":"33.02","wadmkc":"Gumelar","metadata":"TASWIL1000020230928_DATA_BATAS_DESAKELURAHAN","sumber":"Geoportal Palapa Kabupaten Banyumas (WFS 10K 2023)"},"geometry":{"type":"MultiPolygon","coordinates":[[[[109.0317,-7.3966],[109.0316,-7.3966],[109.0316,-7.3971],[109.0315,-7.3974],[109.0315,-7.3975],[109.0313,-7.3977],[109.0312,-7.3977],[109.0311,-7.3978],[109.0305,-7.3978],[109.0305,-7.3979],[109.0304,-7.3981],[109.0304,-7.3983],[109.0303,-7.3984],[109.0303,-7.3988],[109.0304,-7.3991],[109.0304,-7.3993],[109.0303,-7.3996],[109.0303,-7.4001],[109.0304,-7.4002],[109.0304,-7.4005],[109.0305,-7.4006],[109.0306,-7.4008],[109.0308,-7.4013],[109.0308,-7.4015],[109.0307,-7.402],[109.0307,-7.4026],[109.031,-7.4031],[109.0318,-7.4038],[109.0318,-7.4041],[109.0317,-7.4043],[109.0317,-7.4045],[109.0318,-7.4047],[109.0322,-7.405],[109.0322,-7.4052],[109.0321,-7.4054],[109.0317,-7.4059],[109.0317,-7.4061],[109.032,-7.4063],[109.0322,-7.4065],[109.0324,-7.4065],[109.0324,-7.4068],[109.0323,-7.407],[109.0323,-7.4073],[109.0324,-7.4074],[109.0326,-7.4078],[109.0326,-7.4079],[109.0329,-7.4082],[109.033,-7.4084],[109.033,-7.4089],[109.0331,-7.4091],[109.0332,-7.4092],[109.0336,-7.41],[109.0338,-7.4102],[109.0346,-7.4104],[109.035,-7.4106],[109.0353,-7.4113],[109.0353,-7.4116],[109.0354,-7.4117],[109.0356,-7.4118],[109.0358,-7.412],[109.0358,-7.4122],[109.0355,-7.4125],[109.0351,-7.4125],[109.0347,-7.4124],[109.0345,-7.4124],[109.034,-7.4125],[109.0332,-7.4125],[109.033,-7.4127],[109.0326,-7.413],[109.0321,-7.4132],[109.0317,-7.4134],[109.0306,-7.4134],[109.0299,-7.4136],[109.0295,-7.4136],[109.0291,-7.4135],[109.0287,-7.4133],[109.0283,-7.413],[109.028,-7.4127],[109.0278,-7.4123],[109.0276,-7.4118],[109.0273,-7.4113],[109.0268,-7.4106],[109.0265,-7.4103],[109.0264,-7.41],[109.0264,-7.4098],[109.0265,-7.4094],[109.0265,-7.4091],[109.0264,-7.4087],[109.026,-7.4084],[109.0256,-7.4083],[109.025,-7.4084],[109.0246,-7.4086],[109.0244,-7.409],[109.0244,-7.4097],[109.0248,-7.4102],[109.0249,-7.4105],[109.0249,-7.4109],[109.0247,-7.4111],[109.0242,-7.4115],[109.0237,-7.4116],[109.0226,-7.4116],[109.0222,-7.4114],[109.0218,-7.411],[109.0217,-7.4108],[109.0216,-7.4104],[109.0216,-7.4102],[109.0217,-7.4098],[109.0217,-7.4091],[109.0214,-7.4085],[109.0212,-7.4084],[109.0209,-7.4083],[109.0205,-7.4083],[109.0198,-7.4084],[109.0193,-7.4083],[109.0188,-7.4083],[109.0185,-7.4082],[109.0181,-7.408],[109.0178,-7.4078],[109.0175,-7.4078],[109.0171,-7.408],[109.0155,-7.4086],[109.0149,-7.409],[109.0145,-7.409],[109.0143,-7.4089],[109.0142,-7.4088],[109.0142,-7.4086],[109.0143,-7.4085],[109.0143,-7.4082],[109.0142,-7.4081],[109.0134,-7.4077],[109.0124,-7.4075],[109.0119,-7.4075],[109.0109,-7.4079],[109.0108,-7.408],[109.0106,-7.4083],[109.0105,-7.4086],[109.0103,-7.409],[109.0102,-7.4091],[109.01,-7.4091],[109.0099,-7.409],[109.0097,-7.4085],[109.0096,-7.4078],[109.0096,-7.4072],[109.0095,-7.4066],[109.0094,-7.4065],[109.0094,-7.4063],[109.0093,-7.4062],[109.0087,-7.4059],[109.0083,-7.4061],[109.0082,-7.4062],[109.0087,-7.4067],[109.0092,-7.4084],[109.0098,-7.41],[109.0101,-7.4103],[109.0106,-7.411],[109.0111,-7.4118],[109.0118,-7.4132],[109.0123,-7.4134],[109.0123,-7.4136],[109.0116,-7.4139],[109.0106,-7.4146],[109.0106,-7.415],[109.0107,-7.4152],[109.0111,-7.4156],[109.0115,-7.4156],[109.0116,-7.4155],[109.0117,-7.4155],[109.0118,-7.4156],[109.0121,-7.4156],[109.0122,-7.4157],[109.0123,-7.4157],[109.0123,-7.4158],[109.0128,-7.4158],[109.013,-7.4159],[109.013,-7.416],[109.0131,-7.4161],[109.0133,-7.4161],[109.0134,-7.4162],[109.0138,-7.4162],[109.0139,-7.4168],[109.0139,-7.4173],[109.0136,-7.4173],[109.0136,-7.4177],[109.0137,-7.4177],[109.0137,-7.4178],[109.0136,-7.418],[109.0134,-7.419],[109.0132,-7.4195],[109.0132,-7.42],[109.0128,-7.4204],[109.0126,-7.4209],[109.012,-7.4218],[109.0115,-7.4224],[109.0111,-7.4231],[109.0113,-7.4233],[109.0117,-7.4235],[109.0121,-7.4236],[109.013,-7.4237],[109.0148,-7.424],[109.0164,-7.4244],[109.0181,-7.4246],[109.0194,-7.4256],[109.0201,-7.4265],[109.0203,-7.4285],[109.0198,-7.4296],[109.02,-7.4314],[109.0204,-7.4318],[109.0211,-7.4322],[109.0212,-7.4326],[109.0205,-7.4335],[109.0207,-7.4342],[109.0207,-7.4346],[109.0206,-7.4351],[109.0207,-7.4356],[109.0209,-7.4362],[109.0217,-7.4373],[109.0221,-7.4375],[109.0226,-7.4374],[109.0227,-7.4376],[109.0233,-7.4379],[109.0236,-7.438],[109.0241,-7.4386],[109.0242,-7.4386],[109.0245,-7.4385],[109.0248,-7.4385],[109.0249,-7.4387],[109.0251,-7.4387],[109.0251,-7.4388],[109.0257,-7.4391],[109.0258,-7.439],[109.026,-7.4389],[109.0261,-7.4389],[109.0262,-7.439],[109.0266,-7.4397],[109.0268,-7.4397],[109.0272,-7.4399],[109.0272,-7.4402],[109.0271,-7.4405],[109.0269,-7.4409],[109.0267,-7.4416],[109.0267,-7.4436],[109.0266,-7.4443],[109.0268,-7.4458],[109.0272,-7.4475],[109.0281,-7.4489],[109.0282,-7.4502],[109.0289,-7.4519],[109.0298,-7.453],[109.0299,-7.4534],[109.0298,-7.4535],[109.0298,-7.4538],[109.0297,-7.4541],[109.0292,-7.4545],[109.0288,-7.4546],[109.028,-7.4547],[109.0269,-7.4547],[109.0269,-7.4549],[109.027,-7.455],[109.027,-7.4551],[109.0269,-7.4551],[109.0268,-7.455],[109.0268,-7.4549],[109.0267,-7.4549],[109.0267,-7.4548],[109.0266,-7.4548],[109.0265,-7.4547],[109.0265,-7.4546],[109.0264,-7.4546],[109.0263,-7.4545],[109.0258,-7.4545],[109.0257,-7.4544],[109.0257,-7.4543],[109.0256,-7.4542],[109.0256,-7.4541],[109.0253,-7.4541],[109.0253,-7.4542],[109.0248,-7.4542],[109.0248,-7.4539],[109.0245,-7.4539],[109.024,-7.4536],[109.0237,-7.4539],[109.0231,-7.4548],[109.0227,-7.4553],[109.0223,-7.4557],[109.022,-7.4564],[109.0211,-7.4573],[109.021,-7.4577],[109.0208,-7.4582],[109.0208,-7.4584],[109.0201,-7.4589],[109.0198,-7.4589],[109.0196,-7.459],[109.0188,-7.4598],[109.0181,-7.4599],[109.0177,-7.4603],[109.017,-7.4609],[109.0164,-7.4608],[109.0164,-7.4609],[109.0156,-7.462],[109.0157,-7.462],[109.0158,-7.4622],[109.0158,-7.4628],[109.0156,-7.4631],[109.015,-7.4637],[109.014,-7.4649],[109.0135,-7.4656],[109.0126,-7.4663],[109.0113,-7.4669],[109.0096,-7.4656],[109.0092,-7.4652],[109.0089,-7.4648],[109.0085,-7.4645],[109.0069,-7.4636],[109.0065,-7.4626],[109.0062,-7.4626],[109.0024,-7.4614],[109.0013,-7.4613],[109.0004,-7.4598],[108.999,-7.459],[108.9978,-7.4582],[108.9974,-7.458],[108.9972,-7.4578],[108.9971,-7.4575],[108.9971,-7.457],[108.9972,-7.4563],[108.9972,-7.4561],[108.9966,-7.4555],[108.9955,-7.4548],[108.9951,-7.4547],[108.9948,-7.4547],[108.9945,-7.4546],[108.9943,-7.4543],[108.9941,-7.4542],[108.9938,-7.4542],[108.9936,-7.4543],[108.9934,-7.4542],[108.9933,-7.4539],[108.9933,-7.4537],[108.9932,-7.4534],[108.993,-7.4534],[108.9927,-7.4535],[108.9925,-7.4535],[108.9921,-7.4537],[108.9918,-7.4537],[108.9914,-7.4534],[108.9912,-7.4532],[108.9903,-7.4527],[108.9899,-7.4524],[108.9892,-7.4512],[108.9887,-7.45],[108.9886,-7.4496],[108.989,-7.4475],[108.9889,-7.4468],[108.9888,-7.4468],[108.9881,-7.4456],[108.9869,-7.4443],[108.9865,-7.4433],[108.9862,-7.4428],[108.9842,-7.4415],[108.9833,-7.4414],[108.983,-7.4413],[108.9827,-7.441],[108.9826,-7.4407],[108.9824,-7.4403],[108.9822,-7.4401],[108.9817,-7.4399],[108.9813,-7.4397],[108.981,-7.4393],[108.9808,-7.4381],[108.9808,-7.4377],[108.9806,-7.4372],[108.9795,-7.4369],[108.9793,-7.4367],[108.979,-7.4363],[108.9788,-7.4359],[108.9784,-7.4357],[108.978,-7.4356],[108.9776,-7.4354],[108.9773,-7.4353],[108.9771,-7.4348],[108.9771,-7.4336],[108.9768,-7.4335],[108.9766,-7.4333],[108.9764,-7.4333],[108.9762,-7.4334],[108.976,-7.4334],[108.9758,-7.4332],[108.9755,-7.4327],[108.9754,-7.4323],[108.9754,-7.432],[108.9757,-7.429],[108.9759,-7.428],[108.9748,-7.4255],[108.9732,-7.4223],[108.9737,-7.4219],[108.9741,-7.4215],[108.9746,-7.4206],[108.9749,-7.4198],[108.9765,-7.4184],[108.9748,-7.4176],[108.9721,-7.4155],[108.9701,-7.4135],[108.9699,-7.4127],[108.97,-7.4125],[108.9699,-7.4121],[108.97,-7.412],[108.97,-7.4117],[108.9698,-7.4113],[108.9697,-7.4112],[108.9697,-7.4111],[108.9698,-7.4109],[108.9699,-7.4108],[108.9695,-7.4104],[108.9695,-7.4102],[108.9694,-7.41],[108.9692,-7.4098],[108.9692,-7.4096],[108.9691,-7.4091],[108.969,-7.409],[108.9686,-7.4088],[108.9685,-7.4088],[108.9685,-7.4086],[108.9684,-7.4084],[108.9684,-7.4083],[108.9683,-7.4082],[108.9683,-7.408],[108.9682,-7.4079],[108.9681,-7.4077],[108.9681,-7.4075],[108.9677,-7.4066],[108.9675,-7.4065],[108.9674,-7.4063],[108.9674,-7.4061],[108.9675,-7.4059],[108.9675,-7.4057],[108.9674,-7.4054],[108.9671,-7.4049],[108.9671,-7.4046],[108.9669,-7.4034],[108.9674,-7.402],[108.9674,-7.4016],[108.9665,-7.3998],[108.9664,-7.3997],[108.9653,-7.3995],[108.9651,-7.3995],[108.9649,-7.3994],[108.9648,-7.3993],[108.9644,-7.3993],[108.9643,-7.3991],[108.964,-7.3988],[108.9634,-7.3985],[108.9629,-7.3982],[108.9627,-7.3979],[108.9625,-7.3974],[108.9621,-7.3971],[108.9619,-7.3969],[108.9617,-7.3965],[108.9614,-7.3963],[108.9609,-7.3961],[108.9602,-7.3961],[108.9598,-7.3959],[108.9597,-7.3957],[108.9595,-7.3955],[108.959,-7.3954],[108.9572,-7.3948],[108.9571,-7.3947],[108.957,-7.3945],[108.957,-7.3942],[108.9569,-7.394],[108.956,-7.3933],[108.9556,-7.3927],[108.9556,-7.3926],[108.9538,-7.3916],[108.9537,-7.3914],[108.9519,-7.3904],[108.9503,-7.389],[108.9483,-7.3875],[108.9463,-7.3858],[108.9461,-7.3853],[108.9459,-7.3851],[108.9456,-7.3842],[108.9455,-7.3838],[108.9475,-7.3833],[108.9476,-7.3833],[108.9495,-7.3826],[108.951,-7.3822],[108.9511,-7.3819],[108.9506,-7.3814],[108.9497,-7.3811],[108.9489,-7.3809],[108.9487,-7.3802],[108.9487,-7.38],[108.949,-7.3796],[108.9494,-7.3792],[108.9496,-7.3785],[108.9496,-7.3781],[108.9494,-7.3776],[108.9492,-7.3772],[108.9484,-7.3765],[108.9479,-7.3762],[108.9467,-7.3753],[108.9465,-7.375],[108.9465,-7.3747],[108.9468,-7.3744],[108.948,-7.3736],[108.9483,-7.3732],[108.9486,-7.373],[108.9496,-7.3722],[108.9506,-7.372],[108.9512,-7.3718],[108.9516,-7.3716],[108.9523,-7.3711],[108.9524,-7.371],[108.9527,-7.3705],[108.9532,-7.3694],[108.9534,-7.3688],[108.9535,-7.3683],[108.9537,-7.3681],[108.9548,-7.3678],[108.9548,-7.3677],[108.9549,-7.3677],[108.955,-7.3675],[108.9552,-7.3673],[108.9554,-7.3669],[108.9554,-7.3666],[108.9551,-7.3656],[108.9549,-7.3654],[108.9548,-7.365],[108.9546,-7.3647],[108.9544,-7.3645],[108.954,-7.3642],[108.9537,-7.3641],[108.9534,-7.3643],[108.9528,-7.3644],[108.9527,-7.3645],[108.9521,-7.3644],[108.9518,-7.364],[108.9509,-7.3634],[108.9504,-7.3632],[108.9498,-7.3631],[108.9491,-7.3629],[108.9483,-7.3628],[108.9474,-7.3628],[108.947,-7.3627],[108.9457,-7.3627],[108.9457,-7.3624],[108.9462,-7.3621],[108.9467,-7.3619],[108.9468,-7.3619],[108.9474,-7.3613],[108.9477,-7.3611],[108.9479,-7.3611],[108.9488,-7.3608],[108.9493,-7.3605],[108.9494,-7.3604],[108.9495,-7.3604],[108.9498,-7.3603],[108.9499,-7.3603],[108.9501,-7.3604],[108.9508,-7.3611],[108.951,-7.3611],[108.9513,-7.3612],[108.9516,-7.3612],[108.9518,-7.361],[108.9522,-7.3608],[108.9525,-7.3602],[108.9525,-7.3598],[108.9527,-7.3595],[108.953,-7.3594],[108.9535,-7.3594],[108.954,-7.3592],[108.954,-7.3587],[108.9539,-7.3585],[108.9541,-7.3584],[108.9541,-7.3583],[108.9546,-7.3583],[108.9549,-7.3585],[108.9553,-7.3587],[108.9561,-7.3585],[108.9562,-7.3584],[108.9563,-7.3581],[108.9564,-7.358],[108.9564,-7.3579],[108.9565,-7.3577],[108.9565,-7.3576],[108.9566,-7.3576],[108.9567,-7.3575],[108.9567,-7.3574],[108.9569,-7.3573],[108.9571,-7.3573],[108.9571,-7.3572],[108.9575,-7.357],[108.9578,-7.3569],[108.9582,-7.357],[108.9589,-7.3568],[108.9595,-7.3564],[108.9596,-7.3562],[108.9599,-7.356],[108.9601,-7.3558],[108.9604,-7.3556],[108.9609,-7.3551],[108.961,-7.3547],[108.9612,-7.3544],[108.9616,-7.3541],[108.9621,-7.3539],[108.9623,-7.3537],[108.9623,-7.3534],[108.9622,-7.3532],[108.9621,-7.3528],[108.9636,-7.3529],[108.9636,-7.3521],[108.9638,-7.3516],[108.9644,-7.3514],[108.9645,-7.3513],[108.9666,-7.3506],[108.9667,-7.3506],[108.9671,-7.3504],[108.9676,-7.3502],[108.9679,-7.3499],[108.9683,-7.3496],[108.9687,-7.3492],[108.9689,-7.3488],[108.9697,-7.3481],[108.9698,-7.3479],[108.9706,-7.3469],[108.9705,-7.3466],[108.9696,-7.3459],[108.9692,-7.345],[108.9691,-7.3444],[108.9688,-7.3439],[108.9684,-7.3434],[108.9682,-7.343],[108.9681,-7.3426],[108.9679,-7.3425],[108.968,-7.3422],[108.9682,-7.3422],[108.9687,-7.3417],[108.9689,-7.3416],[108.9691,-7.3413],[108.9693,-7.3405],[108.9694,-7.3405],[108.9702,-7.3395],[108.9705,-7.339],[108.9709,-7.3389],[108.9711,-7.3389],[108.9714,-7.3391],[108.9722,-7.3391],[108.9727,-7.339],[108.9729,-7.339],[108.9731,-7.3388],[108.9717,-7.3388],[108.9713,-7.3387],[108.9713,-7.3384],[108.9716,-7.3381],[108.972,-7.3379],[108.9724,-7.3376],[108.9727,-7.3372],[108.9729,-7.3371],[108.9731,-7.3369],[108.9734,-7.3368],[108.9738,-7.3368],[108.974,-7.3366],[108.9743,-7.3365],[108.9751,-7.3357],[108.9758,-7.3349],[108.976,-7.335],[108.9761,-7.335],[108.9762,-7.3351],[108.9765,-7.3351],[108.9775,-7.3354],[108.9779,-7.3354],[108.9779,-7.3355],[108.978,-7.3356],[108.9781,-7.3355],[108.9782,-7.3355],[108.9782,-7.3354],[108.9784,-7.3354],[108.9785,-7.3353],[108.9786,-7.3354],[108.9787,-7.3354],[108.9789,-7.3355],[108.9796,-7.3355],[108.9798,-7.3356],[108.9802,-7.336],[108.9804,-7.3359],[108.9808,-7.3359],[108.9815,-7.3363],[108.9817,-7.3363],[108.9823,-7.3365],[108.9826,-7.3365],[108.9838,-7.3367],[108.9842,-7.3368],[108.9848,-7.3368],[108.9854,-7.3369],[108.9859,-7.3369],[108.9864,-7.3367],[108.987,-7.3364],[108.9875,-7.3364],[108.988,-7.3365],[108.9888,-7.3368],[108.9889,-7.3367],[108.989,-7.3367],[108.9905,-7.336],[108.9908,-7.336],[108.9919,-7.3356],[108.9925,-7.3355],[108.9957,-7.3355],[108.9961,-7.3353],[108.9967,-7.3349],[108.9971,-7.3347],[108.9972,-7.3346],[108.9979,-7.3344],[108.998,-7.3343],[108.9981,-7.3343],[108.9983,-7.3342],[108.9985,-7.334],[108.9987,-7.3339],[108.9988,-7.3338],[108.9989,-7.3338],[108.9989,-7.3337],[108.999,-7.3336],[108.9992,-7.3335],[108.9994,-7.3332],[108.9995,-7.3332],[108.9998,-7.3329],[109,-7.3329],[109.0002,-7.3328],[109.0004,-7.3328],[109.0005,-7.3327],[109.0007,-7.3327],[109.0008,-7.3328],[109.0014,-7.3328],[109.0014,-7.3329],[109.0015,-7.333],[109.0016,-7.333],[109.0017,-7.3331],[109.0016,-7.3331],[109.0014,-7.3332],[109.0013,-7.3332],[109.0013,-7.3333],[109.0012,-7.3334],[109.0012,-7.3343],[109.0016,-7.3343],[109.0016,-7.3344],[109.002,-7.3346],[109.0023,-7.3346],[109.0025,-7.3348],[109.0025,-7.3349],[109.0026,-7.3349],[109.003,-7.3352],[109.0033,-7.3351],[109.0052,-7.3351],[109.0055,-7.335],[109.0056,-7.3349],[109.0058,-7.3348],[109.006,-7.3348],[109.0064,-7.3345],[109.0067,-7.3344],[109.007,-7.3341],[109.0073,-7.334],[109.0075,-7.3338],[109.0077,-7.3337],[109.0079,-7.3337],[109.0081,-7.3334],[109.0081,-7.3333],[109.008,-7.3329],[109.0078,-7.3326],[109.0079,-7.3325],[109.0079,-7.3321],[109.008,-7.3319],[109.0081,-7.3314],[109.0083,-7.331],[109.0087,-7.3307],[109.0089,-7.3304],[109.0098,-7.3297],[109.0099,-7.3297],[109.01,-7.3296],[109.0101,-7.3293],[109.0106,-7.329],[109.0108,-7.3288],[109.011,-7.3287],[109.0117,-7.3296],[109.0119,-7.3299],[109.0121,-7.3301],[109.0123,-7.3304],[109.0124,-7.3307],[109.0124,-7.3311],[109.0126,-7.3316],[109.0128,-7.3318],[109.0129,-7.3318],[109.0134,-7.3321],[109.0135,-7.3324],[109.0135,-7.3339],[109.0132,-7.3339],[109.0129,-7.3342],[109.0144,-7.3351],[109.0149,-7.3352],[109.0165,-7.3352],[109.0168,-7.3351],[109.0171,-7.3351],[109.0176,-7.335],[109.0181,-7.3348],[109.0182,-7.3348],[109.0185,-7.3347],[109.0198,-7.3341],[109.0206,-7.3337],[109.0207,-7.3336],[109.0208,-7.3336],[109.021,-7.3335],[109.0213,-7.3333],[109.0221,-7.3329],[109.0224,-7.3329],[109.0229,-7.3327],[109.0233,-7.3326],[109.0235,-7.3325],[109.0239,-7.3322],[109.0243,-7.3318],[109.0247,-7.3313],[109.025,-7.3308],[109.0253,-7.3297],[109.0253,-7.3293],[109.0255,-7.3287],[109.0255,-7.3279],[109.0256,-7.3273],[109.0257,-7.327],[109.0257,-7.3269],[109.0259,-7.3266],[109.0264,-7.3263],[109.0265,-7.3263],[109.0268,-7.3262],[109.0281,-7.3262],[109.0288,-7.3265],[109.0291,-7.3267],[109.0294,-7.3271],[109.0299,-7.3279],[109.03,-7.3281],[109.03,-7.3283],[109.0301,-7.3284],[109.0302,-7.3287],[109.0302,-7.3288],[109.0315,-7.3291],[109.0318,-7.3291],[109.0324,-7.3294],[109.0325,-7.3295],[109.0334,-7.3301],[109.0337,-7.3304],[109.0338,-7.3304],[109.0341,-7.3302],[109.0344,-7.3301],[109.0345,-7.33],[109.0349,-7.33],[109.0353,-7.3303],[109.0353,-7.3316],[109.0355,-7.3324],[109.0354,-7.3329],[109.0354,-7.3332],[109.0358,-7.3335],[109.036,-7.3339],[109.036,-7.3342],[109.0361,-7.3344],[109.0362,-7.3345],[109.0363,-7.3345],[109.0365,-7.3347],[109.0363,-7.3351],[109.0361,-7.3353],[109.0359,-7.3354],[109.0355,-7.3355],[109.0355,-7.3357],[109.0352,-7.3361],[109.0351,-7.3363],[109.0351,-7.3368],[109.0352,-7.337],[109.0352,-7.3374],[109.0355,-7.3376],[109.0361,-7.3381],[109.0364,-7.3381],[109.0369,-7.3386],[109.0371,-7.3389],[109.0375,-7.3389],[109.0379,-7.3393],[109.0385,-7.3394],[109.0389,-7.3398],[109.039,-7.3398],[109.039,-7.3408],[109.0388,-7.341],[109.0387,-7.3413],[109.0385,-7.3415],[109.038,-7.3418],[109.0378,-7.342],[109.0378,-7.3423],[109.0377,-7.3424],[109.0377,-7.3425],[109.0374,-7.3428],[109.0373,-7.3431],[109.037,-7.3437],[109.0369,-7.344],[109.0368,-7.3441],[109.0368,-7.3442],[109.0367,-7.3443],[109.0362,-7.3444],[109.0359,-7.3448],[109.0358,-7.345],[109.0357,-7.345],[109.0355,-7.3452],[109.0355,-7.3453],[109.0354,-7.3454],[109.0352,-7.3455],[109.0349,-7.3458],[109.0348,-7.3458],[109.0347,-7.3459],[109.0343,-7.3461],[109.0342,-7.3461],[109.034,-7.3462],[109.0337,-7.3465],[109.033,-7.3468],[109.0327,-7.3471],[109.0322,-7.3474],[109.0321,-7.3475],[109.0317,-7.3477],[109.0317,-7.3478],[109.0312,-7.348],[109.0306,-7.3486],[109.0306,-7.3492],[109.0307,-7.3495],[109.0308,-7.3497],[109.0314,-7.3503],[109.0315,-7.3503],[109.0318,-7.3505],[109.0319,-7.3506],[109.0322,-7.3507],[109.0324,-7.3509],[109.0325,-7.3509],[109.0332,-7.3512],[109.0334,-7.3512],[109.0336,-7.3513],[109.0337,-7.3513],[109.0344,-7.3515],[109.0348,-7.3515],[109.0346,-7.3516],[109.0345,-7.3516],[109.0343,-7.3518],[109.034,-7.352],[109.0321,-7.3537],[109.0318,-7.3545],[109.0316,-7.3547],[109.0316,-7.3549],[109.0314,-7.3554],[109.0312,-7.3558],[109.0307,-7.3564],[109.03,-7.3568],[109.0296,-7.3571],[109.0287,-7.3573],[109.0265,-7.3576],[109.0255,-7.3579],[109.0246,-7.3579],[109.0238,-7.3584],[109.0232,-7.3589],[109.0232,-7.359],[109.0231,-7.3592],[109.0229,-7.3593],[109.0215,-7.3602],[109.0213,-7.3604],[109.0211,-7.3608],[109.0204,-7.3619],[109.0201,-7.3625],[109.02,-7.3628],[109.0199,-7.3633],[109.0203,-7.3638],[109.0203,-7.3642],[109.0202,-7.3644],[109.0202,-7.365],[109.0204,-7.3652],[109.0207,-7.3652],[109.0209,-7.3653],[109.021,-7.3655],[109.0211,-7.3666],[109.0216,-7.3675],[109.0218,-7.368],[109.0219,-7.3684],[109.0221,-7.3688],[109.0222,-7.3689],[109.0226,-7.3692],[109.0233,-7.3698],[109.0242,-7.3707],[109.0263,-7.3721],[109.0268,-7.3725],[109.027,-7.3725],[109.0271,-7.3724],[109.0275,-7.3724],[109.0276,-7.3726],[109.0278,-7.3728],[109.0286,-7.3732],[109.0289,-7.3732],[109.0291,-7.3733],[109.0295,-7.3736],[109.0294,-7.3739],[109.029,-7.3747],[109.0286,-7.3754],[109.0288,-7.3754],[109.0288,-7.3753],[109.029,-7.3753],[109.0291,-7.3754],[109.0292,-7.3753],[109.0292,-7.3752],[109.0293,-7.3752],[109.0295,-7.375],[109.0296,-7.375],[109.0298,-7.3751],[109.0306,-7.3757],[109.0309,-7.376],[109.0309,-7.3762],[109.0317,-7.3769],[109.0324,-7.3769],[109.0329,-7.3771],[109.0337,-7.3776],[109.0344,-7.3779],[109.0345,-7.378],[109.0347,-7.378],[109.0351,-7.3784],[109.0355,-7.379],[109.0358,-7.379],[109.0363,-7.3791],[109.0364,-7.3792],[109.0365,-7.3792],[109.0366,-7.3791],[109.0367,-7.3791],[109.0368,-7.3792],[109.037,-7.3792],[109.0372,-7.3793],[109.0373,-7.3793],[109.039,-7.381],[109.0392,-7.381],[109.0396,-7.3808],[109.0407,-7.3813],[109.0422,-7.3825],[109.0422,-7.3827],[109.0423,-7.3827],[109.0426,-7.383],[109.0426,-7.3834],[109.0422,-7.3837],[109.0421,-7.384],[109.0421,-7.3842],[109.042,-7.3843],[109.0419,-7.3843],[109.0417,-7.3844],[109.0416,-7.3844],[109.0423,-7.3884],[109.0423,-7.3887],[109.042,-7.389],[109.0419,-7.389],[109.0418,-7.3891],[109.0417,-7.3891],[109.0415,-7.389],[109.0408,-7.3885],[109.0403,-7.3876],[109.0402,-7.3873],[109.0396,-7.3868],[109.0395,-7.3869],[109.0394,-7.3877],[109.0363,-7.3879],[109.035,-7.389],[109.0349,-7.389],[109.0328,-7.3885],[109.0326,-7.3885],[109.0308,-7.3898],[109.031,-7.39],[109.031,-7.3902],[109.0309,-7.3903],[109.0308,-7.3905],[109.0308,-7.3908],[109.0309,-7.3909],[109.0309,-7.3912],[109.0308,-7.3916],[109.0308,-7.3918],[109.0309,-7.3919],[109.0311,-7.3923],[109.0311,-7.3926],[109.0308,-7.3929],[109.0308,-7.393],[109.0309,-7.3931],[109.0309,-7.3932],[109.031,-7.3933],[109.0309,-7.3933],[109.0309,-7.3934],[109.0308,-7.3935],[109.0308,-7.3937],[109.0309,-7.3938],[109.0309,-7.3942],[109.0307,-7.3944],[109.0307,-7.3948],[109.0309,-7.3949],[109.0311,-7.3951],[109.0311,-7.3953],[109.0312,-7.3954],[109.0312,-7.3955],[109.0311,-7.3955],[109.0311,-7.3961],[109.0312,-7.3962],[109.0312,-7.3964],[109.0313,-7.3965],[109.0316,-7.3965],[109.0317,-7.3966]]]]}},{"type":"Feature","id":"ADMINISTRASI_AR_KECAMATAN_10K_2023.6","properties":{"id":"33.02.03","name":"Jatilawang","fcode":"BA03070040","luasWilayahHa":4872.78235380193,"kdpkab":"33.02","wadmkc":"Jatilawang","metadata":"TASWIL1000020230928_DATA_BATAS_DESAKELURAHAN","sumber":"Geoportal Palapa Kabupaten Banyumas (WFS 10K 2023)"},"geometry":{"type":"MultiPolygon","coordinates":[[[[109.1462,-7.5332],[109.1464,-7.5338],[109.147,-7.5359],[109.1474,-7.5382],[109.1475,-7.5382],[109.1475,-7.5402],[109.1478,-7.5402],[109.148,-7.5418],[109.1486,-7.5441],[109.1487,-7.5502],[109.1487,-7.553],[109.1483,-7.5531],[109.1468,-7.5531],[109.1467,-7.5558],[109.1469,-7.559],[109.1465,-7.5617],[109.1465,-7.562],[109.1464,-7.5625],[109.146,-7.5629],[109.1455,-7.5633],[109.1452,-7.5637],[109.1454,-7.564],[109.1456,-7.5646],[109.1453,-7.5652],[109.1447,-7.5661],[109.1442,-7.5666],[109.144,-7.5666],[109.1436,-7.5667],[109.1425,-7.5664],[109.1417,-7.5661],[109.1405,-7.5661],[109.1402,-7.5664],[109.1398,-7.5666],[109.1398,-7.5672],[109.1402,-7.5678],[109.1402,-7.5685],[109.14,-7.5701],[109.1394,-7.5715],[109.139,-7.5736],[109.139,-7.5744],[109.1388,-7.575],[109.1386,-7.5764],[109.1386,-7.577],[109.1387,-7.5782],[109.1386,-7.5795],[109.1382,-7.5791],[109.1382,-7.579],[109.1378,-7.5783],[109.1375,-7.5779],[109.1373,-7.5777],[109.1368,-7.5774],[109.1359,-7.577],[109.1352,-7.5769],[109.1343,-7.5767],[109.1339,-7.5765],[109.1325,-7.5762],[109.1313,-7.576],[109.1299,-7.576],[109.1292,-7.5759],[109.1289,-7.576],[109.1282,-7.5764],[109.1249,-7.5764],[109.1233,-7.577],[109.121,-7.5772],[109.1207,-7.5773],[109.1183,-7.5771],[109.1175,-7.5772],[109.1154,-7.5773],[109.1148,-7.5772],[109.1143,-7.5775],[109.1141,-7.5777],[109.114,-7.5777],[109.1123,-7.5792],[109.1113,-7.5802],[109.11,-7.5812],[109.1094,-7.5816],[109.1091,-7.5816],[109.1059,-7.5805],[109.1045,-7.5803],[109.1035,-7.5803],[109.1028,-7.5798],[109.1022,-7.5798],[109.0985,-7.5784],[109.0978,-7.5783],[109.0954,-7.5785],[109.0936,-7.5779],[109.0935,-7.5779],[109.0927,-7.5776],[109.0917,-7.5773],[109.0902,-7.5766],[109.0881,-7.5754],[109.0869,-7.5753],[109.086,-7.5749],[109.0855,-7.5743],[109.085,-7.5741],[109.0837,-7.5735],[109.0827,-7.573],[109.082,-7.5728],[109.0815,-7.5728],[109.0811,-7.5729],[109.0803,-7.573],[109.0806,-7.5691],[109.0809,-7.5626],[109.0813,-7.5622],[109.0819,-7.562],[109.0822,-7.562],[109.0828,-7.5616],[109.0827,-7.5613],[109.0824,-7.5596],[109.0825,-7.5585],[109.0828,-7.5568],[109.0837,-7.5545],[109.0853,-7.5508],[109.0873,-7.5506],[109.0874,-7.5499],[109.0882,-7.5499],[109.0888,-7.5496],[109.0892,-7.5495],[109.0893,-7.5494],[109.0893,-7.5492],[109.0894,-7.5492],[109.0895,-7.5491],[109.0895,-7.549],[109.0897,-7.549],[109.0897,-7.5489],[109.0898,-7.5488],[109.0898,-7.5487],[109.0897,-7.5487],[109.0897,-7.5486],[109.0898,-7.5484],[109.0897,-7.5484],[109.0896,-7.548],[109.0897,-7.5478],[109.0896,-7.5473],[109.0895,-7.5472],[109.0893,-7.5469],[109.0887,-7.5467],[109.0886,-7.5466],[109.0882,-7.5466],[109.088,-7.5469],[109.0876,-7.5468],[109.0871,-7.5465],[109.0866,-7.5464],[109.0862,-7.5464],[109.0852,-7.5467],[109.0848,-7.5469],[109.0841,-7.5476],[109.084,-7.5478],[109.0839,-7.5479],[109.0837,-7.5479],[109.0836,-7.5478],[109.0834,-7.5477],[109.0833,-7.5476],[109.0831,-7.5471],[109.0832,-7.5468],[109.0834,-7.5466],[109.0837,-7.5462],[109.0841,-7.5459],[109.0843,-7.5456],[109.0844,-7.5452],[109.0844,-7.5449],[109.084,-7.5447],[109.0843,-7.544],[109.0836,-7.544],[109.0834,-7.5441],[109.083,-7.5441],[109.083,-7.5438],[109.0832,-7.5434],[109.0833,-7.5431],[109.0833,-7.5428],[109.0828,-7.542],[109.0823,-7.5418],[109.0819,-7.542],[109.0816,-7.5422],[109.0808,-7.5428],[109.0803,-7.5429],[109.0799,-7.5429],[109.0797,-7.5428],[109.0795,-7.5426],[109.0793,-7.542],[109.0791,-7.5416],[109.079,-7.5413],[109.0792,-7.5409],[109.0793,-7.5408],[109.0793,-7.5402],[109.0792,-7.54],[109.079,-7.5398],[109.0788,-7.5395],[109.0786,-7.5393],[109.0784,-7.5392],[109.0782,-7.5392],[109.078,-7.5394],[109.078,-7.5395],[109.0779,-7.5398],[109.0779,-7.54],[109.078,-7.5403],[109.0781,-7.5404],[109.0781,-7.5409],[109.0782,-7.5412],[109.0779,-7.5413],[109.0775,-7.5415],[109.0769,-7.5417],[109.0768,-7.5417],[109.0765,-7.5415],[109.0756,-7.5403],[109.0756,-7.5401],[109.0753,-7.5401],[109.0751,-7.5402],[109.0748,-7.5408],[109.0746,-7.5415],[109.0743,-7.5419],[109.0741,-7.5424],[109.0738,-7.5426],[109.0733,-7.5428],[109.0728,-7.5429],[109.0726,-7.5429],[109.0724,-7.5428],[109.0722,-7.5426],[109.072,-7.542],[109.072,-7.5417],[109.0715,-7.5412],[109.0713,-7.5406],[109.0712,-7.5405],[109.0712,-7.5403],[109.0713,-7.5403],[109.0715,-7.5401],[109.0717,-7.5396],[109.0717,-7.5391],[109.0715,-7.5388],[109.0714,-7.5387],[109.0706,-7.5384],[109.0704,-7.5385],[109.0701,-7.5385],[109.0691,-7.5389],[109.0682,-7.5391],[109.0674,-7.5391],[109.0677,-7.5381],[109.0681,-7.5371],[109.0688,-7.5374],[109.0701,-7.537],[109.0708,-7.5369],[109.0725,-7.5368],[109.0726,-7.5367],[109.0733,-7.5367],[109.0733,-7.5358],[109.0735,-7.5358],[109.0737,-7.5332],[109.0738,-7.5307],[109.074,-7.5303],[109.0743,-7.5299],[109.0747,-7.5295],[109.0748,-7.5293],[109.0752,-7.5287],[109.0753,-7.5287],[109.0757,-7.5281],[109.0754,-7.5279],[109.0757,-7.5274],[109.0754,-7.5268],[109.0757,-7.5266],[109.0761,-7.5268],[109.0761,-7.5271],[109.0766,-7.5272],[109.0775,-7.5257],[109.0795,-7.526],[109.0797,-7.5253],[109.0801,-7.5245],[109.0803,-7.5243],[109.0807,-7.5246],[109.0812,-7.5244],[109.0819,-7.523],[109.0824,-7.5225],[109.0826,-7.5219],[109.0826,-7.5216],[109.0825,-7.5211],[109.0824,-7.5208],[109.0824,-7.5203],[109.0825,-7.5201],[109.0826,-7.5201],[109.0826,-7.52],[109.0828,-7.52],[109.0831,-7.5199],[109.0832,-7.52],[109.0837,-7.5203],[109.0854,-7.521],[109.0871,-7.5219],[109.0877,-7.5224],[109.0883,-7.5227],[109.0886,-7.5229],[109.0893,-7.5229],[109.0899,-7.5226],[109.0901,-7.5223],[109.0901,-7.5219],[109.0902,-7.5216],[109.0905,-7.5213],[109.0909,-7.5211],[109.0914,-7.521],[109.0925,-7.5211],[109.0942,-7.5212],[109.0953,-7.5216],[109.0955,-7.5218],[109.0955,-7.5229],[109.0952,-7.5252],[109.095,-7.5259],[109.095,-7.5264],[109.0951,-7.5266],[109.0952,-7.5267],[109.0954,-7.5268],[109.0955,-7.5269],[109.0957,-7.5268],[109.0959,-7.5265],[109.0963,-7.5265],[109.0969,-7.5264],[109.0977,-7.5264],[109.1001,-7.5263],[109.1001,-7.5258],[109.1,-7.5254],[109.1,-7.5249],[109.0999,-7.5243],[109.0999,-7.5237],[109.1001,-7.5231],[109.1003,-7.5218],[109.1009,-7.5206],[109.1013,-7.5201],[109.1019,-7.5191],[109.1023,-7.5186],[109.1023,-7.5158],[109.102,-7.5155],[109.102,-7.5153],[109.1019,-7.515],[109.1019,-7.5147],[109.102,-7.5143],[109.1023,-7.5137],[109.1025,-7.5134],[109.1025,-7.5131],[109.1023,-7.5121],[109.1021,-7.5116],[109.1021,-7.5101],[109.102,-7.51],[109.1045,-7.5067],[109.1051,-7.5046],[109.1047,-7.504],[109.104,-7.5035],[109.1031,-7.5031],[109.1007,-7.5028],[109.1013,-7.5024],[109.1026,-7.502],[109.1039,-7.5018],[109.1048,-7.5017],[109.1069,-7.5017],[109.1079,-7.5018],[109.1085,-7.5018],[109.111,-7.5023],[109.1136,-7.5026],[109.115,-7.5026],[109.115,-7.5021],[109.1161,-7.5021],[109.1174,-7.502],[109.1178,-7.5021],[109.1179,-7.5021],[109.1181,-7.502],[109.1182,-7.502],[109.1182,-7.5021],[109.1187,-7.5021],[109.1187,-7.5023],[109.119,-7.5026],[109.119,-7.5027],[109.1189,-7.5028],[109.1189,-7.503],[109.119,-7.5031],[109.119,-7.5032],[109.1191,-7.5033],[109.1192,-7.5033],[109.1192,-7.5035],[109.1193,-7.5036],[109.1187,-7.5037],[109.1182,-7.5037],[109.1182,-7.5039],[109.1184,-7.5046],[109.1184,-7.5052],[109.1186,-7.5058],[109.1186,-7.5059],[109.1187,-7.506],[109.1186,-7.506],[109.1183,-7.5061],[109.1183,-7.5076],[109.1184,-7.5079],[109.1184,-7.508],[109.1183,-7.5082],[109.1184,-7.5092],[109.1188,-7.509],[109.1193,-7.5089],[109.1195,-7.5092],[109.1204,-7.5091],[109.1207,-7.5091],[109.1208,-7.5092],[109.1209,-7.5097],[109.1209,-7.51],[109.121,-7.5103],[109.1212,-7.5105],[109.1214,-7.5103],[109.1214,-7.5105],[109.124,-7.5104],[109.1239,-7.5106],[109.1239,-7.5107],[109.1237,-7.5107],[109.1236,-7.5108],[109.1235,-7.5107],[109.1233,-7.5106],[109.1229,-7.5106],[109.1227,-7.5108],[109.1227,-7.511],[109.1228,-7.511],[109.1228,-7.5111],[109.1231,-7.5111],[109.1231,-7.5114],[109.1229,-7.5114],[109.1228,-7.5125],[109.1221,-7.5125],[109.1221,-7.5128],[109.1228,-7.5129],[109.1228,-7.5131],[109.123,-7.5132],[109.1229,-7.5132],[109.1228,-7.5135],[109.1221,-7.5136],[109.1221,-7.5143],[109.1233,-7.5141],[109.1239,-7.5142],[109.1241,-7.5142],[109.1242,-7.5149],[109.1239,-7.5149],[109.1239,-7.5151],[109.1241,-7.5151],[109.1241,-7.5154],[109.1242,-7.5154],[109.1242,-7.5157],[109.1244,-7.5157],[109.1244,-7.5161],[109.125,-7.516],[109.1251,-7.516],[109.1252,-7.5161],[109.1252,-7.5173],[109.1255,-7.5174],[109.1255,-7.5197],[109.1262,-7.5198],[109.1275,-7.5198],[109.1275,-7.5191],[109.1278,-7.5188],[109.1279,-7.5188],[109.1282,-7.5191],[109.1285,-7.5191],[109.1285,-7.519],[109.1286,-7.519],[109.1286,-7.5189],[109.1288,-7.5187],[109.1288,-7.5185],[109.1293,-7.5182],[109.1296,-7.5182],[109.1298,-7.5184],[109.1298,-7.5186],[109.13,-7.5188],[109.1304,-7.5188],[109.1305,-7.5189],[109.1306,-7.5189],[109.1306,-7.5191],[109.1305,-7.5191],[109.1305,-7.5194],[109.1306,-7.5195],[109.1306,-7.5196],[109.131,-7.5196],[109.131,-7.5193],[109.1313,-7.5193],[109.1318,-7.5195],[109.1319,-7.5199],[109.1319,-7.521],[109.1333,-7.5209],[109.1352,-7.5209],[109.1353,-7.521],[109.1354,-7.5212],[109.1354,-7.5214],[109.1356,-7.5216],[109.1355,-7.5224],[109.1355,-7.5229],[109.1356,-7.5235],[109.1356,-7.5243],[109.1355,-7.5245],[109.1355,-7.5257],[109.1398,-7.5257],[109.14,-7.5256],[109.1403,-7.5256],[109.1403,-7.5255],[109.1406,-7.5256],[109.1411,-7.5256],[109.1411,-7.5257],[109.1412,-7.5257],[109.1412,-7.5258],[109.1413,-7.5258],[109.1413,-7.5259],[109.1415,-7.5261],[109.1417,-7.5261],[109.1419,-7.526],[109.1421,-7.5259],[109.1425,-7.5256],[109.1426,-7.5256],[109.1427,-7.5257],[109.1427,-7.5258],[109.1428,-7.5259],[109.1428,-7.526],[109.143,-7.526],[109.1432,-7.5258],[109.1436,-7.5258],[109.1439,-7.5259],[109.144,-7.5264],[109.1465,-7.5284],[109.1475,-7.529],[109.1477,-7.529],[109.147,-7.5312],[109.1466,-7.5318],[109.1464,-7.5322],[109.1462,-7.5332]]]]}},{"type":"Feature","id":"ADMINISTRASI_AR_KECAMATAN_10K_2023.7","properties":{"id":"33.02.10","name":"Kalibagor","fcode":"BA03070040","luasWilayahHa":4026.2186926918,"kdpkab":"33.02","wadmkc":"Kalibagor","metadata":"TASWIL1000020230928_DATA_BATAS_DESAKELURAHAN","sumber":"Geoportal Palapa Kabupaten Banyumas (WFS 10K 2023)"},"geometry":{"type":"MultiPolygon","coordinates":[[[[109.2975,-7.4693],[109.2976,-7.4695],[109.2983,-7.4694],[109.2993,-7.4694],[109.2993,-7.4696],[109.2998,-7.4696],[109.2998,-7.4693],[109.301,-7.4693],[109.3016,-7.4692],[109.3034,-7.4692],[109.3033,-7.4685],[109.3033,-7.4677],[109.3039,-7.4674],[109.3038,-7.4669],[109.3049,-7.4668],[109.3063,-7.4666],[109.3063,-7.4652],[109.3062,-7.4649],[109.3069,-7.465],[109.3069,-7.4639],[109.307,-7.4635],[109.3071,-7.4626],[109.3072,-7.4623],[109.3072,-7.4622],[109.3081,-7.4624],[109.3084,-7.4623],[109.3088,-7.4623],[109.3088,-7.4622],[109.3089,-7.4622],[109.3089,-7.4618],[109.309,-7.4617],[109.3089,-7.4612],[109.3089,-7.4608],[109.3088,-7.4606],[109.3089,-7.4602],[109.3089,-7.4599],[109.3102,-7.4599],[109.3104,-7.46],[109.3105,-7.4599],[109.3107,-7.46],[109.3111,-7.4601],[109.3115,-7.4601],[109.3117,-7.4602],[109.3118,-7.4603],[109.3119,-7.4603],[109.312,-7.4604],[109.3127,-7.4601],[109.3127,-7.4602],[109.3141,-7.4599],[109.3158,-7.4596],[109.3158,-7.4592],[109.3159,-7.459],[109.3162,-7.4576],[109.3165,-7.4564],[109.3165,-7.4562],[109.3166,-7.4556],[109.3168,-7.455],[109.317,-7.4537],[109.3172,-7.4527],[109.3174,-7.4519],[109.3176,-7.4514],[109.3179,-7.4515],[109.3181,-7.4515],[109.3181,-7.4512],[109.3179,-7.4507],[109.3179,-7.4502],[109.3182,-7.4501],[109.3187,-7.4501],[109.3187,-7.4498],[109.3186,-7.4498],[109.3186,-7.4497],[109.3185,-7.4497],[109.3185,-7.4495],[109.3183,-7.4493],[109.3183,-7.4492],[109.3184,-7.4492],[109.3183,-7.4491],[109.3194,-7.4491],[109.3196,-7.449],[109.321,-7.4489],[109.321,-7.4486],[109.3214,-7.4488],[109.3215,-7.4489],[109.3217,-7.449],[109.3219,-7.449],[109.3222,-7.4491],[109.3227,-7.449],[109.3228,-7.4489],[109.3231,-7.4489],[109.3233,-7.4488],[109.3234,-7.4488],[109.3235,-7.4489],[109.3236,-7.4489],[109.3238,-7.4487],[109.3242,-7.4487],[109.3243,-7.4489],[109.3245,-7.449],[109.3246,-7.449],[109.3247,-7.4491],[109.3253,-7.4491],[109.3257,-7.449],[109.3259,-7.449],[109.326,-7.4491],[109.326,-7.4498],[109.3264,-7.4502],[109.3266,-7.4502],[109.3269,-7.4499],[109.3271,-7.4499],[109.3273,-7.45],[109.3273,-7.4501],[109.3274,-7.4502],[109.3279,-7.4502],[109.3282,-7.4499],[109.3284,-7.4499],[109.3284,-7.45],[109.3286,-7.4502],[109.3286,-7.4506],[109.3284,-7.4508],[109.3284,-7.4511],[109.3285,-7.4511],[109.3285,-7.4512],[109.3286,-7.4513],[109.3288,-7.4513],[109.3289,-7.4514],[109.329,-7.4514],[109.3291,-7.4515],[109.3291,-7.4516],[109.3288,-7.4519],[109.3284,-7.4521],[109.3283,-7.4521],[109.3283,-7.4523],[109.3285,-7.4525],[109.3292,-7.4525],[109.3297,-7.4526],[109.3299,-7.4526],[109.3299,-7.4529],[109.3296,-7.4532],[109.3296,-7.4535],[109.3309,-7.4548],[109.3309,-7.4547],[109.3315,-7.4546],[109.3316,-7.4545],[109.3318,-7.4544],[109.3319,-7.4542],[109.332,-7.4541],[109.3322,-7.4537],[109.3323,-7.4536],[109.3325,-7.4532],[109.3327,-7.4531],[109.3328,-7.4528],[109.333,-7.4525],[109.3332,-7.4523],[109.3334,-7.452],[109.3336,-7.4515],[109.3338,-7.4512],[109.3342,-7.4501],[109.3343,-7.4496],[109.3346,-7.4489],[109.3346,-7.4486],[109.3347,-7.4482],[109.3345,-7.4481],[109.3355,-7.4485],[109.337,-7.4489],[109.3374,-7.4491],[109.3374,-7.4487],[109.3375,-7.4485],[109.3377,-7.4484],[109.3377,-7.4481],[109.3387,-7.4486],[109.3388,-7.4486],[109.3403,-7.4494],[109.3409,-7.4496],[109.341,-7.4496],[109.3411,-7.4497],[109.3411,-7.452],[109.3412,-7.4523],[109.3412,-7.4525],[109.341,-7.4525],[109.3411,-7.4532],[109.3409,-7.4538],[109.3409,-7.4542],[109.3408,-7.4547],[109.3409,-7.4549],[109.341,-7.455],[109.3411,-7.4553],[109.3412,-7.4554],[109.3412,-7.4567],[109.3411,-7.4572],[109.3411,-7.4574],[109.3409,-7.4574],[109.3406,-7.4575],[109.3401,-7.4575],[109.3399,-7.4574],[109.3396,-7.4575],[109.3392,-7.4573],[109.3365,-7.4573],[109.3363,-7.4574],[109.3359,-7.4573],[109.3355,-7.4574],[109.3355,-7.4575],[109.3352,-7.4576],[109.3347,-7.4581],[109.3347,-7.4582],[109.3346,-7.4582],[109.3346,-7.4583],[109.3344,-7.4586],[109.3344,-7.4589],[109.3346,-7.459],[109.3348,-7.459],[109.335,-7.4591],[109.3355,-7.4591],[109.3357,-7.4593],[109.3359,-7.4594],[109.3363,-7.4598],[109.3368,-7.46],[109.337,-7.46],[109.3372,-7.4602],[109.3372,-7.4604],[109.3371,-7.4605],[109.3371,-7.4606],[109.3365,-7.4609],[109.3359,-7.4609],[109.3353,-7.4603],[109.3351,-7.4603],[109.335,-7.4604],[109.3349,-7.4604],[109.3348,-7.4605],[109.3348,-7.4606],[109.335,-7.4607],[109.3351,-7.461],[109.3352,-7.461],[109.3353,-7.4611],[109.3355,-7.4612],[109.3357,-7.4614],[109.3357,-7.4615],[109.3358,-7.4615],[109.3361,-7.462],[109.3361,-7.4621],[109.3363,-7.4623],[109.3364,-7.4625],[109.3366,-7.4627],[109.3366,-7.463],[109.3365,-7.4631],[109.3363,-7.4632],[109.3357,-7.4634],[109.3354,-7.4634],[109.3352,-7.4635],[109.3352,-7.4636],[109.3351,-7.4636],[109.3351,-7.4637],[109.3347,-7.4642],[109.3346,-7.4645],[109.3345,-7.4646],[109.3344,-7.4649],[109.3343,-7.465],[109.3341,-7.4655],[109.334,-7.4657],[109.3339,-7.4658],[109.3336,-7.4663],[109.3336,-7.4664],[109.3335,-7.4664],[109.3334,-7.4667],[109.3329,-7.4673],[109.3329,-7.4674],[109.3325,-7.4678],[109.3324,-7.468],[109.3323,-7.4681],[109.3324,-7.4684],[109.3322,-7.4686],[109.3326,-7.4688],[109.3322,-7.4691],[109.332,-7.4693],[109.3318,-7.4696],[109.3317,-7.4696],[109.3313,-7.4694],[109.3306,-7.4689],[109.3302,-7.4686],[109.33,-7.4683],[109.3299,-7.4682],[109.3297,-7.4678],[109.3295,-7.4673],[109.3293,-7.4662],[109.3293,-7.4658],[109.3294,-7.4653],[109.3295,-7.465],[109.3298,-7.4645],[109.3304,-7.4637],[109.3311,-7.463],[109.3313,-7.4625],[109.3315,-7.4621],[109.3316,-7.4617],[109.3316,-7.4614],[109.3314,-7.461],[109.3311,-7.4607],[109.3306,-7.4606],[109.3297,-7.4606],[109.3288,-7.461],[109.3287,-7.461],[109.3284,-7.4612],[109.3274,-7.4617],[109.3266,-7.4625],[109.3258,-7.4638],[109.3257,-7.4642],[109.3255,-7.4645],[109.3255,-7.466],[109.3256,-7.4669],[109.3259,-7.4675],[109.326,-7.4679],[109.3263,-7.4687],[109.3264,-7.4687],[109.3267,-7.4692],[109.327,-7.4699],[109.3272,-7.4702],[109.3273,-7.4714],[109.327,-7.4721],[109.3263,-7.4727],[109.3258,-7.4729],[109.3256,-7.4729],[109.3251,-7.4731],[109.3244,-7.4731],[109.3239,-7.4732],[109.323,-7.473],[109.3226,-7.473],[109.3222,-7.4729],[109.3219,-7.473],[109.3216,-7.473],[109.3213,-7.4733],[109.321,-7.4737],[109.3211,-7.4744],[109.3216,-7.4753],[109.3216,-7.4759],[109.3214,-7.4763],[109.3213,-7.4764],[109.3213,-7.4765],[109.3209,-7.4768],[109.3207,-7.4773],[109.3206,-7.4781],[109.3206,-7.4785],[109.3205,-7.4787],[109.3205,-7.4811],[109.3207,-7.4818],[109.3209,-7.4822],[109.3209,-7.4823],[109.3212,-7.4828],[109.3219,-7.4831],[109.3261,-7.4831],[109.3269,-7.4832],[109.3279,-7.4834],[109.3281,-7.4834],[109.33,-7.4839],[109.3334,-7.4849],[109.3335,-7.485],[109.3341,-7.4852],[109.3345,-7.4855],[109.3349,-7.4857],[109.3355,-7.4863],[109.3357,-7.4867],[109.3362,-7.4874],[109.3363,-7.4878],[109.3366,-7.4887],[109.3368,-7.4902],[109.3369,-7.4903],[109.3369,-7.4905],[109.3371,-7.4913],[109.3371,-7.4931],[109.3372,-7.4933],[109.3372,-7.4934],[109.3369,-7.4943],[109.3344,-7.4976],[109.3343,-7.4978],[109.334,-7.4981],[109.3335,-7.4993],[109.3335,-7.5019],[109.3337,-7.5033],[109.3342,-7.5056],[109.3345,-7.5062],[109.335,-7.5067],[109.3358,-7.5072],[109.3365,-7.5075],[109.338,-7.5077],[109.3393,-7.508],[109.3408,-7.5084],[109.3419,-7.5091],[109.3421,-7.5095],[109.3423,-7.5097],[109.3425,-7.5103],[109.342,-7.5115],[109.3415,-7.5119],[109.3408,-7.512],[109.3387,-7.512],[109.3367,-7.5126],[109.3355,-7.5132],[109.3339,-7.5139],[109.3322,-7.5145],[109.3311,-7.5152],[109.331,-7.5153],[109.3296,-7.516],[109.3283,-7.5168],[109.327,-7.5175],[109.3263,-7.5181],[109.3243,-7.5191],[109.3233,-7.5199],[109.3218,-7.5206],[109.3202,-7.5213],[109.3188,-7.5217],[109.3181,-7.5222],[109.3176,-7.5229],[109.3174,-7.5234],[109.3169,-7.524],[109.316,-7.5249],[109.3147,-7.5254],[109.3143,-7.5252],[109.3142,-7.5252],[109.3141,-7.5251],[109.3139,-7.5251],[109.3134,-7.5247],[109.3131,-7.5242],[109.3131,-7.5234],[109.3132,-7.5228],[109.3138,-7.5223],[109.3154,-7.522],[109.316,-7.5216],[109.317,-7.5204],[109.3186,-7.5182],[109.3193,-7.5167],[109.3193,-7.5165],[109.3196,-7.5155],[109.3196,-7.5145],[109.3194,-7.5138],[109.3189,-7.5133],[109.3184,-7.5129],[109.3171,-7.5126],[109.3128,-7.5124],[109.3112,-7.5126],[109.3095,-7.5132],[109.3077,-7.5142],[109.3059,-7.5156],[109.3039,-7.517],[109.3033,-7.5173],[109.303,-7.5173],[109.3023,-7.5169],[109.3019,-7.5162],[109.3012,-7.5139],[109.3003,-7.5113],[109.2997,-7.5103],[109.2988,-7.5096],[109.2977,-7.5091],[109.2962,-7.5088],[109.2937,-7.5088],[109.2921,-7.5091],[109.2906,-7.5093],[109.2886,-7.5095],[109.2866,-7.5098],[109.2856,-7.5098],[109.2848,-7.5096],[109.2837,-7.5092],[109.2822,-7.5089],[109.2803,-7.5084],[109.2789,-7.5082],[109.2779,-7.5081],[109.2771,-7.5079],[109.2761,-7.5081],[109.274,-7.5089],[109.2739,-7.509],[109.2738,-7.509],[109.273,-7.5093],[109.2722,-7.51],[109.2708,-7.5115],[109.2697,-7.5122],[109.2687,-7.5129],[109.2681,-7.5131],[109.2667,-7.5133],[109.2634,-7.5125],[109.2619,-7.5113],[109.2615,-7.5105],[109.261,-7.5084],[109.2604,-7.5065],[109.26,-7.5043],[109.261,-7.5038],[109.2619,-7.5031],[109.2637,-7.5011],[109.2638,-7.4998],[109.2643,-7.4997],[109.2646,-7.5],[109.2651,-7.5009],[109.2653,-7.5011],[109.2656,-7.5012],[109.2658,-7.5012],[109.2662,-7.5011],[109.2671,-7.5006],[109.2671,-7.4995],[109.2672,-7.4988],[109.2672,-7.4972],[109.2673,-7.4956],[109.2677,-7.4953],[109.2681,-7.4951],[109.2686,-7.4947],[109.2689,-7.4944],[109.2699,-7.4937],[109.2705,-7.4934],[109.2717,-7.4927],[109.2721,-7.4921],[109.2722,-7.4918],[109.2725,-7.4915],[109.273,-7.4907],[109.2733,-7.4904],[109.2739,-7.49],[109.2743,-7.4895],[109.2744,-7.4893],[109.275,-7.4887],[109.2753,-7.4885],[109.2751,-7.4884],[109.275,-7.4882],[109.2743,-7.4875],[109.2742,-7.4873],[109.2738,-7.4871],[109.2726,-7.4863],[109.2715,-7.4843],[109.2713,-7.4839],[109.2713,-7.4838],[109.2694,-7.4831],[109.2692,-7.483],[109.2691,-7.4829],[109.269,-7.4825],[109.2689,-7.4824],[109.2689,-7.4823],[109.2678,-7.4822],[109.2671,-7.4825],[109.2662,-7.4818],[109.2664,-7.4814],[109.2665,-7.4813],[109.2666,-7.4813],[109.2667,-7.4812],[109.2671,-7.4804],[109.2672,-7.4801],[109.2673,-7.48],[109.2672,-7.4799],[109.2672,-7.4797],[109.2671,-7.4796],[109.267,-7.4796],[109.2672,-7.4791],[109.2675,-7.4791],[109.2675,-7.4789],[109.2672,-7.4784],[109.2672,-7.4781],[109.2675,-7.4765],[109.2676,-7.4758],[109.2676,-7.4755],[109.2678,-7.4751],[109.268,-7.4751],[109.2684,-7.4748],[109.2683,-7.4748],[109.2683,-7.4747],[109.2682,-7.4746],[109.2683,-7.4744],[109.2683,-7.4741],[109.2684,-7.474],[109.2684,-7.4739],[109.2685,-7.4738],[109.2685,-7.4735],[109.2683,-7.4733],[109.2683,-7.4728],[109.2682,-7.4727],[109.2682,-7.4726],[109.2683,-7.4725],[109.2687,-7.4725],[109.2687,-7.4724],[109.2694,-7.4723],[109.2696,-7.4722],[109.2698,-7.4722],[109.27,-7.4721],[109.2701,-7.4721],[109.2702,-7.4722],[109.2704,-7.4722],[109.2709,-7.4723],[109.2712,-7.4725],[109.2714,-7.4725],[109.2714,-7.4726],[109.2718,-7.4726],[109.2717,-7.4723],[109.2718,-7.4722],[109.2719,-7.4722],[109.2722,-7.4721],[109.2727,-7.4722],[109.2729,-7.4722],[109.2731,-7.4723],[109.2733,-7.4723],[109.2736,-7.4726],[109.2735,-7.4727],[109.2735,-7.473],[109.2736,-7.473],[109.274,-7.4734],[109.2741,-7.4734],[109.2742,-7.4735],[109.2741,-7.4736],[109.2741,-7.4739],[109.2743,-7.4739],[109.2745,-7.474],[109.2753,-7.474],[109.2754,-7.4739],[109.2757,-7.4739],[109.2757,-7.4735],[109.2752,-7.4734],[109.2751,-7.4733],[109.2751,-7.4732],[109.275,-7.4731],[109.2749,-7.4731],[109.275,-7.4727],[109.2749,-7.4727],[109.2749,-7.4726],[109.2746,-7.4726],[109.2747,-7.4725],[109.2747,-7.4722],[109.2748,-7.4722],[109.275,-7.472],[109.275,-7.4718],[109.2751,-7.4717],[109.2751,-7.4715],[109.2752,-7.4714],[109.2752,-7.4712],[109.2754,-7.4707],[109.2756,-7.4703],[109.2758,-7.4699],[109.2759,-7.4698],[109.2759,-7.4697],[109.2761,-7.4694],[109.2763,-7.4692],[109.2765,-7.4689],[109.2766,-7.4689],[109.2766,-7.469],[109.2767,-7.469],[109.2767,-7.4689],[109.2774,-7.4689],[109.2774,-7.469],[109.2775,-7.469],[109.2774,-7.4691],[109.2782,-7.4691],[109.2782,-7.4692],[109.2783,-7.4693],[109.2788,-7.4694],[109.2796,-7.4695],[109.2796,-7.4692],[109.2794,-7.4691],[109.2794,-7.469],[109.2797,-7.469],[109.2798,-7.4691],[109.2799,-7.4691],[109.2799,-7.4688],[109.2798,-7.4687],[109.2797,-7.4687],[109.2797,-7.4685],[109.2798,-7.4685],[109.2798,-7.4684],[109.2797,-7.4684],[109.2797,-7.4683],[109.2796,-7.4682],[109.2796,-7.468],[109.2795,-7.468],[109.2795,-7.4679],[109.2794,-7.4678],[109.2793,-7.4678],[109.2792,-7.4677],[109.2794,-7.4675],[109.2795,-7.4675],[109.2795,-7.4673],[109.2798,-7.4673],[109.2798,-7.467],[109.2797,-7.467],[109.2796,-7.4671],[109.2794,-7.4671],[109.2794,-7.4667],[109.2793,-7.4665],[109.281,-7.4666],[109.2812,-7.4657],[109.2812,-7.4654],[109.2818,-7.4655],[109.2823,-7.4655],[109.2829,-7.4656],[109.2837,-7.4658],[109.2839,-7.4653],[109.2839,-7.4651],[109.2846,-7.4653],[109.2852,-7.4654],[109.2864,-7.4654],[109.2866,-7.4655],[109.2867,-7.4655],[109.2868,-7.4656],[109.2867,-7.4656],[109.2868,-7.4656],[109.2869,-7.4657],[109.2873,-7.4657],[109.2878,-7.4658],[109.288,-7.4658],[109.2881,-7.4659],[109.2885,-7.4659],[109.2885,-7.4657],[109.2891,-7.4657],[109.2899,-7.4656],[109.29,-7.4656],[109.2903,-7.4657],[109.2905,-7.4657],[109.2906,-7.4658],[109.2918,-7.4657],[109.2921,-7.4658],[109.2926,-7.4658],[109.2926,-7.4665],[109.2927,-7.4666],[109.2928,-7.4666],[109.2929,-7.4665],[109.293,-7.4666],[109.293,-7.4667],[109.2933,-7.4667],[109.2934,-7.4668],[109.2935,-7.4668],[109.2936,-7.4667],[109.2939,-7.4667],[109.2939,-7.4666],[109.294,-7.4666],[109.2941,-7.4667],[109.2941,-7.4668],[109.2942,-7.4667],[109.2946,-7.4667],[109.2946,-7.4668],[109.2947,-7.4669],[109.295,-7.4669],[109.295,-7.467],[109.2951,-7.4669],[109.2952,-7.4669],[109.2954,-7.467],[109.2956,-7.467],[109.2956,-7.4674],[109.296,-7.4674],[109.2961,-7.4673],[109.2963,-7.4673],[109.2964,-7.4674],[109.2966,-7.4674],[109.2967,-7.4673],[109.2967,-7.4676],[109.2966,-7.4676],[109.2966,-7.4677],[109.2967,-7.4678],[109.2969,-7.4679],[109.297,-7.4679],[109.2971,-7.468],[109.2972,-7.468],[109.2972,-7.4683],[109.2973,-7.4689],[109.2974,-7.4692],[109.2975,-7.4693]]],[[[109.3345,-7.4481],[109.3341,-7.448],[109.3345,-7.4481]]]]}},{"type":"Feature","id":"ADMINISTRASI_AR_KECAMATAN_10K_2023.8","properties":{"id":"33.02.18","name":"Karanglewas","fcode":"BA03070040","luasWilayahHa":3342.77149064947,"kdpkab":"33.02","wadmkc":"Karanglewas","metadata":"TASWIL1000020230928_DATA_BATAS_DESAKELURAHAN","sumber":"Geoportal Palapa Kabupaten Banyumas (WFS 10K 2023)"},"geometry":{"type":"MultiPolygon","coordinates":[[[[109.1828,-7.372],[109.183,-7.3723],[109.1831,-7.3727],[109.183,-7.373],[109.183,-7.3731],[109.1831,-7.3733],[109.1834,-7.3737],[109.1838,-7.3741],[109.1839,-7.3743],[109.1841,-7.3745],[109.1843,-7.3745],[109.1846,-7.3746],[109.1848,-7.3746],[109.1852,-7.375],[109.1852,-7.3754],[109.1853,-7.3757],[109.1852,-7.376],[109.1852,-7.3765],[109.1853,-7.3768],[109.1854,-7.3768],[109.1855,-7.377],[109.1856,-7.377],[109.1858,-7.3772],[109.1859,-7.3772],[109.186,-7.3773],[109.1862,-7.3779],[109.1865,-7.3784],[109.1873,-7.3784],[109.1878,-7.3786],[109.1882,-7.379],[109.1885,-7.3794],[109.1885,-7.3795],[109.1886,-7.3796],[109.1886,-7.3799],[109.1885,-7.38],[109.1883,-7.3807],[109.1883,-7.3813],[109.1884,-7.3816],[109.1886,-7.3819],[109.1887,-7.382],[109.1888,-7.3823],[109.1889,-7.3824],[109.1889,-7.3826],[109.1888,-7.383],[109.1888,-7.3833],[109.1887,-7.3837],[109.1886,-7.3839],[109.1891,-7.3849],[109.1894,-7.3856],[109.1894,-7.3857],[109.1896,-7.3858],[109.19,-7.3866],[109.1901,-7.3869],[109.1903,-7.3872],[109.1904,-7.3872],[109.1906,-7.3873],[109.1908,-7.3873],[109.1908,-7.3879],[109.1909,-7.3879],[109.1911,-7.388],[109.1912,-7.388],[109.1916,-7.3882],[109.1919,-7.3882],[109.1922,-7.3883],[109.1926,-7.3883],[109.1928,-7.3885],[109.1929,-7.3885],[109.1932,-7.3888],[109.1934,-7.3889],[109.1934,-7.389],[109.1935,-7.3891],[109.1937,-7.3892],[109.1938,-7.3895],[109.194,-7.3898],[109.1942,-7.39],[109.1942,-7.3902],[109.1943,-7.3903],[109.1943,-7.3904],[109.1946,-7.3907],[109.1946,-7.3908],[109.1947,-7.3909],[109.1949,-7.391],[109.195,-7.3911],[109.1952,-7.3912],[109.1952,-7.3913],[109.1953,-7.3913],[109.1955,-7.3915],[109.1956,-7.3915],[109.1959,-7.3919],[109.196,-7.3921],[109.1961,-7.3922],[109.1962,-7.3922],[109.1964,-7.3924],[109.1965,-7.3927],[109.1967,-7.3929],[109.1967,-7.393],[109.1969,-7.3929],[109.197,-7.3929],[109.1972,-7.3931],[109.1972,-7.3932],[109.197,-7.3935],[109.1968,-7.3939],[109.1966,-7.3946],[109.1962,-7.3958],[109.1962,-7.3963],[109.1959,-7.3975],[109.1957,-7.3979],[109.1957,-7.3983],[109.1958,-7.3984],[109.1958,-7.3993],[109.1956,-7.3996],[109.1954,-7.3998],[109.1952,-7.4],[109.1949,-7.4002],[109.1952,-7.4003],[109.1964,-7.4003],[109.1964,-7.4004],[109.1965,-7.4004],[109.1965,-7.4003],[109.1968,-7.4003],[109.1968,-7.4004],[109.1969,-7.4003],[109.1976,-7.4003],[109.1977,-7.4002],[109.1984,-7.4002],[109.1986,-7.4001],[109.1992,-7.4002],[109.1996,-7.3999],[109.1998,-7.3997],[109.2001,-7.3995],[109.2003,-7.3994],[109.2005,-7.3994],[109.2006,-7.3993],[109.2012,-7.3992],[109.2017,-7.3992],[109.2017,-7.3993],[109.2026,-7.3993],[109.2026,-7.3992],[109.2028,-7.3992],[109.203,-7.3993],[109.2034,-7.3993],[109.2032,-7.3992],[109.2031,-7.3991],[109.2031,-7.3989],[109.2032,-7.3989],[109.2034,-7.399],[109.2038,-7.3991],[109.2041,-7.3991],[109.2044,-7.3992],[109.2046,-7.3992],[109.2051,-7.3993],[109.2054,-7.3994],[109.2057,-7.3994],[109.2059,-7.3995],[109.206,-7.3995],[109.206,-7.3996],[109.2063,-7.3998],[109.2067,-7.4],[109.207,-7.4],[109.2075,-7.4001],[109.2082,-7.4005],[109.209,-7.4008],[109.2087,-7.4016],[109.21,-7.4023],[109.2099,-7.4026],[109.2096,-7.4031],[109.2094,-7.4033],[109.2092,-7.4036],[109.2092,-7.4037],[109.2088,-7.4039],[109.2087,-7.4044],[109.2087,-7.4046],[109.2095,-7.4047],[109.2096,-7.405],[109.2098,-7.405],[109.2101,-7.4058],[109.2102,-7.4063],[109.2102,-7.4067],[109.2103,-7.407],[109.2102,-7.4072],[109.2102,-7.4076],[109.2099,-7.408],[109.2099,-7.4082],[109.21,-7.4084],[109.21,-7.4086],[109.2099,-7.4089],[109.2098,-7.409],[109.2096,-7.4093],[109.2096,-7.4094],[109.2095,-7.4095],[109.2095,-7.4097],[109.2094,-7.4099],[109.2093,-7.41],[109.2093,-7.4106],[109.2091,-7.4107],[109.2089,-7.4109],[109.2089,-7.4116],[109.2088,-7.4117],[109.2087,-7.4119],[109.2087,-7.4124],[109.2086,-7.4126],[109.2086,-7.4127],[109.2077,-7.4127],[109.2076,-7.4126],[109.2073,-7.4126],[109.2071,-7.4125],[109.2068,-7.4125],[109.2065,-7.4124],[109.2061,-7.4124],[109.206,-7.4123],[109.2053,-7.4123],[109.2052,-7.4124],[109.2048,-7.4124],[109.2045,-7.4123],[109.2043,-7.4123],[109.2041,-7.4122],[109.2034,-7.4122],[109.2033,-7.4123],[109.2032,-7.4122],[109.203,-7.4122],[109.2028,-7.4121],[109.2024,-7.4121],[109.2021,-7.412],[109.2022,-7.4119],[109.2022,-7.4116],[109.2024,-7.4116],[109.2028,-7.4117],[109.2028,-7.4116],[109.2024,-7.4115],[109.2024,-7.4114],[109.202,-7.4113],[109.2019,-7.4112],[109.2018,-7.4112],[109.2019,-7.411],[109.2018,-7.4109],[109.2016,-7.4109],[109.2016,-7.4106],[109.2017,-7.4105],[109.2017,-7.4102],[109.2015,-7.4101],[109.2011,-7.4101],[109.201,-7.4102],[109.2011,-7.4102],[109.2011,-7.4103],[109.201,-7.4103],[109.201,-7.4104],[109.2009,-7.4106],[109.2009,-7.4107],[109.201,-7.4108],[109.2012,-7.4108],[109.2014,-7.4109],[109.2015,-7.4109],[109.2015,-7.4111],[109.2014,-7.4114],[109.2014,-7.4116],[109.2011,-7.4116],[109.2011,-7.4119],[109.2009,-7.4119],[109.2009,-7.4121],[109.2008,-7.4122],[109.2008,-7.4123],[109.2011,-7.4124],[109.2013,-7.4124],[109.2013,-7.4125],[109.2012,-7.4126],[109.2012,-7.4129],[109.2007,-7.4129],[109.2005,-7.4132],[109.2005,-7.4133],[109.2003,-7.414],[109.2003,-7.4142],[109.2002,-7.4144],[109.2002,-7.4149],[109.2001,-7.4151],[109.2001,-7.4159],[109.2,-7.416],[109.2,-7.4168],[109.1999,-7.4173],[109.1999,-7.4174],[109.2002,-7.4174],[109.2004,-7.4173],[109.2009,-7.4173],[109.2008,-7.418],[109.2008,-7.4188],[109.2007,-7.4187],[109.2005,-7.4187],[109.2005,-7.4183],[109.2003,-7.4182],[109.1998,-7.4182],[109.1998,-7.4183],[109.1999,-7.4183],[109.1999,-7.4184],[109.1998,-7.4184],[109.1998,-7.4187],[109.1999,-7.4187],[109.1999,-7.4189],[109.1998,-7.4191],[109.1998,-7.4192],[109.1997,-7.4191],[109.1992,-7.4191],[109.1992,-7.4188],[109.1991,-7.4181],[109.1987,-7.4181],[109.1986,-7.4182],[109.1975,-7.4182],[109.1972,-7.4184],[109.1967,-7.4186],[109.1967,-7.4189],[109.1966,-7.4189],[109.1965,-7.419],[109.1956,-7.419],[109.1954,-7.4188],[109.1953,-7.4186],[109.1945,-7.4178],[109.1944,-7.4177],[109.1943,-7.4177],[109.1943,-7.4176],[109.1944,-7.4176],[109.1944,-7.4173],[109.1942,-7.4173],[109.1937,-7.4171],[109.1933,-7.4171],[109.1933,-7.4164],[109.1932,-7.4161],[109.1932,-7.4159],[109.1931,-7.4157],[109.1931,-7.4155],[109.1932,-7.4155],[109.1933,-7.4154],[109.1929,-7.4154],[109.1929,-7.4155],[109.1931,-7.4162],[109.1931,-7.4176],[109.193,-7.4177],[109.193,-7.4187],[109.1929,-7.419],[109.1929,-7.4192],[109.1934,-7.4192],[109.1934,-7.419],[109.1933,-7.4189],[109.1934,-7.4188],[109.1935,-7.4188],[109.1936,-7.4189],[109.1937,-7.4189],[109.1939,-7.4184],[109.1948,-7.419],[109.1947,-7.4192],[109.1944,-7.4195],[109.1943,-7.4195],[109.194,-7.4192],[109.1937,-7.4192],[109.1937,-7.4197],[109.1938,-7.4199],[109.1938,-7.42],[109.1931,-7.4202],[109.1928,-7.4202],[109.1929,-7.4197],[109.1929,-7.4194],[109.1928,-7.4193],[109.1926,-7.4193],[109.1925,-7.4196],[109.1925,-7.4197],[109.1924,-7.4199],[109.1923,-7.4199],[109.1921,-7.4205],[109.1919,-7.4206],[109.1919,-7.4208],[109.192,-7.4209],[109.1919,-7.421],[109.1918,-7.4213],[109.1926,-7.4212],[109.1926,-7.421],[109.1929,-7.421],[109.1929,-7.4218],[109.1932,-7.4225],[109.1933,-7.4226],[109.1935,-7.423],[109.1939,-7.4232],[109.1945,-7.4232],[109.1959,-7.423],[109.1962,-7.423],[109.1964,-7.4233],[109.1965,-7.4236],[109.1965,-7.4245],[109.1985,-7.4242],[109.1999,-7.4242],[109.1999,-7.4237],[109.2,-7.4237],[109.2003,-7.4236],[109.2013,-7.4234],[109.2017,-7.4234],[109.2018,-7.4238],[109.2019,-7.424],[109.202,-7.4241],[109.202,-7.4242],[109.2022,-7.4243],[109.2025,-7.4247],[109.2032,-7.4253],[109.2033,-7.4255],[109.2036,-7.4257],[109.2046,-7.4262],[109.2047,-7.4264],[109.2048,-7.427],[109.2048,-7.4275],[109.2058,-7.4274],[109.2086,-7.4272],[109.2096,-7.4272],[109.2097,-7.4274],[109.2097,-7.4277],[109.21,-7.4281],[109.2102,-7.4281],[109.2103,-7.4282],[109.2104,-7.4282],[109.2107,-7.4285],[109.2109,-7.4286],[109.2109,-7.4287],[109.2111,-7.4287],[109.2112,-7.4288],[109.2109,-7.4291],[109.2112,-7.4294],[109.2112,-7.4296],[109.2111,-7.4297],[109.2109,-7.4298],[109.2108,-7.4299],[109.2107,-7.4299],[109.2106,-7.43],[109.2106,-7.4302],[109.2107,-7.4303],[109.2109,-7.4304],[109.2115,-7.4306],[109.2117,-7.4308],[109.2119,-7.4309],[109.212,-7.4311],[109.212,-7.4313],[109.2119,-7.4314],[109.2119,-7.4315],[109.2116,-7.4318],[109.2114,-7.4318],[109.2113,-7.4319],[109.2111,-7.4319],[109.2111,-7.432],[109.211,-7.4321],[109.211,-7.4323],[109.2111,-7.4325],[109.2111,-7.4327],[109.2113,-7.4333],[109.2114,-7.4333],[109.2114,-7.4339],[109.2115,-7.434],[109.2115,-7.4341],[109.2116,-7.4343],[109.2117,-7.4344],[109.2117,-7.4346],[109.2118,-7.4347],[109.2119,-7.4347],[109.212,-7.4346],[109.2121,-7.4346],[109.2121,-7.4347],[109.2124,-7.4347],[109.2124,-7.4348],[109.2129,-7.4348],[109.213,-7.4347],[109.213,-7.4348],[109.2131,-7.435],[109.2132,-7.435],[109.2133,-7.4351],[109.2132,-7.4352],[109.2143,-7.4357],[109.2149,-7.4361],[109.216,-7.4367],[109.2142,-7.4385],[109.2131,-7.4397],[109.213,-7.4399],[109.2125,-7.4404],[109.2124,-7.4407],[109.2124,-7.4412],[109.2126,-7.4414],[109.2128,-7.4416],[109.2132,-7.4416],[109.2134,-7.4417],[109.2137,-7.442],[109.2138,-7.4425],[109.2138,-7.4428],[109.2139,-7.4436],[109.2136,-7.4438],[109.2132,-7.4439],[109.213,-7.4445],[109.2123,-7.4446],[109.2123,-7.4448],[109.2116,-7.4448],[109.2112,-7.445],[109.211,-7.4449],[109.2109,-7.4449],[109.2104,-7.4452],[109.2089,-7.4452],[109.2089,-7.4454],[109.2088,-7.4456],[109.2088,-7.4457],[109.2089,-7.4459],[109.2089,-7.4462],[109.2086,-7.4465],[109.2086,-7.4467],[109.2087,-7.4467],[109.2089,-7.4468],[109.2089,-7.447],[109.2088,-7.4472],[109.2088,-7.4474],[109.2089,-7.4476],[109.2089,-7.4477],[109.2091,-7.4479],[109.2092,-7.4478],[109.2094,-7.4478],[109.2095,-7.4477],[109.2099,-7.4479],[109.2102,-7.4485],[109.2103,-7.4488],[109.2105,-7.4492],[109.2105,-7.4494],[109.2106,-7.4497],[109.2107,-7.4498],[109.2107,-7.4499],[109.2109,-7.4499],[109.2109,-7.4509],[109.2112,-7.4512],[109.2112,-7.4518],[109.2117,-7.4529],[109.2116,-7.4529],[109.2114,-7.4532],[109.2111,-7.4533],[109.211,-7.4534],[109.2102,-7.4529],[109.2085,-7.4524],[109.2083,-7.4525],[109.2078,-7.4524],[109.2077,-7.4522],[109.2075,-7.4522],[109.2072,-7.4521],[109.2069,-7.4521],[109.2067,-7.4519],[109.2059,-7.4515],[109.2053,-7.4515],[109.2045,-7.4519],[109.2044,-7.452],[109.2041,-7.4521],[109.2039,-7.4521],[109.2028,-7.4518],[109.2019,-7.4515],[109.2015,-7.4513],[109.2003,-7.4525],[109.1996,-7.4522],[109.1993,-7.4522],[109.1989,-7.4519],[109.1979,-7.4517],[109.1975,-7.4515],[109.1972,-7.4513],[109.1964,-7.4511],[109.1964,-7.4507],[109.1963,-7.4505],[109.1963,-7.4504],[109.1961,-7.4502],[109.1959,-7.4501],[109.1947,-7.4491],[109.1942,-7.4501],[109.1939,-7.4505],[109.1939,-7.4508],[109.1937,-7.4513],[109.1934,-7.4517],[109.1932,-7.4518],[109.1928,-7.4519],[109.1925,-7.4519],[109.1924,-7.4522],[109.1921,-7.4524],[109.192,-7.4526],[109.192,-7.4534],[109.1921,-7.4535],[109.1921,-7.4542],[109.1922,-7.4543],[109.1924,-7.4546],[109.1923,-7.4547],[109.1922,-7.4549],[109.1921,-7.4549],[109.1917,-7.4547],[109.1913,-7.4547],[109.1912,-7.4548],[109.1912,-7.4549],[109.191,-7.455],[109.1906,-7.455],[109.1905,-7.4549],[109.1905,-7.4548],[109.1902,-7.4548],[109.1901,-7.4549],[109.1899,-7.4549],[109.1898,-7.4548],[109.1898,-7.4546],[109.1897,-7.4545],[109.1897,-7.4542],[109.1893,-7.4542],[109.1893,-7.4541],[109.1892,-7.4541],[109.1892,-7.454],[109.1894,-7.4539],[109.1894,-7.4537],[109.1895,-7.4537],[109.1893,-7.4535],[109.1893,-7.4531],[109.1894,-7.453],[109.1894,-7.4529],[109.1893,-7.4529],[109.1893,-7.4527],[109.1892,-7.4526],[109.1892,-7.4524],[109.1891,-7.4523],[109.1891,-7.452],[109.1892,-7.452],[109.1893,-7.4519],[109.1894,-7.4519],[109.1895,-7.452],[109.1896,-7.452],[109.1896,-7.4517],[109.1894,-7.4515],[109.1894,-7.4514],[109.1897,-7.4514],[109.1898,-7.4513],[109.1899,-7.4513],[109.1901,-7.4511],[109.1899,-7.4511],[109.1898,-7.451],[109.1896,-7.451],[109.1896,-7.4508],[109.1897,-7.4507],[109.1898,-7.4507],[109.1898,-7.4505],[109.1897,-7.4505],[109.1897,-7.4504],[109.1894,-7.4504],[109.1894,-7.4503],[109.1893,-7.4503],[109.1894,-7.4502],[109.1894,-7.4501],[109.1895,-7.4501],[109.1895,-7.4496],[109.1897,-7.4496],[109.1897,-7.4497],[109.19,-7.4497],[109.19,-7.4496],[109.1899,-7.4495],[109.1899,-7.4493],[109.1898,-7.4493],[109.1896,-7.4494],[109.1879,-7.4492],[109.1878,-7.4491],[109.1876,-7.4491],[109.1874,-7.4492],[109.1867,-7.4492],[109.1866,-7.4493],[109.1865,-7.4493],[109.1865,-7.4492],[109.1864,-7.4492],[109.1864,-7.449],[109.1863,-7.449],[109.1863,-7.4488],[109.1862,-7.4487],[109.1862,-7.4485],[109.1863,-7.4484],[109.1865,-7.4484],[109.1865,-7.4479],[109.1864,-7.4478],[109.1864,-7.4477],[109.1863,-7.4477],[109.1863,-7.4475],[109.1862,-7.4475],[109.1862,-7.4474],[109.1861,-7.4473],[109.186,-7.4473],[109.1859,-7.4472],[109.1859,-7.4471],[109.1858,-7.4471],[109.1858,-7.447],[109.1857,-7.4469],[109.1857,-7.4468],[109.1855,-7.4468],[109.1855,-7.4461],[109.1854,-7.4461],[109.1854,-7.4459],[109.1853,-7.4459],[109.1853,-7.4456],[109.1852,-7.4456],[109.1852,-7.4451],[109.1851,-7.445],[109.1851,-7.4448],[109.1852,-7.4448],[109.1852,-7.4445],[109.1851,-7.4445],[109.1851,-7.4444],[109.1848,-7.4441],[109.1847,-7.4441],[109.1847,-7.444],[109.1844,-7.444],[109.1841,-7.4437],[109.1836,-7.4437],[109.1834,-7.4439],[109.1832,-7.4439],[109.1831,-7.4438],[109.1831,-7.4436],[109.183,-7.4436],[109.183,-7.4434],[109.1831,-7.4433],[109.1831,-7.443],[109.1828,-7.443],[109.1828,-7.4429],[109.1827,-7.4429],[109.1827,-7.4428],[109.1824,-7.4428],[109.1826,-7.4424],[109.1824,-7.4423],[109.1823,-7.4423],[109.1818,-7.442],[109.1817,-7.4418],[109.1814,-7.4418],[109.1814,-7.4416],[109.1813,-7.4415],[109.1812,-7.4415],[109.1812,-7.4412],[109.1813,-7.4411],[109.1804,-7.4411],[109.1803,-7.441],[109.1802,-7.4408],[109.1801,-7.4408],[109.1799,-7.441],[109.1799,-7.4411],[109.1798,-7.4412],[109.1798,-7.4414],[109.1797,-7.4414],[109.1797,-7.441],[109.1795,-7.4409],[109.1791,-7.4406],[109.1792,-7.4405],[109.1794,-7.4405],[109.1797,-7.4402],[109.1795,-7.4402],[109.1791,-7.44],[109.1791,-7.4388],[109.1799,-7.4385],[109.1806,-7.4376],[109.1811,-7.4367],[109.1815,-7.4364],[109.1815,-7.4363],[109.1818,-7.4352],[109.1823,-7.4351],[109.1826,-7.4351],[109.1832,-7.4348],[109.1862,-7.4343],[109.1863,-7.4342],[109.1856,-7.4333],[109.1852,-7.4329],[109.185,-7.4328],[109.1849,-7.4328],[109.1848,-7.4327],[109.1847,-7.4326],[109.1847,-7.4324],[109.1846,-7.4324],[109.1844,-7.4323],[109.1843,-7.4323],[109.1843,-7.4322],[109.1841,-7.432],[109.184,-7.4318],[109.1836,-7.4316],[109.1835,-7.4315],[109.1834,-7.4314],[109.1833,-7.4312],[109.1832,-7.4312],[109.1831,-7.431],[109.1828,-7.4307],[109.1824,-7.4302],[109.1826,-7.4301],[109.1827,-7.43],[109.1827,-7.4299],[109.1832,-7.4289],[109.1828,-7.4278],[109.1824,-7.4269],[109.182,-7.4269],[109.1817,-7.4259],[109.1818,-7.4251],[109.1817,-7.4242],[109.1805,-7.4244],[109.1803,-7.4239],[109.1801,-7.4235],[109.1797,-7.4231],[109.1791,-7.4228],[109.179,-7.4228],[109.1782,-7.4226],[109.178,-7.4225],[109.1781,-7.4224],[109.178,-7.4223],[109.178,-7.422],[109.1782,-7.4218],[109.1788,-7.4214],[109.1791,-7.4211],[109.1792,-7.4209],[109.179,-7.4197],[109.179,-7.4189],[109.1787,-7.4178],[109.1785,-7.4177],[109.1785,-7.4172],[109.1786,-7.4172],[109.1786,-7.4167],[109.1785,-7.4165],[109.1785,-7.416],[109.1784,-7.416],[109.1769,-7.4154],[109.177,-7.415],[109.1769,-7.4148],[109.1769,-7.4147],[109.1771,-7.4145],[109.1772,-7.4142],[109.1772,-7.4135],[109.177,-7.4133],[109.1768,-7.4132],[109.1767,-7.413],[109.176,-7.4122],[109.1761,-7.412],[109.176,-7.4117],[109.1756,-7.4115],[109.1753,-7.4112],[109.1754,-7.4109],[109.1752,-7.4103],[109.1747,-7.4095],[109.175,-7.4092],[109.175,-7.4085],[109.1745,-7.4077],[109.1745,-7.4066],[109.1737,-7.4054],[109.1735,-7.4047],[109.1738,-7.4042],[109.1736,-7.403],[109.175,-7.4027],[109.1768,-7.4021],[109.176,-7.4023],[109.1758,-7.4017],[109.1762,-7.4007],[109.1762,-7.3998],[109.1764,-7.3998],[109.1764,-7.3995],[109.1763,-7.3994],[109.1763,-7.3992],[109.1764,-7.3992],[109.1767,-7.3994],[109.177,-7.3992],[109.1779,-7.3983],[109.1781,-7.3977],[109.1777,-7.3975],[109.1775,-7.3972],[109.1773,-7.397],[109.1771,-7.3967],[109.1765,-7.3961],[109.1762,-7.396],[109.1756,-7.3957],[109.1753,-7.3955],[109.1749,-7.3951],[109.1746,-7.3949],[109.1744,-7.3947],[109.1744,-7.3946],[109.1738,-7.3943],[109.1735,-7.394],[109.1729,-7.3941],[109.1725,-7.394],[109.1723,-7.3937],[109.1719,-7.3932],[109.1712,-7.393],[109.1706,-7.3929],[109.1698,-7.3925],[109.1695,-7.3923],[109.1692,-7.392],[109.1689,-7.3919],[109.1678,-7.3918],[109.1671,-7.3917],[109.1668,-7.3917],[109.1663,-7.3916],[109.1651,-7.3916],[109.1647,-7.3915],[109.1643,-7.3916],[109.1631,-7.3916],[109.1625,-7.3913],[109.1624,-7.3913],[109.1623,-7.3912],[109.1616,-7.391],[109.1608,-7.3906],[109.1606,-7.3904],[109.1599,-7.3901],[109.1597,-7.3898],[109.16,-7.3897],[109.1616,-7.3897],[109.1616,-7.3896],[109.1615,-7.3895],[109.1615,-7.3893],[109.1614,-7.3891],[109.1613,-7.389],[109.1605,-7.389],[109.1605,-7.3887],[109.1607,-7.3885],[109.1607,-7.3881],[109.1605,-7.3877],[109.1605,-7.3874],[109.1606,-7.3872],[109.1607,-7.3871],[109.1607,-7.387],[109.1608,-7.3869],[109.1608,-7.3866],[109.1607,-7.3865],[109.1606,-7.3863],[109.1606,-7.3856],[109.1607,-7.3855],[109.1608,-7.3853],[109.161,-7.3851],[109.1613,-7.3844],[109.1613,-7.3841],[109.1612,-7.3839],[109.1612,-7.3837],[109.1611,-7.3835],[109.1611,-7.3833],[109.1624,-7.3827],[109.1637,-7.3829],[109.1659,-7.383],[109.1661,-7.3827],[109.1665,-7.3817],[109.1682,-7.3808],[109.168,-7.3804],[109.1681,-7.38],[109.1684,-7.3798],[109.1687,-7.3797],[109.1691,-7.379],[109.1693,-7.3789],[109.1696,-7.379],[109.1711,-7.3782],[109.1714,-7.3784],[109.1721,-7.3781],[109.1728,-7.3781],[109.1734,-7.3778],[109.1736,-7.376],[109.174,-7.3753],[109.1739,-7.375],[109.1739,-7.3747],[109.1736,-7.3743],[109.1724,-7.3738],[109.1707,-7.3722],[109.1705,-7.3721],[109.1703,-7.3716],[109.1705,-7.3708],[109.1704,-7.3708],[109.1715,-7.3693],[109.1717,-7.3689],[109.1716,-7.3687],[109.1717,-7.3683],[109.1724,-7.3673],[109.1723,-7.367],[109.1724,-7.3669],[109.1723,-7.3666],[109.1723,-7.3665],[109.1717,-7.3659],[109.1714,-7.3648],[109.1709,-7.3642],[109.1699,-7.3631],[109.1696,-7.3626],[109.1696,-7.3623],[109.1694,-7.3619],[109.169,-7.3617],[109.1689,-7.3617],[109.1689,-7.3616],[109.1688,-7.3616],[109.1688,-7.3612],[109.1689,-7.3611],[109.1689,-7.361],[109.1688,-7.3608],[109.1685,-7.3605],[109.1684,-7.3605],[109.1684,-7.3604],[109.1682,-7.3604],[109.1679,-7.3605],[109.1676,-7.3605],[109.1673,-7.3602],[109.1672,-7.3597],[109.1672,-7.3595],[109.167,-7.3591],[109.1667,-7.359],[109.1665,-7.3587],[109.1664,-7.3586],[109.1664,-7.3584],[109.1663,-7.3582],[109.1663,-7.3581],[109.1662,-7.358],[109.1661,-7.3578],[109.1657,-7.3573],[109.1652,-7.3568],[109.165,-7.3564],[109.165,-7.3563],[109.1648,-7.3558],[109.1644,-7.3555],[109.1638,-7.3549],[109.1638,-7.3544],[109.1636,-7.3539],[109.1632,-7.3536],[109.1623,-7.3532],[109.1612,-7.3517],[109.1613,-7.3489],[109.1608,-7.3469],[109.161,-7.346],[109.1621,-7.3443],[109.1622,-7.3438],[109.1623,-7.3437],[109.1625,-7.3436],[109.1627,-7.3436],[109.163,-7.3437],[109.1638,-7.3437],[109.1642,-7.3436],[109.1644,-7.3435],[109.1648,-7.3432],[109.165,-7.3429],[109.1654,-7.3424],[109.1658,-7.3418],[109.1665,-7.3404],[109.1667,-7.3398],[109.1667,-7.3396],[109.1668,-7.3394],[109.1669,-7.3388],[109.167,-7.3378],[109.167,-7.3373],[109.1669,-7.3372],[109.1669,-7.3371],[109.1666,-7.3368],[109.1666,-7.3366],[109.1665,-7.3365],[109.1665,-7.3363],[109.1657,-7.3363],[109.1657,-7.3362],[109.1656,-7.3362],[109.1656,-7.3361],[109.1657,-7.336],[109.1657,-7.3359],[109.1655,-7.3357],[109.1654,-7.3352],[109.1653,-7.3351],[109.1652,-7.3351],[109.1652,-7.334],[109.1653,-7.3337],[109.1653,-7.3334],[109.1655,-7.3329],[109.1655,-7.3327],[109.1654,-7.3326],[109.1654,-7.3325],[109.1652,-7.3323],[109.1652,-7.332],[109.1653,-7.3318],[109.1653,-7.3317],[109.1652,-7.3316],[109.1652,-7.3315],[109.1651,-7.3314],[109.165,-7.3314],[109.165,-7.3313],[109.1649,-7.3312],[109.1649,-7.3311],[109.1648,-7.331],[109.1647,-7.3307],[109.1646,-7.3293],[109.1644,-7.3291],[109.1642,-7.3288],[109.164,-7.3286],[109.164,-7.3285],[109.1639,-7.3285],[109.1639,-7.3284],[109.1638,-7.3282],[109.1638,-7.3277],[109.1635,-7.3274],[109.1632,-7.3269],[109.163,-7.3267],[109.163,-7.3266],[109.1629,-7.3264],[109.1624,-7.3258],[109.1623,-7.3258],[109.1622,-7.3257],[109.1621,-7.3257],[109.1619,-7.3256],[109.1618,-7.3255],[109.1616,-7.325],[109.1615,-7.3237],[109.1676,-7.3255],[109.1756,-7.3251],[109.1802,-7.324],[109.1803,-7.3239],[109.1813,-7.3237],[109.1819,-7.3243],[109.1819,-7.3246],[109.1815,-7.3246],[109.1814,-7.3247],[109.1813,-7.3247],[109.1811,-7.3249],[109.1811,-7.3252],[109.181,-7.3252],[109.181,-7.3255],[109.1809,-7.3257],[109.1809,-7.3262],[109.1808,-7.3263],[109.1808,-7.3264],[109.1807,-7.3265],[109.1807,-7.3267],[109.1808,-7.3268],[109.1808,-7.3269],[109.1809,-7.3269],[109.181,-7.327],[109.1812,-7.3276],[109.1813,-7.3278],[109.1814,-7.3279],[109.1816,-7.328],[109.1816,-7.3282],[109.1817,-7.3282],[109.1817,-7.3285],[109.1818,-7.3286],[109.1818,-7.3287],[109.182,-7.3289],[109.182,-7.3291],[109.1821,-7.3292],[109.1821,-7.3293],[109.1822,-7.3293],[109.1823,-7.3294],[109.1823,-7.3295],[109.1824,-7.3295],[109.1824,-7.3297],[109.1825,-7.3298],[109.1825,-7.3299],[109.1826,-7.33],[109.1827,-7.33],[109.1829,-7.3302],[109.183,-7.3302],[109.183,-7.3303],[109.1832,-7.3303],[109.1834,-7.3302],[109.1836,-7.3302],[109.1836,-7.3303],[109.1837,-7.3303],[109.1837,-7.3304],[109.1839,-7.3306],[109.1839,-7.331],[109.1838,-7.3311],[109.1838,-7.3312],[109.1837,-7.3312],[109.1836,-7.3313],[109.1835,-7.3313],[109.1834,-7.3314],[109.1833,-7.3314],[109.1833,-7.3316],[109.1832,-7.3316],[109.1832,-7.3317],[109.183,-7.3317],[109.183,-7.3316],[109.1827,-7.3316],[109.1826,-7.3317],[109.1824,-7.332],[109.1824,-7.3321],[109.1825,-7.3321],[109.1827,-7.3323],[109.1827,-7.3326],[109.1826,-7.3327],[109.1824,-7.3328],[109.1823,-7.333],[109.1822,-7.333],[109.182,-7.3331],[109.1819,-7.3331],[109.1818,-7.3332],[109.1818,-7.3337],[109.1819,-7.3338],[109.182,-7.3338],[109.1821,-7.3339],[109.1822,-7.334],[109.1822,-7.3341],[109.1823,-7.3342],[109.1823,-7.3344],[109.1822,-7.3344],[109.1822,-7.3346],[109.1823,-7.3347],[109.1823,-7.3348],[109.1824,-7.3348],[109.1824,-7.3351],[109.1825,-7.3352],[109.1825,-7.3356],[109.1827,-7.3358],[109.1829,-7.3359],[109.183,-7.336],[109.1835,-7.3363],[109.1835,-7.3365],[109.1836,-7.3365],[109.1836,-7.3366],[109.1835,-7.3368],[109.1835,-7.3371],[109.1833,-7.3374],[109.1833,-7.3378],[109.1834,-7.338],[109.1834,-7.3381],[109.1835,-7.3382],[109.1835,-7.3387],[109.1834,-7.3388],[109.1834,-7.339],[109.1835,-7.3391],[109.1835,-7.3395],[109.1833,-7.3397],[109.1832,-7.3399],[109.1831,-7.34],[109.1831,-7.3401],[109.1829,-7.3401],[109.1828,-7.3402],[109.1827,-7.3402],[109.1826,-7.3404],[109.1825,-7.3404],[109.1825,-7.3405],[109.1823,-7.3406],[109.1821,-7.3408],[109.1816,-7.341],[109.1812,-7.3414],[109.1812,-7.3415],[109.1811,-7.3417],[109.1811,-7.3418],[109.1813,-7.3421],[109.1821,-7.3427],[109.1827,-7.3433],[109.1832,-7.3439],[109.1838,-7.3445],[109.1838,-7.3448],[109.1837,-7.345],[109.1836,-7.3451],[109.1833,-7.3457],[109.1833,-7.3459],[109.1832,-7.3463],[109.1829,-7.347],[109.1826,-7.3475],[109.1825,-7.3478],[109.1825,-7.3481],[109.1828,-7.3486],[109.1829,-7.3489],[109.1829,-7.3496],[109.1825,-7.35],[109.1822,-7.3505],[109.1819,-7.3509],[109.1818,-7.3511],[109.1818,-7.352],[109.1817,-7.3521],[109.1816,-7.3523],[109.1813,-7.3526],[109.181,-7.3531],[109.1808,-7.3533],[109.1805,-7.3534],[109.1789,-7.3538],[109.1787,-7.354],[109.1785,-7.3541],[109.1783,-7.3543],[109.178,-7.3549],[109.178,-7.3551],[109.1779,-7.3555],[109.1779,-7.3558],[109.1776,-7.3561],[109.1776,-7.3563],[109.1777,-7.3564],[109.1777,-7.3567],[109.1776,-7.3568],[109.1776,-7.3573],[109.1775,-7.3574],[109.1774,-7.3576],[109.1772,-7.3577],[109.177,-7.3579],[109.177,-7.358],[109.1771,-7.3582],[109.1773,-7.3583],[109.1775,-7.3588],[109.1775,-7.3595],[109.1772,-7.3599],[109.1772,-7.3601],[109.1771,-7.3602],[109.1771,-7.3605],[109.1772,-7.3607],[109.1776,-7.3609],[109.1779,-7.3611],[109.1782,-7.3612],[109.1787,-7.3613],[109.1788,-7.3614],[109.1789,-7.3614],[109.1791,-7.3618],[109.1791,-7.3623],[109.179,-7.3624],[109.1788,-7.3627],[109.1785,-7.363],[109.1785,-7.3632],[109.1786,-7.3635],[109.1789,-7.364],[109.1792,-7.3642],[109.1792,-7.3643],[109.1797,-7.3646],[109.1802,-7.3651],[109.1803,-7.3655],[109.1803,-7.3657],[109.1802,-7.3661],[109.1802,-7.3664],[109.1801,-7.3668],[109.1801,-7.3679],[109.18,-7.3684],[109.18,-7.3687],[109.1801,-7.3689],[109.1804,-7.3691],[109.1808,-7.3692],[109.1809,-7.3695],[109.1811,-7.3697],[109.1813,-7.37],[109.1816,-7.3703],[109.182,-7.3706],[109.1822,-7.3707],[109.1827,-7.3714],[109.1827,-7.3715],[109.1828,-7.3718],[109.1828,-7.372]],[[109.1975,-7.4159],[109.1976,-7.4158],[109.1975,-7.4158],[109.1975,-7.4157],[109.1974,-7.4156],[109.1973,-7.4154],[109.1974,-7.4152],[109.1976,-7.4151],[109.1977,-7.415],[109.1978,-7.415],[109.1979,-7.4149],[109.1979,-7.4148],[109.1976,-7.4148],[109.1975,-7.4149],[109.1974,-7.4149],[109.1973,-7.415],[109.1969,-7.415],[109.1969,-7.4149],[109.1968,-7.4147],[109.1968,-7.4143],[109.1967,-7.4142],[109.1967,-7.4141],[109.1966,-7.414],[109.1962,-7.414],[109.1962,-7.4141],[109.1961,-7.4142],[109.1961,-7.4143],[109.1962,-7.4145],[109.1962,-7.4149],[109.1965,-7.4149],[109.1965,-7.4155],[109.1964,-7.4155],[109.1964,-7.4157],[109.1965,-7.4157],[109.1966,-7.4158],[109.1966,-7.4159],[109.1967,-7.4159],[109.1968,-7.4158],[109.1971,-7.4158],[109.1973,-7.4159],[109.1973,-7.416],[109.1974,-7.416],[109.1975,-7.4161],[109.1975,-7.4159]],[[109.1963,-7.4127],[109.1967,-7.4128],[109.1968,-7.4125],[109.1969,-7.4118],[109.1972,-7.4105],[109.1972,-7.4101],[109.1975,-7.4087],[109.1966,-7.4086],[109.1965,-7.4088],[109.1963,-7.409],[109.1962,-7.409],[109.196,-7.4091],[109.1954,-7.4092],[109.1952,-7.4092],[109.1952,-7.4095],[109.1951,-7.4096],[109.1949,-7.4096],[109.1948,-7.41],[109.1946,-7.4104],[109.1945,-7.4105],[109.1939,-7.4108],[109.1935,-7.4108],[109.1929,-7.4115],[109.1927,-7.4118],[109.1926,-7.4119],[109.1926,-7.4123],[109.1927,-7.4122],[109.1932,-7.4119],[109.1935,-7.4119],[109.1935,-7.4118],[109.1942,-7.4118],[109.1945,-7.412],[109.1944,-7.4125],[109.1946,-7.4125],[109.1947,-7.4117],[109.195,-7.4119],[109.1952,-7.4122],[109.195,-7.4126],[109.1953,-7.4131],[109.1961,-7.4131],[109.1963,-7.4127]],[[109.1954,-7.4162],[109.1953,-7.4163],[109.1955,-7.4164],[109.1956,-7.4164],[109.1956,-7.4165],[109.1958,-7.4165],[109.1961,-7.4158],[109.1955,-7.4158],[109.1954,-7.4162]]],[[[109.1948,-7.4189],[109.1945,-7.4187],[109.1943,-7.4185],[109.1943,-7.4184],[109.1944,-7.4182],[109.1946,-7.4183],[109.1949,-7.4186],[109.1948,-7.4189]]]]}},{"type":"Feature","id":"ADMINISTRASI_AR_KECAMATAN_10K_2023.9","properties":{"id":"33.02.05","name":"Kebasen","fcode":"BA03070040","luasWilayahHa":5263.78455513656,"kdpkab":"33.02","wadmkc":"Kebasen","metadata":"TASWIL1000020230928_DATA_BATAS_DESAKELURAHAN","sumber":"Geoportal Palapa Kabupaten Banyumas (WFS 10K 2023)"},"geometry":{"type":"MultiPolygon","coordinates":[[[[109.2752,-7.567],[109.2748,-7.568],[109.2742,-7.569],[109.2738,-7.57],[109.2735,-7.571],[109.2732,-7.5717],[109.2729,-7.5729],[109.2725,-7.5741],[109.2722,-7.5753],[109.2721,-7.5761],[109.2721,-7.5771],[109.2722,-7.5772],[109.2723,-7.5774],[109.2724,-7.5775],[109.2724,-7.5777],[109.2723,-7.5779],[109.2722,-7.5779],[109.2721,-7.5781],[109.2721,-7.5783],[109.2717,-7.5787],[109.2716,-7.5791],[109.2713,-7.5797],[109.271,-7.5804],[109.2709,-7.5807],[109.2709,-7.5812],[109.2708,-7.5816],[109.2705,-7.5819],[109.2704,-7.5822],[109.2704,-7.5833],[109.2703,-7.5836],[109.2702,-7.5837],[109.2696,-7.5839],[109.2694,-7.5843],[109.2694,-7.5851],[109.2695,-7.5855],[109.2697,-7.5857],[109.2699,-7.5862],[109.2697,-7.5865],[109.2695,-7.5867],[109.2692,-7.5869],[109.2693,-7.5877],[109.2692,-7.5887],[109.2696,-7.5892],[109.2696,-7.59],[109.2694,-7.5903],[109.269,-7.5908],[109.2687,-7.5913],[109.2684,-7.5917],[109.2676,-7.5919],[109.2655,-7.5921],[109.264,-7.5919],[109.2596,-7.5918],[109.257,-7.5916],[109.2553,-7.5913],[109.2522,-7.59],[109.2521,-7.59],[109.2519,-7.5899],[109.2518,-7.5898],[109.248,-7.5877],[109.2475,-7.5873],[109.2437,-7.5837],[109.2429,-7.5832],[109.2392,-7.5807],[109.2391,-7.5807],[109.2389,-7.5806],[109.2362,-7.5789],[109.2322,-7.5765],[109.2285,-7.5739],[109.2263,-7.5723],[109.2252,-7.5716],[109.2235,-7.5704],[109.2209,-7.5684],[109.2186,-7.5668],[109.215,-7.5646],[109.2148,-7.5645],[109.2147,-7.5645],[109.2112,-7.5628],[109.2059,-7.5607],[109.2058,-7.5606],[109.2057,-7.5606],[109.2009,-7.5589],[109.1976,-7.5574],[109.1943,-7.5563],[109.1926,-7.5557],[109.1912,-7.5551],[109.1888,-7.5539],[109.1878,-7.5533],[109.1869,-7.5529],[109.1843,-7.5519],[109.1827,-7.55],[109.182,-7.5498],[109.1815,-7.5495],[109.1806,-7.5492],[109.1788,-7.5499],[109.1784,-7.5499],[109.1782,-7.55],[109.1785,-7.5506],[109.1787,-7.5508],[109.179,-7.5515],[109.179,-7.5523],[109.1788,-7.5528],[109.1783,-7.5532],[109.1779,-7.5536],[109.1775,-7.5538],[109.1768,-7.554],[109.176,-7.5541],[109.1752,-7.5541],[109.173,-7.5523],[109.1718,-7.5514],[109.1713,-7.5513],[109.1708,-7.5536],[109.1703,-7.5552],[109.1699,-7.5568],[109.1696,-7.5578],[109.1692,-7.5538],[109.1691,-7.5533],[109.1688,-7.5522],[109.1681,-7.5502],[109.168,-7.548],[109.1678,-7.5455],[109.168,-7.5437],[109.1691,-7.5423],[109.1702,-7.5416],[109.172,-7.541],[109.175,-7.5409],[109.1761,-7.5407],[109.1777,-7.5407],[109.1797,-7.5412],[109.1816,-7.5419],[109.1836,-7.5423],[109.1861,-7.5417],[109.1873,-7.5409],[109.1879,-7.5399],[109.1887,-7.5384],[109.1896,-7.5375],[109.1901,-7.5359],[109.1917,-7.5334],[109.1934,-7.5318],[109.1982,-7.5294],[109.1988,-7.5288],[109.1993,-7.5277],[109.1997,-7.5256],[109.1999,-7.525],[109.2005,-7.5245],[109.2011,-7.5242],[109.2023,-7.5239],[109.2028,-7.5234],[109.2031,-7.5213],[109.2033,-7.5204],[109.2034,-7.5191],[109.2038,-7.5187],[109.2041,-7.5183],[109.2049,-7.5179],[109.2064,-7.5174],[109.2083,-7.517],[109.2105,-7.5163],[109.2112,-7.516],[109.2119,-7.5156],[109.2134,-7.5138],[109.2136,-7.5129],[109.2138,-7.5122],[109.2138,-7.5112],[109.2133,-7.51],[109.2119,-7.5081],[109.2111,-7.5059],[109.211,-7.5044],[109.2115,-7.503],[109.212,-7.5024],[109.2123,-7.5012],[109.2134,-7.5003],[109.214,-7.5],[109.2147,-7.4993],[109.2162,-7.4977],[109.2181,-7.4963],[109.219,-7.4955],[109.2205,-7.4944],[109.2212,-7.4936],[109.2219,-7.493],[109.2228,-7.492],[109.2237,-7.4914],[109.2247,-7.4908],[109.2252,-7.4907],[109.2262,-7.4908],[109.2274,-7.4917],[109.2278,-7.4919],[109.2304,-7.4935],[109.2316,-7.4942],[109.2327,-7.495],[109.2333,-7.496],[109.2339,-7.496],[109.2338,-7.4961],[109.2341,-7.4962],[109.2347,-7.4968],[109.2349,-7.4974],[109.2353,-7.4982],[109.2354,-7.4985],[109.2355,-7.4986],[109.2363,-7.499],[109.2363,-7.4997],[109.2365,-7.5],[109.2364,-7.5008],[109.2365,-7.5011],[109.2368,-7.5014],[109.2369,-7.5017],[109.2368,-7.5022],[109.2369,-7.5027],[109.2369,-7.503],[109.237,-7.5034],[109.2372,-7.5039],[109.2376,-7.5042],[109.2378,-7.5044],[109.2379,-7.5047],[109.2381,-7.505],[109.2385,-7.5058],[109.2385,-7.5061],[109.2383,-7.5065],[109.2382,-7.5069],[109.2377,-7.5076],[109.2375,-7.5078],[109.2372,-7.5084],[109.2374,-7.5092],[109.2374,-7.5103],[109.2372,-7.5104],[109.237,-7.5107],[109.2365,-7.5112],[109.2361,-7.5118],[109.2361,-7.5123],[109.2362,-7.5125],[109.2368,-7.5134],[109.2368,-7.5136],[109.2365,-7.5144],[109.2363,-7.5146],[109.2362,-7.515],[109.2363,-7.5155],[109.2363,-7.5173],[109.2364,-7.5176],[109.2367,-7.5178],[109.2369,-7.518],[109.2374,-7.5184],[109.2378,-7.5185],[109.2382,-7.5188],[109.2386,-7.519],[109.2393,-7.5192],[109.2397,-7.5194],[109.2405,-7.52],[109.2411,-7.5206],[109.2415,-7.5211],[109.2417,-7.5217],[109.2418,-7.5226],[109.242,-7.5233],[109.242,-7.5244],[109.2419,-7.5247],[109.2418,-7.5252],[109.2418,-7.5254],[109.2417,-7.5257],[109.2416,-7.5259],[109.2413,-7.5263],[109.2409,-7.5267],[109.2407,-7.5273],[109.2407,-7.5276],[109.2406,-7.528],[109.2411,-7.5289],[109.2413,-7.5291],[109.2415,-7.5294],[109.2417,-7.5299],[109.2419,-7.5302],[109.2421,-7.5303],[109.2423,-7.5306],[109.2426,-7.5308],[109.2429,-7.5309],[109.2431,-7.5311],[109.2433,-7.5311],[109.2435,-7.5318],[109.2437,-7.5328],[109.2437,-7.5332],[109.2438,-7.5333],[109.244,-7.5337],[109.2448,-7.5346],[109.2447,-7.5347],[109.2447,-7.5349],[109.2443,-7.5357],[109.2443,-7.5361],[109.245,-7.5365],[109.246,-7.5367],[109.2464,-7.5369],[109.2465,-7.537],[109.2464,-7.5375],[109.2462,-7.538],[109.2462,-7.5381],[109.2464,-7.5386],[109.2465,-7.5387],[109.2466,-7.539],[109.2467,-7.5391],[109.247,-7.54],[109.2472,-7.5408],[109.2479,-7.5412],[109.248,-7.5413],[109.248,-7.5418],[109.2479,-7.542],[109.2477,-7.5426],[109.2475,-7.5429],[109.2475,-7.5431],[109.2476,-7.5437],[109.2477,-7.544],[109.2477,-7.5443],[109.2478,-7.5445],[109.2478,-7.546],[109.2475,-7.5462],[109.2473,-7.5464],[109.2469,-7.5466],[109.2459,-7.547],[109.2458,-7.5471],[109.2455,-7.5472],[109.2451,-7.5474],[109.2446,-7.5478],[109.2443,-7.5484],[109.2442,-7.5488],[109.2442,-7.5491],[109.2443,-7.5492],[109.2444,-7.5496],[109.2447,-7.5501],[109.2449,-7.5503],[109.245,-7.5505],[109.2451,-7.5506],[109.2457,-7.5509],[109.246,-7.5511],[109.2465,-7.5513],[109.2472,-7.5518],[109.2474,-7.5519],[109.2481,-7.5519],[109.2486,-7.5517],[109.2492,-7.5513],[109.25,-7.551],[109.2502,-7.5512],[109.2505,-7.5514],[109.2512,-7.5521],[109.2522,-7.5529],[109.2533,-7.5539],[109.2541,-7.5545],[109.2555,-7.5559],[109.258,-7.5577],[109.2593,-7.5582],[109.2608,-7.5585],[109.2631,-7.5586],[109.2653,-7.5586],[109.2667,-7.5589],[109.2683,-7.5593],[109.2698,-7.5596],[109.2704,-7.5598],[109.2734,-7.5613],[109.2753,-7.5622],[109.2772,-7.5629],[109.2767,-7.5638],[109.2756,-7.566],[109.2752,-7.567]]]]}},{"type":"Feature","id":"ADMINISTRASI_AR_KECAMATAN_10K_2023.10","properties":{"id":"33.02.23","name":"Kedungbanteng","fcode":"BA03070040","luasWilayahHa":5634.26530016791,"kdpkab":"33.02","wadmkc":"Kedungbanteng","metadata":"TASWIL1000020230928_DATA_BATAS_DESAKELURAHAN","sumber":"Geoportal Palapa Kabupaten Banyumas (WFS 10K 2023)"},"geometry":{"type":"MultiPolygon","coordinates":[[[[109.1956,-7.3915],[109.1955,-7.3915],[109.1953,-7.3913],[109.1952,-7.3913],[109.1952,-7.3912],[109.195,-7.3911],[109.1949,-7.391],[109.1947,-7.3909],[109.1946,-7.3908],[109.1946,-7.3907],[109.1943,-7.3904],[109.1943,-7.3903],[109.1942,-7.3902],[109.1942,-7.39],[109.194,-7.3898],[109.1938,-7.3895],[109.1937,-7.3892],[109.1935,-7.3891],[109.1934,-7.389],[109.1934,-7.3889],[109.1932,-7.3888],[109.1929,-7.3885],[109.1928,-7.3885],[109.1926,-7.3883],[109.1922,-7.3883],[109.1919,-7.3882],[109.1916,-7.3882],[109.1912,-7.388],[109.1911,-7.388],[109.1909,-7.3879],[109.1908,-7.3879],[109.1908,-7.3873],[109.1906,-7.3873],[109.1904,-7.3872],[109.1903,-7.3872],[109.1901,-7.3869],[109.19,-7.3866],[109.1896,-7.3858],[109.1894,-7.3857],[109.1894,-7.3856],[109.1891,-7.3849],[109.1886,-7.3839],[109.1887,-7.3837],[109.1888,-7.3833],[109.1888,-7.383],[109.1889,-7.3826],[109.1889,-7.3824],[109.1888,-7.3823],[109.1887,-7.382],[109.1886,-7.3819],[109.1884,-7.3816],[109.1883,-7.3813],[109.1883,-7.3807],[109.1885,-7.38],[109.1886,-7.3799],[109.1886,-7.3796],[109.1885,-7.3795],[109.1885,-7.3794],[109.1882,-7.379],[109.1878,-7.3786],[109.1873,-7.3784],[109.1865,-7.3784],[109.1862,-7.3779],[109.186,-7.3773],[109.1859,-7.3772],[109.1858,-7.3772],[109.1856,-7.377],[109.1855,-7.377],[109.1854,-7.3768],[109.1853,-7.3768],[109.1852,-7.3765],[109.1852,-7.376],[109.1853,-7.3757],[109.1852,-7.3754],[109.1852,-7.375],[109.1848,-7.3746],[109.1846,-7.3746],[109.1843,-7.3745],[109.1841,-7.3745],[109.1839,-7.3743],[109.1838,-7.3741],[109.1834,-7.3737],[109.1831,-7.3733],[109.183,-7.3731],[109.183,-7.373],[109.1831,-7.3727],[109.183,-7.3723],[109.1828,-7.372],[109.1828,-7.3718],[109.1827,-7.3715],[109.1827,-7.3714],[109.1822,-7.3707],[109.182,-7.3706],[109.1816,-7.3703],[109.1813,-7.37],[109.1811,-7.3697],[109.1809,-7.3695],[109.1808,-7.3692],[109.1804,-7.3691],[109.1801,-7.3689],[109.18,-7.3687],[109.18,-7.3684],[109.1801,-7.3679],[109.1801,-7.3668],[109.1802,-7.3664],[109.1802,-7.3661],[109.1803,-7.3657],[109.1803,-7.3655],[109.1802,-7.3651],[109.1797,-7.3646],[109.1792,-7.3643],[109.1792,-7.3642],[109.1789,-7.364],[109.1786,-7.3635],[109.1785,-7.3632],[109.1785,-7.363],[109.1788,-7.3627],[109.179,-7.3624],[109.1791,-7.3623],[109.1791,-7.3618],[109.1789,-7.3614],[109.1788,-7.3614],[109.1787,-7.3613],[109.1782,-7.3612],[109.1779,-7.3611],[109.1776,-7.3609],[109.1772,-7.3607],[109.1771,-7.3605],[109.1771,-7.3602],[109.1772,-7.3601],[109.1772,-7.3599],[109.1775,-7.3595],[109.1775,-7.3588],[109.1773,-7.3583],[109.1771,-7.3582],[109.177,-7.358],[109.177,-7.3579],[109.1772,-7.3577],[109.1774,-7.3576],[109.1775,-7.3574],[109.1776,-7.3573],[109.1776,-7.3568],[109.1777,-7.3567],[109.1777,-7.3564],[109.1776,-7.3563],[109.1776,-7.3561],[109.1779,-7.3558],[109.1779,-7.3555],[109.178,-7.3551],[109.178,-7.3549],[109.1783,-7.3543],[109.1785,-7.3541],[109.1787,-7.354],[109.1789,-7.3538],[109.1805,-7.3534],[109.1808,-7.3533],[109.181,-7.3531],[109.1813,-7.3526],[109.1816,-7.3523],[109.1817,-7.3521],[109.1818,-7.352],[109.1818,-7.3511],[109.1819,-7.3509],[109.1822,-7.3505],[109.1825,-7.35],[109.1829,-7.3496],[109.1829,-7.3489],[109.1828,-7.3486],[109.1825,-7.3481],[109.1825,-7.3478],[109.1826,-7.3475],[109.1829,-7.347],[109.1832,-7.3463],[109.1833,-7.3459],[109.1833,-7.3457],[109.1836,-7.3451],[109.1837,-7.345],[109.1838,-7.3448],[109.1838,-7.3445],[109.1832,-7.3439],[109.1827,-7.3433],[109.1821,-7.3427],[109.1813,-7.3421],[109.1811,-7.3418],[109.1811,-7.3417],[109.1812,-7.3415],[109.1812,-7.3414],[109.1816,-7.341],[109.1821,-7.3408],[109.1823,-7.3406],[109.1825,-7.3405],[109.1825,-7.3404],[109.1826,-7.3404],[109.1827,-7.3402],[109.1828,-7.3402],[109.1829,-7.3401],[109.1831,-7.3401],[109.1831,-7.34],[109.1832,-7.3399],[109.1833,-7.3397],[109.1835,-7.3395],[109.1835,-7.3391],[109.1834,-7.339],[109.1834,-7.3388],[109.1835,-7.3387],[109.1835,-7.3382],[109.1834,-7.3381],[109.1834,-7.338],[109.1833,-7.3378],[109.1833,-7.3374],[109.1835,-7.3371],[109.1835,-7.3368],[109.1836,-7.3366],[109.1836,-7.3365],[109.1835,-7.3365],[109.1835,-7.3363],[109.1833,-7.3362],[109.1829,-7.3359],[109.1827,-7.3358],[109.1825,-7.3356],[109.1825,-7.3352],[109.1824,-7.3351],[109.1824,-7.3348],[109.1823,-7.3348],[109.1823,-7.3347],[109.1822,-7.3346],[109.1822,-7.3344],[109.1823,-7.3344],[109.1823,-7.3342],[109.1822,-7.3341],[109.1822,-7.334],[109.1821,-7.3339],[109.182,-7.3338],[109.1819,-7.3338],[109.1818,-7.3337],[109.1818,-7.3332],[109.1819,-7.3331],[109.182,-7.3331],[109.1822,-7.333],[109.1823,-7.333],[109.1824,-7.3328],[109.1826,-7.3327],[109.1827,-7.3326],[109.1827,-7.3323],[109.1825,-7.3321],[109.1824,-7.3321],[109.1824,-7.332],[109.1826,-7.3317],[109.1827,-7.3316],[109.183,-7.3316],[109.183,-7.3317],[109.1832,-7.3317],[109.1832,-7.3316],[109.1833,-7.3316],[109.1833,-7.3314],[109.1834,-7.3314],[109.1835,-7.3313],[109.1836,-7.3313],[109.1837,-7.3312],[109.1838,-7.3312],[109.1838,-7.3311],[109.1839,-7.331],[109.1839,-7.3306],[109.1837,-7.3304],[109.1837,-7.3303],[109.1836,-7.3303],[109.1836,-7.3302],[109.1834,-7.3302],[109.1832,-7.3303],[109.183,-7.3303],[109.183,-7.3302],[109.1829,-7.3302],[109.1827,-7.33],[109.1826,-7.33],[109.1825,-7.3299],[109.1825,-7.3298],[109.1824,-7.3297],[109.1824,-7.3295],[109.1823,-7.3295],[109.1823,-7.3294],[109.1822,-7.3293],[109.1821,-7.3293],[109.1821,-7.3292],[109.182,-7.3291],[109.182,-7.3289],[109.1818,-7.3287],[109.1818,-7.3286],[109.1817,-7.3285],[109.1817,-7.3282],[109.1816,-7.3282],[109.1816,-7.328],[109.1814,-7.3279],[109.1813,-7.3278],[109.1812,-7.3276],[109.181,-7.327],[109.1809,-7.3269],[109.1808,-7.3269],[109.1808,-7.3268],[109.1807,-7.3267],[109.1807,-7.3265],[109.1808,-7.3264],[109.1808,-7.3263],[109.1809,-7.3262],[109.1809,-7.3257],[109.181,-7.3255],[109.181,-7.3252],[109.1811,-7.3252],[109.1811,-7.3249],[109.1813,-7.3247],[109.1814,-7.3247],[109.1815,-7.3246],[109.1819,-7.3246],[109.1819,-7.3243],[109.1813,-7.3237],[109.1813,-7.3233],[109.1812,-7.3231],[109.1812,-7.323],[109.1813,-7.3228],[109.1813,-7.3227],[109.1814,-7.3224],[109.1814,-7.3222],[109.1823,-7.3208],[109.1827,-7.3204],[109.1829,-7.3201],[109.1836,-7.3194],[109.1836,-7.3193],[109.1838,-7.3192],[109.1845,-7.3187],[109.1845,-7.318],[109.1843,-7.3174],[109.184,-7.3167],[109.1838,-7.3157],[109.184,-7.3155],[109.1839,-7.3154],[109.1837,-7.315],[109.1842,-7.3145],[109.1842,-7.3144],[109.1837,-7.3137],[109.1835,-7.3131],[109.1833,-7.3128],[109.1835,-7.3126],[109.1835,-7.3124],[109.1837,-7.3121],[109.1837,-7.3114],[109.184,-7.3111],[109.1844,-7.3108],[109.1843,-7.3106],[109.1841,-7.3099],[109.1842,-7.3095],[109.1841,-7.3093],[109.1844,-7.3089],[109.1844,-7.3088],[109.1843,-7.3086],[109.1841,-7.3084],[109.184,-7.3082],[109.184,-7.3079],[109.1839,-7.3078],[109.1837,-7.3077],[109.1838,-7.3074],[109.1841,-7.3074],[109.1843,-7.3071],[109.1843,-7.3068],[109.1845,-7.3066],[109.1847,-7.3065],[109.1844,-7.3055],[109.1843,-7.3053],[109.1844,-7.3049],[109.1845,-7.3048],[109.1847,-7.3047],[109.1847,-7.3045],[109.1843,-7.3041],[109.1842,-7.3039],[109.1839,-7.3035],[109.1838,-7.3028],[109.1835,-7.3024],[109.1833,-7.3019],[109.1834,-7.3018],[109.1832,-7.3011],[109.1832,-7.3009],[109.1831,-7.3008],[109.1828,-7.3007],[109.1821,-7.3002],[109.182,-7.3],[109.182,-7.2998],[109.1819,-7.2997],[109.1817,-7.2994],[109.1814,-7.2992],[109.1812,-7.299],[109.1811,-7.2988],[109.181,-7.2987],[109.1809,-7.2985],[109.1809,-7.2982],[109.1808,-7.2982],[109.1804,-7.2979],[109.1802,-7.2977],[109.1801,-7.2975],[109.1801,-7.2971],[109.1803,-7.2969],[109.1804,-7.2964],[109.1805,-7.2963],[109.1805,-7.2958],[109.1806,-7.2955],[109.1807,-7.295],[109.1807,-7.2946],[109.1809,-7.2942],[109.1808,-7.294],[109.1808,-7.2939],[109.181,-7.2938],[109.1811,-7.2936],[109.1812,-7.2935],[109.1811,-7.2933],[109.1809,-7.2932],[109.1808,-7.2931],[109.1808,-7.2929],[109.1807,-7.2927],[109.1807,-7.2924],[109.1809,-7.2922],[109.1811,-7.2918],[109.1813,-7.2911],[109.1814,-7.291],[109.1814,-7.2908],[109.1813,-7.2907],[109.1813,-7.2906],[109.1812,-7.2906],[109.1814,-7.2901],[109.1813,-7.2899],[109.1813,-7.2897],[109.1811,-7.2897],[109.1811,-7.2896],[109.1812,-7.2895],[109.1813,-7.2892],[109.1812,-7.2891],[109.181,-7.2887],[109.1805,-7.2882],[109.1802,-7.2878],[109.1799,-7.2877],[109.1798,-7.2877],[109.1797,-7.2876],[109.1796,-7.2876],[109.1796,-7.2875],[109.1795,-7.2872],[109.1797,-7.287],[109.1796,-7.2868],[109.18,-7.2861],[109.1802,-7.2859],[109.1802,-7.2849],[109.1803,-7.2849],[109.1804,-7.2848],[109.1806,-7.2843],[109.1808,-7.2841],[109.1809,-7.2841],[109.1811,-7.284],[109.1812,-7.2839],[109.1812,-7.2838],[109.1813,-7.2836],[109.1814,-7.2835],[109.1814,-7.2834],[109.1815,-7.2832],[109.1816,-7.2831],[109.1816,-7.2829],[109.1817,-7.2827],[109.1818,-7.2826],[109.182,-7.2821],[109.1821,-7.282],[109.1821,-7.2818],[109.1823,-7.2816],[109.1823,-7.2811],[109.1821,-7.2805],[109.1821,-7.2802],[109.1822,-7.2798],[109.1822,-7.2792],[109.1819,-7.2784],[109.1818,-7.278],[109.1818,-7.2777],[109.1815,-7.2771],[109.1814,-7.2768],[109.1807,-7.2754],[109.1806,-7.275],[109.1806,-7.2748],[109.1803,-7.2747],[109.18,-7.2744],[109.1797,-7.274],[109.1795,-7.2737],[109.1794,-7.2734],[109.1792,-7.273],[109.1791,-7.2729],[109.179,-7.2727],[109.1788,-7.2725],[109.1787,-7.2725],[109.1784,-7.2717],[109.1783,-7.2716],[109.1783,-7.2711],[109.1782,-7.271],[109.1783,-7.2708],[109.1783,-7.2702],[109.1785,-7.2696],[109.1785,-7.2677],[109.1786,-7.2677],[109.1786,-7.2676],[109.1788,-7.2675],[109.179,-7.2673],[109.1791,-7.267],[109.1791,-7.2668],[109.1789,-7.2666],[109.1789,-7.2661],[109.1792,-7.2658],[109.1793,-7.2651],[109.1793,-7.2649],[109.1792,-7.2647],[109.1792,-7.2645],[109.1793,-7.2644],[109.1793,-7.264],[109.1794,-7.2639],[109.1794,-7.2637],[109.1792,-7.2633],[109.1792,-7.2627],[109.1791,-7.2626],[109.1792,-7.2626],[109.1792,-7.2625],[109.1799,-7.2621],[109.1804,-7.2616],[109.1807,-7.261],[109.1809,-7.2603],[109.1813,-7.2601],[109.1819,-7.26],[109.1825,-7.2597],[109.1826,-7.2597],[109.183,-7.2595],[109.1832,-7.2593],[109.1835,-7.2592],[109.1838,-7.2589],[109.1846,-7.2584],[109.185,-7.2579],[109.1852,-7.2576],[109.1854,-7.2574],[109.1859,-7.257],[109.1866,-7.2567],[109.1874,-7.2563],[109.1882,-7.2561],[109.1883,-7.2561],[109.1892,-7.2557],[109.1895,-7.2556],[109.1901,-7.2552],[109.1905,-7.2548],[109.1909,-7.2543],[109.191,-7.2541],[109.1916,-7.2535],[109.1923,-7.2529],[109.1936,-7.2519],[109.1943,-7.2513],[109.1952,-7.2508],[109.1953,-7.2512],[109.1956,-7.252],[109.1959,-7.253],[109.1962,-7.2536],[109.1963,-7.2541],[109.1969,-7.2553],[109.197,-7.2559],[109.1973,-7.2566],[109.1975,-7.2572],[109.1977,-7.2576],[109.1979,-7.2581],[109.1983,-7.2584],[109.199,-7.2594],[109.1992,-7.26],[109.1996,-7.2608],[109.1998,-7.2624],[109.1998,-7.2633],[109.1999,-7.2638],[109.1999,-7.2657],[109.2002,-7.2668],[109.2004,-7.2671],[109.2004,-7.2674],[109.2006,-7.2676],[109.2006,-7.2678],[109.2008,-7.2683],[109.2008,-7.2687],[109.2009,-7.2687],[109.2008,-7.2688],[109.2009,-7.2689],[109.2009,-7.2695],[109.2011,-7.2698],[109.2011,-7.2699],[109.2012,-7.2699],[109.2006,-7.2707],[109.2006,-7.271],[109.2007,-7.2714],[109.2007,-7.2718],[109.2008,-7.272],[109.2008,-7.2722],[109.2009,-7.2724],[109.201,-7.2728],[109.2011,-7.2728],[109.2012,-7.273],[109.2012,-7.2731],[109.2014,-7.2733],[109.2017,-7.2737],[109.202,-7.2744],[109.2024,-7.2749],[109.2026,-7.2754],[109.2029,-7.2758],[109.203,-7.276],[109.203,-7.2761],[109.2034,-7.2764],[109.2036,-7.2768],[109.2038,-7.277],[109.2039,-7.2772],[109.2047,-7.278],[109.2049,-7.2781],[109.205,-7.2782],[109.205,-7.2783],[109.2051,-7.2784],[109.2052,-7.2786],[109.2053,-7.279],[109.2055,-7.2795],[109.2055,-7.2801],[109.2052,-7.2808],[109.2055,-7.2819],[109.2055,-7.2821],[109.2053,-7.2825],[109.2053,-7.2827],[109.2052,-7.283],[109.2052,-7.2835],[109.2051,-7.2837],[109.2051,-7.2844],[109.2052,-7.2845],[109.2052,-7.2848],[109.2053,-7.2849],[109.2055,-7.2853],[109.2058,-7.2856],[109.2058,-7.2857],[109.2059,-7.2858],[109.2059,-7.2859],[109.206,-7.286],[109.206,-7.2865],[109.2062,-7.2874],[109.2065,-7.2879],[109.2074,-7.2888],[109.2076,-7.2889],[109.2078,-7.2893],[109.2081,-7.2904],[109.2081,-7.2908],[109.2077,-7.2912],[109.2075,-7.2913],[109.2074,-7.2914],[109.2072,-7.2919],[109.2072,-7.2921],[109.207,-7.2927],[109.207,-7.2933],[109.2071,-7.2937],[109.207,-7.2942],[109.2068,-7.2944],[109.2069,-7.2948],[109.207,-7.2949],[109.2071,-7.2953],[109.2076,-7.2958],[109.2079,-7.2962],[109.2079,-7.2963],[109.2078,-7.2963],[109.2078,-7.2965],[109.2077,-7.2966],[109.2075,-7.297],[109.2074,-7.2973],[109.2073,-7.2973],[109.2073,-7.2975],[109.2071,-7.2976],[109.2071,-7.2978],[109.2069,-7.2983],[109.2069,-7.2989],[109.207,-7.2989],[109.2071,-7.2991],[109.2075,-7.2995],[109.2075,-7.2996],[109.2082,-7.3003],[109.2084,-7.3007],[109.2085,-7.301],[109.2086,-7.3011],[109.2086,-7.302],[109.2085,-7.3022],[109.2086,-7.3023],[109.2086,-7.303],[109.2087,-7.3033],[109.2087,-7.3035],[109.2088,-7.3039],[109.2087,-7.3042],[109.2086,-7.3047],[109.2086,-7.3051],[109.2088,-7.3061],[109.2088,-7.3063],[109.2087,-7.3066],[109.2087,-7.3068],[109.2088,-7.3073],[109.209,-7.308],[109.2089,-7.3085],[109.2087,-7.3089],[109.209,-7.3098],[109.2093,-7.3101],[109.2095,-7.3105],[109.2097,-7.3108],[109.2097,-7.311],[109.2095,-7.3116],[109.2096,-7.3118],[109.2098,-7.3121],[109.21,-7.3122],[109.2103,-7.3123],[109.2108,-7.3123],[109.2109,-7.3124],[109.2109,-7.3127],[109.2108,-7.3129],[109.2106,-7.3132],[109.2103,-7.3134],[109.2101,-7.3137],[109.21,-7.314],[109.2101,-7.3141],[109.2097,-7.3149],[109.2095,-7.3154],[109.2092,-7.3158],[109.209,-7.3163],[109.2088,-7.3167],[109.2086,-7.317],[109.2084,-7.3177],[109.2084,-7.3186],[109.2086,-7.3196],[109.2088,-7.3202],[109.2089,-7.3207],[109.2094,-7.3216],[109.2097,-7.322],[109.2102,-7.3229],[109.2102,-7.3228],[109.2105,-7.3223],[109.2106,-7.3222],[109.2108,-7.3221],[109.2109,-7.322],[109.211,-7.322],[109.2115,-7.3222],[109.2121,-7.3219],[109.2121,-7.3217],[109.2122,-7.3212],[109.2124,-7.321],[109.2125,-7.321],[109.2126,-7.3211],[109.2128,-7.3211],[109.2129,-7.321],[109.2135,-7.3208],[109.2147,-7.3207],[109.215,-7.3206],[109.2154,-7.3207],[109.2157,-7.3207],[109.216,-7.3209],[109.2161,-7.3209],[109.2162,-7.321],[109.2169,-7.3214],[109.2173,-7.3217],[109.2174,-7.322],[109.2172,-7.3226],[109.2172,-7.3228],[109.2176,-7.324],[109.2178,-7.3244],[109.2178,-7.3246],[109.2181,-7.3251],[109.2183,-7.3253],[109.2186,-7.3255],[109.2186,-7.3253],[109.2187,-7.3253],[109.2188,-7.3252],[109.2194,-7.3255],[109.2199,-7.3257],[109.2203,-7.3258],[109.2205,-7.326],[109.2206,-7.3262],[109.2206,-7.3263],[109.2207,-7.3264],[109.2212,-7.3272],[109.2216,-7.3287],[109.2217,-7.3292],[109.2216,-7.3295],[109.2216,-7.3301],[109.2215,-7.3302],[109.2212,-7.3302],[109.2209,-7.3301],[109.2207,-7.3301],[109.2201,-7.3304],[109.22,-7.3305],[109.2201,-7.3306],[109.2202,-7.3309],[109.2207,-7.3314],[109.2207,-7.3316],[109.2206,-7.3318],[109.2206,-7.3323],[109.2207,-7.3323],[109.221,-7.332],[109.2213,-7.3315],[109.2215,-7.3314],[109.2217,-7.3314],[109.2219,-7.3316],[109.2212,-7.3325],[109.221,-7.3329],[109.2207,-7.3332],[109.2205,-7.3336],[109.2202,-7.3339],[109.22,-7.3342],[109.2199,-7.3343],[109.2199,-7.3349],[109.2204,-7.3356],[109.2206,-7.3361],[109.2205,-7.3363],[109.2205,-7.3366],[109.2203,-7.3376],[109.2201,-7.3384],[109.2199,-7.339],[109.2198,-7.3392],[109.2198,-7.3394],[109.22,-7.34],[109.22,-7.3408],[109.2199,-7.3411],[109.2199,-7.3415],[109.2196,-7.3422],[109.2196,-7.3425],[109.2195,-7.3428],[109.2195,-7.3431],[109.2193,-7.3435],[109.2189,-7.3437],[109.2184,-7.3442],[109.2183,-7.3444],[109.2184,-7.3446],[109.2189,-7.3448],[109.2193,-7.345],[109.2196,-7.3452],[109.2198,-7.3455],[109.2198,-7.3468],[109.2199,-7.3469],[109.2204,-7.3468],[109.2208,-7.3468],[109.2213,-7.347],[109.2213,-7.3481],[109.2215,-7.3488],[109.2217,-7.349],[109.2218,-7.3492],[109.2222,-7.3494],[109.2226,-7.3495],[109.2228,-7.3497],[109.223,-7.35],[109.223,-7.3505],[109.2229,-7.3506],[109.2229,-7.3507],[109.2217,-7.3507],[109.2214,-7.3509],[109.2212,-7.3512],[109.2211,-7.3515],[109.2212,-7.3519],[109.2212,-7.3522],[109.2215,-7.3527],[109.2219,-7.3532],[109.2223,-7.3536],[109.2233,-7.3544],[109.2235,-7.3545],[109.2235,-7.3547],[109.2236,-7.355],[109.2233,-7.356],[109.2231,-7.3562],[109.2228,-7.3564],[109.2224,-7.3566],[109.2222,-7.357],[109.2219,-7.3572],[109.2215,-7.3582],[109.2216,-7.3585],[109.2219,-7.3587],[109.2222,-7.359],[109.2222,-7.3593],[109.222,-7.3594],[109.2205,-7.3597],[109.22,-7.3599],[109.2199,-7.36],[109.2197,-7.3604],[109.2197,-7.3611],[109.2199,-7.3615],[109.2201,-7.3623],[109.2201,-7.363],[109.2198,-7.3641],[109.2199,-7.3645],[109.2199,-7.3647],[109.2204,-7.3659],[109.2204,-7.3663],[109.2205,-7.3666],[109.2205,-7.3671],[109.2201,-7.3678],[109.2201,-7.3679],[109.2203,-7.368],[109.2207,-7.368],[109.221,-7.3679],[109.2213,-7.368],[109.2213,-7.369],[109.2215,-7.3692],[109.2216,-7.3695],[109.2216,-7.3697],[109.2212,-7.3703],[109.2211,-7.3706],[109.2212,-7.3708],[109.2213,-7.3709],[109.222,-7.3711],[109.2225,-7.371],[109.2229,-7.3711],[109.2231,-7.3711],[109.2229,-7.3715],[109.2222,-7.372],[109.2219,-7.3721],[109.2219,-7.3723],[109.2229,-7.3728],[109.2231,-7.373],[109.2231,-7.3734],[109.2229,-7.3737],[109.2229,-7.3741],[109.223,-7.3742],[109.2231,-7.3746],[109.2235,-7.375],[109.2234,-7.375],[109.224,-7.3754],[109.2244,-7.3758],[109.2247,-7.3763],[109.2249,-7.377],[109.2251,-7.3775],[109.2253,-7.3778],[109.2254,-7.3779],[109.2257,-7.378],[109.2259,-7.378],[109.2262,-7.3779],[109.2269,-7.3779],[109.2273,-7.378],[109.2278,-7.3784],[109.2279,-7.379],[109.2278,-7.3793],[109.2276,-7.3795],[109.2273,-7.3797],[109.2268,-7.3798],[109.2258,-7.3794],[109.2254,-7.3793],[109.225,-7.3795],[109.2248,-7.3797],[109.2245,-7.3802],[109.2244,-7.3806],[109.2244,-7.381],[109.2247,-7.3816],[109.2248,-7.3817],[109.2249,-7.3819],[109.225,-7.3822],[109.225,-7.3832],[109.2248,-7.3841],[109.2248,-7.3847],[109.2249,-7.3851],[109.225,-7.3859],[109.2254,-7.3869],[109.2257,-7.3871],[109.2259,-7.3875],[109.2259,-7.3878],[109.2258,-7.388],[109.2258,-7.3885],[109.226,-7.3888],[109.2262,-7.389],[109.2264,-7.3893],[109.2266,-7.3898],[109.2266,-7.3899],[109.2267,-7.3902],[109.2269,-7.3907],[109.227,-7.3912],[109.2269,-7.3917],[109.2269,-7.392],[109.2259,-7.3927],[109.2257,-7.3931],[109.2255,-7.3937],[109.2255,-7.3944],[109.2254,-7.3949],[109.2256,-7.3958],[109.2256,-7.3968],[109.2255,-7.3971],[109.2254,-7.3978],[109.2256,-7.3987],[109.2259,-7.399],[109.2246,-7.3985],[109.2239,-7.3984],[109.2235,-7.3984],[109.2235,-7.3985],[109.2232,-7.3985],[109.2227,-7.3984],[109.2227,-7.3985],[109.2224,-7.3984],[109.2224,-7.3983],[109.222,-7.3983],[109.2207,-7.3975],[109.2201,-7.3985],[109.2198,-7.3991],[109.2195,-7.3995],[109.2196,-7.3997],[109.2195,-7.3999],[109.2195,-7.4004],[109.2197,-7.4005],[109.2198,-7.4006],[109.2198,-7.4009],[109.2197,-7.401],[109.2196,-7.4015],[109.2196,-7.4017],[109.2198,-7.402],[109.2198,-7.4028],[109.2199,-7.4033],[109.2198,-7.4038],[109.2198,-7.405],[109.2187,-7.4037],[109.2177,-7.4035],[109.2171,-7.4033],[109.2169,-7.4034],[109.2168,-7.4034],[109.2164,-7.4036],[109.2162,-7.4047],[109.216,-7.4054],[109.2159,-7.4063],[109.2165,-7.4064],[109.2167,-7.4065],[109.2163,-7.4078],[109.2167,-7.4079],[109.2169,-7.408],[109.2177,-7.4081],[109.2179,-7.4092],[109.2178,-7.4095],[109.2177,-7.41],[109.2175,-7.4113],[109.2174,-7.4113],[109.2174,-7.4114],[109.2172,-7.4114],[109.2171,-7.4115],[109.2169,-7.4116],[109.2168,-7.4117],[109.2165,-7.4118],[109.2158,-7.4118],[109.2158,-7.4119],[109.2151,-7.4121],[109.2147,-7.4121],[109.2146,-7.4122],[109.2146,-7.4123],[109.2142,-7.4125],[109.214,-7.4123],[109.214,-7.4125],[109.2139,-7.4126],[109.2139,-7.4128],[109.2138,-7.4129],[109.2137,-7.4129],[109.2136,-7.4128],[109.2131,-7.4128],[109.2129,-7.4129],[109.2124,-7.413],[109.2121,-7.4132],[109.2117,-7.4133],[109.2107,-7.4138],[109.2104,-7.4138],[109.2098,-7.4137],[109.2091,-7.4137],[109.2091,-7.4134],[109.209,-7.4134],[109.209,-7.4133],[109.2088,-7.4131],[109.2088,-7.4129],[109.2087,-7.4129],[109.2086,-7.4126],[109.2087,-7.4124],[109.2087,-7.4119],[109.2088,-7.4117],[109.2089,-7.4116],[109.2089,-7.4109],[109.2091,-7.4107],[109.2093,-7.4106],[109.2093,-7.41],[109.2094,-7.4099],[109.2095,-7.4097],[109.2095,-7.4095],[109.2096,-7.4094],[109.2096,-7.4093],[109.2098,-7.409],[109.2099,-7.4089],[109.21,-7.4086],[109.21,-7.4084],[109.2099,-7.4082],[109.2099,-7.408],[109.2102,-7.4076],[109.2102,-7.4072],[109.2103,-7.407],[109.2102,-7.4067],[109.2102,-7.4063],[109.2101,-7.4058],[109.2098,-7.405],[109.2096,-7.405],[109.2095,-7.4047],[109.2087,-7.4046],[109.2087,-7.4044],[109.2088,-7.4039],[109.2092,-7.4037],[109.2092,-7.4036],[109.2094,-7.4033],[109.2096,-7.4031],[109.2099,-7.4026],[109.21,-7.4023],[109.2087,-7.4016],[109.209,-7.4008],[109.2082,-7.4005],[109.2075,-7.4001],[109.207,-7.4],[109.2067,-7.4],[109.2063,-7.3998],[109.206,-7.3996],[109.206,-7.3995],[109.2059,-7.3995],[109.2057,-7.3994],[109.2054,-7.3994],[109.2051,-7.3993],[109.2046,-7.3992],[109.2044,-7.3992],[109.2041,-7.3991],[109.2038,-7.3991],[109.2034,-7.399],[109.2032,-7.3989],[109.2031,-7.3989],[109.2031,-7.3991],[109.2032,-7.3992],[109.2034,-7.3993],[109.203,-7.3993],[109.2028,-7.3992],[109.2026,-7.3992],[109.2026,-7.3993],[109.2017,-7.3993],[109.2017,-7.3992],[109.2012,-7.3992],[109.2006,-7.3993],[109.2005,-7.3994],[109.2003,-7.3994],[109.2001,-7.3995],[109.1998,-7.3997],[109.1996,-7.3999],[109.1992,-7.4002],[109.1986,-7.4001],[109.1984,-7.4002],[109.1977,-7.4002],[109.1976,-7.4003],[109.1969,-7.4003],[109.1968,-7.4004],[109.1968,-7.4003],[109.1965,-7.4003],[109.1965,-7.4004],[109.1964,-7.4004],[109.1964,-7.4003],[109.1952,-7.4003],[109.1949,-7.4002],[109.1952,-7.4],[109.1954,-7.3998],[109.1956,-7.3996],[109.1958,-7.3993],[109.1958,-7.3984],[109.1957,-7.3983],[109.1957,-7.3979],[109.1959,-7.3975],[109.1962,-7.3963],[109.1962,-7.3958],[109.1966,-7.3946],[109.1968,-7.3939],[109.197,-7.3935],[109.1972,-7.3932],[109.1972,-7.3931],[109.197,-7.3929],[109.1969,-7.3929],[109.1967,-7.393],[109.1967,-7.3929],[109.1965,-7.3927],[109.1964,-7.3924],[109.1962,-7.3922],[109.1961,-7.3922],[109.196,-7.3921],[109.1959,-7.3919],[109.1956,-7.3915]]]]}},{"type":"Feature","id":"ADMINISTRASI_AR_KECAMATAN_10K_2023.11","properties":{"id":"33.02.20","name":"Kembaran","fcode":"BA03070040","luasWilayahHa":2664.35045499011,"kdpkab":"33.02","wadmkc":"Kembaran","metadata":"TASWIL1000020230928_DATA_BATAS_DESAKELURAHAN","sumber":"Geoportal Palapa Kabupaten Banyumas (WFS 10K 2023)"},"geometry":{"type":"MultiPolygon","coordinates":[[[[109.3129,-7.4102],[109.3128,-7.4103],[109.3126,-7.4104],[109.3128,-7.4107],[109.3133,-7.4106],[109.3137,-7.4106],[109.3143,-7.4104],[109.3144,-7.4103],[109.3145,-7.4103],[109.3147,-7.4102],[109.3148,-7.4101],[109.3149,-7.4101],[109.315,-7.41],[109.3154,-7.4099],[109.3156,-7.4098],[109.3157,-7.4097],[109.3161,-7.4097],[109.3161,-7.4096],[109.3166,-7.4096],[109.3167,-7.4095],[109.3175,-7.4095],[109.3179,-7.4094],[109.3184,-7.4094],[109.3184,-7.4097],[109.3182,-7.41],[109.3183,-7.4103],[109.3188,-7.4103],[109.319,-7.4105],[109.3191,-7.4107],[109.3192,-7.4107],[109.3192,-7.4109],[109.3193,-7.4113],[109.3194,-7.4114],[109.3194,-7.4116],[109.32,-7.4122],[109.3203,-7.4127],[109.3204,-7.4129],[109.3204,-7.413],[109.3206,-7.4132],[109.3209,-7.4137],[109.3209,-7.4138],[109.3214,-7.4149],[109.3214,-7.4153],[109.3213,-7.4158],[109.321,-7.4162],[109.321,-7.4163],[109.3209,-7.4164],[109.3208,-7.4166],[109.3208,-7.4168],[109.3207,-7.4169],[109.3207,-7.417],[109.3205,-7.4176],[109.3205,-7.418],[109.3201,-7.4182],[109.3203,-7.4187],[109.3205,-7.4194],[109.3208,-7.4197],[109.321,-7.4201],[109.321,-7.4202],[109.3211,-7.4204],[109.3212,-7.4204],[109.3212,-7.4205],[109.3213,-7.4206],[109.3213,-7.4208],[109.3214,-7.421],[109.3213,-7.4212],[109.3213,-7.4213],[109.3212,-7.4214],[109.3212,-7.422],[109.3211,-7.422],[109.3209,-7.4218],[109.3207,-7.4218],[109.3206,-7.4219],[109.3205,-7.4219],[109.3204,-7.422],[109.3204,-7.4222],[109.3203,-7.4223],[109.3203,-7.4226],[109.32,-7.4226],[109.32,-7.4225],[109.3198,-7.4225],[109.3197,-7.4224],[109.3195,-7.4226],[109.3194,-7.4228],[109.3193,-7.4229],[109.319,-7.4229],[109.3185,-7.4231],[109.3177,-7.4237],[109.3171,-7.4241],[109.317,-7.4242],[109.3143,-7.4254],[109.3142,-7.4255],[109.314,-7.4254],[109.3138,-7.4254],[109.3138,-7.4253],[109.3137,-7.4252],[109.3133,-7.4252],[109.3131,-7.4256],[109.3122,-7.4256],[109.3117,-7.4255],[109.3114,-7.4255],[109.3109,-7.4254],[109.3102,-7.4252],[109.3092,-7.4252],[109.3084,-7.4253],[109.3076,-7.4253],[109.3061,-7.4255],[109.3041,-7.4259],[109.3033,-7.4262],[109.3022,-7.4265],[109.302,-7.4267],[109.3015,-7.4267],[109.3014,-7.4268],[109.3009,-7.427],[109.3006,-7.427],[109.3007,-7.4272],[109.3006,-7.4273],[109.3006,-7.4279],[109.3007,-7.4279],[109.3006,-7.4282],[109.3006,-7.4294],[109.3005,-7.4298],[109.3005,-7.4302],[109.3006,-7.4304],[109.3006,-7.4305],[109.3009,-7.4308],[109.3012,-7.4313],[109.3014,-7.4313],[109.3015,-7.4314],[109.3016,-7.4316],[109.3019,-7.432],[109.3021,-7.4321],[109.3021,-7.4322],[109.3022,-7.4323],[109.3023,-7.4328],[109.3021,-7.4328],[109.3015,-7.4329],[109.3012,-7.4329],[109.3009,-7.433],[109.2998,-7.4332],[109.2971,-7.4338],[109.2965,-7.4338],[109.2965,-7.4339],[109.2963,-7.4343],[109.2962,-7.4344],[109.2961,-7.4344],[109.2961,-7.4346],[109.296,-7.4346],[109.2956,-7.4349],[109.2956,-7.435],[109.2955,-7.435],[109.2955,-7.4352],[109.2954,-7.4353],[109.2954,-7.4354],[109.2952,-7.4358],[109.2952,-7.4361],[109.2954,-7.4361],[109.2955,-7.436],[109.2956,-7.436],[109.2956,-7.4361],[109.2957,-7.4361],[109.2957,-7.4364],[109.2956,-7.4365],[109.2955,-7.4365],[109.2954,-7.4366],[109.2954,-7.4369],[109.2959,-7.4369],[109.296,-7.437],[109.296,-7.4373],[109.2959,-7.4374],[109.2959,-7.4376],[109.2958,-7.4378],[109.2959,-7.4379],[109.2959,-7.4386],[109.2958,-7.4386],[109.2958,-7.4387],[109.2957,-7.4387],[109.2957,-7.439],[109.2956,-7.4391],[109.2956,-7.4397],[109.2951,-7.441],[109.2951,-7.4409],[109.2949,-7.4409],[109.2948,-7.4408],[109.2947,-7.4408],[109.2947,-7.4409],[109.2946,-7.4409],[109.2946,-7.441],[109.2943,-7.441],[109.2941,-7.4408],[109.294,-7.4408],[109.2938,-7.4407],[109.2936,-7.4407],[109.2936,-7.4406],[109.2934,-7.4407],[109.293,-7.4407],[109.293,-7.4412],[109.2914,-7.4415],[109.2928,-7.4445],[109.2902,-7.4447],[109.2902,-7.4446],[109.2898,-7.4446],[109.2896,-7.4439],[109.2891,-7.4439],[109.2888,-7.4429],[109.2887,-7.4427],[109.2887,-7.4426],[109.2885,-7.4424],[109.2884,-7.4422],[109.2868,-7.4422],[109.2867,-7.4417],[109.2861,-7.4417],[109.2861,-7.4416],[109.2858,-7.4414],[109.2857,-7.4413],[109.2855,-7.4412],[109.2854,-7.4412],[109.2853,-7.4411],[109.2853,-7.441],[109.2852,-7.441],[109.2849,-7.4407],[109.2846,-7.4406],[109.2846,-7.4405],[109.2845,-7.4405],[109.2845,-7.4406],[109.2843,-7.4406],[109.2843,-7.4405],[109.284,-7.4405],[109.284,-7.4403],[109.2838,-7.4403],[109.2837,-7.4402],[109.2836,-7.4397],[109.2835,-7.4394],[109.2836,-7.4392],[109.2836,-7.4391],[109.2838,-7.4391],[109.2833,-7.4392],[109.2833,-7.4391],[109.2829,-7.4391],[109.2823,-7.4392],[109.2822,-7.4392],[109.2822,-7.4391],[109.2811,-7.4393],[109.281,-7.4392],[109.2802,-7.4395],[109.28,-7.4395],[109.2798,-7.4394],[109.2796,-7.4394],[109.2795,-7.4395],[109.2793,-7.4395],[109.2791,-7.4396],[109.2789,-7.4396],[109.2786,-7.4393],[109.2786,-7.4389],[109.2787,-7.4387],[109.2787,-7.4379],[109.2786,-7.4378],[109.2779,-7.4376],[109.2777,-7.4376],[109.2775,-7.4378],[109.2775,-7.4379],[109.2774,-7.438],[109.277,-7.438],[109.277,-7.4378],[109.2769,-7.4376],[109.2769,-7.4366],[109.277,-7.4364],[109.277,-7.4357],[109.2769,-7.4356],[109.2768,-7.4356],[109.2766,-7.4355],[109.2759,-7.4356],[109.2749,-7.4356],[109.2748,-7.4355],[109.2747,-7.4355],[109.2747,-7.4354],[109.2746,-7.4352],[109.2746,-7.4349],[109.2747,-7.4347],[109.2747,-7.4342],[109.2746,-7.434],[109.2746,-7.4338],[109.2745,-7.4334],[109.2742,-7.4329],[109.2739,-7.4326],[109.2727,-7.4323],[109.2723,-7.432],[109.2718,-7.4318],[109.2714,-7.4314],[109.2712,-7.4311],[109.2712,-7.4307],[109.2713,-7.4303],[109.2713,-7.4298],[109.2711,-7.4291],[109.2712,-7.429],[109.2714,-7.4289],[109.272,-7.4289],[109.2721,-7.4288],[109.2721,-7.4287],[109.2722,-7.4286],[109.2722,-7.4284],[109.2721,-7.4283],[109.2721,-7.4282],[109.272,-7.4282],[109.2718,-7.4281],[109.2715,-7.4281],[109.2711,-7.4282],[109.2703,-7.4282],[109.2701,-7.4281],[109.27,-7.428],[109.2698,-7.428],[109.2697,-7.4278],[109.2695,-7.4276],[109.2694,-7.4273],[109.2692,-7.4271],[109.2691,-7.4271],[109.269,-7.427],[109.2688,-7.4269],[109.2687,-7.4268],[109.2687,-7.4265],[109.2688,-7.4264],[109.2689,-7.4262],[109.2691,-7.4262],[109.2694,-7.4261],[109.2696,-7.4259],[109.2696,-7.4258],[109.2697,-7.4257],[109.2696,-7.4256],[109.2695,-7.4254],[109.269,-7.4254],[109.2686,-7.4253],[109.2677,-7.4253],[109.2677,-7.4254],[109.2669,-7.4254],[109.2669,-7.4252],[109.2671,-7.4252],[109.2671,-7.4251],[109.267,-7.4251],[109.267,-7.4247],[109.2671,-7.4246],[109.2668,-7.4226],[109.2661,-7.4217],[109.2667,-7.4213],[109.2671,-7.4215],[109.2672,-7.4215],[109.2672,-7.4212],[109.2681,-7.4194],[109.2681,-7.4193],[109.268,-7.4191],[109.2678,-7.4188],[109.2675,-7.4182],[109.2672,-7.4178],[109.2671,-7.4175],[109.2671,-7.4173],[109.2672,-7.4171],[109.2672,-7.417],[109.2673,-7.4169],[109.2675,-7.4168],[109.2678,-7.4168],[109.268,-7.4166],[109.268,-7.4162],[109.2678,-7.416],[109.2676,-7.416],[109.2674,-7.4159],[109.2671,-7.4159],[109.267,-7.4158],[109.2668,-7.4157],[109.2663,-7.4146],[109.2662,-7.4145],[109.2662,-7.4144],[109.266,-7.4141],[109.2659,-7.4138],[109.2655,-7.4131],[109.2647,-7.4123],[109.2637,-7.4117],[109.2631,-7.4111],[109.2626,-7.4104],[109.2623,-7.4101],[109.2622,-7.4098],[109.2621,-7.4097],[109.2621,-7.4096],[109.262,-7.4094],[109.262,-7.4092],[109.2621,-7.409],[109.2621,-7.4086],[109.2622,-7.4082],[109.2622,-7.4079],[109.2621,-7.4077],[109.2618,-7.4075],[109.2614,-7.4073],[109.2609,-7.4071],[109.2605,-7.4068],[109.2602,-7.4067],[109.2594,-7.4059],[109.259,-7.4054],[109.2586,-7.405],[109.2586,-7.4049],[109.2585,-7.4049],[109.2583,-7.4048],[109.2577,-7.4046],[109.2573,-7.4042],[109.2571,-7.4039],[109.2569,-7.4037],[109.2567,-7.4036],[109.2566,-7.4035],[109.2566,-7.4027],[109.2565,-7.4023],[109.2563,-7.402],[109.2561,-7.4018],[109.2561,-7.4017],[109.256,-7.4017],[109.2559,-7.4015],[109.2559,-7.4012],[109.2558,-7.4011],[109.2558,-7.4006],[109.2556,-7.4],[109.2555,-7.3998],[109.2553,-7.3996],[109.2549,-7.3994],[109.2547,-7.3994],[109.2545,-7.3992],[109.2545,-7.3985],[109.2544,-7.3984],[109.2543,-7.3982],[109.2543,-7.398],[109.2545,-7.398],[109.2546,-7.3979],[109.2556,-7.3979],[109.2557,-7.3978],[109.2562,-7.3978],[109.2572,-7.3977],[109.2591,-7.3974],[109.2589,-7.3972],[109.2589,-7.3971],[109.2588,-7.3969],[109.2587,-7.3968],[109.2586,-7.3968],[109.2586,-7.3966],[109.259,-7.3966],[109.2589,-7.3961],[109.2594,-7.396],[109.2595,-7.3958],[109.2595,-7.3953],[109.2594,-7.3952],[109.2592,-7.3949],[109.2592,-7.3946],[109.2594,-7.3939],[109.2595,-7.3938],[109.2596,-7.3936],[109.2597,-7.3935],[109.2597,-7.3932],[109.2596,-7.3931],[109.2596,-7.393],[109.2595,-7.3929],[109.2593,-7.3928],[109.2609,-7.3928],[109.2612,-7.3927],[109.262,-7.3927],[109.2623,-7.3926],[109.2626,-7.3926],[109.2631,-7.3925],[109.2635,-7.3924],[109.2639,-7.3922],[109.264,-7.3922],[109.2646,-7.392],[109.2647,-7.392],[109.2679,-7.3911],[109.268,-7.391],[109.2689,-7.3907],[109.2705,-7.3901],[109.2707,-7.3901],[109.2708,-7.3903],[109.2709,-7.3904],[109.2709,-7.3905],[109.2713,-7.3907],[109.2713,-7.391],[109.2712,-7.3913],[109.2718,-7.3914],[109.2717,-7.3912],[109.2717,-7.391],[109.2716,-7.3908],[109.2717,-7.3907],[109.2721,-7.3905],[109.2724,-7.3902],[109.2724,-7.3903],[109.2729,-7.3905],[109.2729,-7.3901],[109.2726,-7.3898],[109.2726,-7.3896],[109.2727,-7.3894],[109.2733,-7.3892],[109.2764,-7.3886],[109.2767,-7.3885],[109.2767,-7.3887],[109.2773,-7.39],[109.2773,-7.3901],[109.2774,-7.3902],[109.2777,-7.3902],[109.2779,-7.3903],[109.2785,-7.3909],[109.2785,-7.3912],[109.2784,-7.3913],[109.2782,-7.3913],[109.2779,-7.3914],[109.2781,-7.392],[109.2782,-7.3921],[109.2785,-7.3922],[109.279,-7.3927],[109.2794,-7.3925],[109.2797,-7.3924],[109.28,-7.3921],[109.2802,-7.392],[109.2801,-7.3918],[109.2803,-7.3916],[109.2821,-7.3907],[109.2826,-7.3904],[109.2828,-7.3904],[109.283,-7.3903],[109.2832,-7.3903],[109.2832,-7.3902],[109.2834,-7.3902],[109.2834,-7.3904],[109.2836,-7.3905],[109.2839,-7.3905],[109.284,-7.3906],[109.2844,-7.3906],[109.2844,-7.3907],[109.2845,-7.3907],[109.2845,-7.3911],[109.2846,-7.3911],[109.2846,-7.3913],[109.2847,-7.3914],[109.2849,-7.3914],[109.2849,-7.3915],[109.2851,-7.3915],[109.2851,-7.391],[109.2852,-7.391],[109.2852,-7.3909],[109.2853,-7.3909],[109.2854,-7.3908],[109.2862,-7.3907],[109.2867,-7.3906],[109.2868,-7.3905],[109.2868,-7.3903],[109.2869,-7.3902],[109.287,-7.3902],[109.287,-7.3901],[109.2871,-7.3901],[109.2871,-7.3899],[109.2873,-7.3899],[109.2873,-7.3896],[109.2874,-7.3896],[109.2874,-7.3892],[109.2873,-7.3892],[109.2874,-7.3889],[109.2873,-7.3888],[109.2873,-7.3887],[109.2875,-7.3887],[109.2875,-7.3883],[109.2876,-7.3883],[109.2876,-7.3881],[109.2877,-7.3881],[109.2876,-7.3879],[109.2876,-7.3876],[109.2877,-7.3875],[109.2876,-7.3873],[109.2876,-7.3871],[109.2875,-7.387],[109.2875,-7.3863],[109.2876,-7.3862],[109.2874,-7.386],[109.2877,-7.3859],[109.2878,-7.3858],[109.2884,-7.3858],[109.2884,-7.3856],[109.2885,-7.3854],[109.2885,-7.3848],[109.2886,-7.3847],[109.2887,-7.3842],[109.2887,-7.3841],[109.2886,-7.3838],[109.2887,-7.3837],[109.2887,-7.3836],[109.2886,-7.3836],[109.2885,-7.3834],[109.2887,-7.3834],[109.2887,-7.3833],[109.2889,-7.3833],[109.2889,-7.3834],[109.289,-7.3835],[109.289,-7.3836],[109.2893,-7.3836],[109.2893,-7.3837],[109.2892,-7.3837],[109.2893,-7.3837],[109.2893,-7.3838],[109.2894,-7.3838],[109.2895,-7.3839],[109.2895,-7.384],[109.2896,-7.384],[109.2896,-7.3841],[109.2897,-7.3843],[109.2897,-7.3849],[109.2903,-7.3849],[109.2904,-7.3859],[109.2905,-7.3861],[109.2905,-7.3863],[109.2906,-7.3864],[109.2908,-7.3868],[109.291,-7.387],[109.291,-7.3871],[109.2911,-7.3874],[109.2912,-7.3875],[109.2905,-7.3876],[109.2906,-7.3876],[109.2906,-7.3881],[109.2907,-7.3881],[109.291,-7.388],[109.2916,-7.388],[109.2916,-7.3881],[109.2917,-7.3881],[109.2917,-7.3882],[109.2918,-7.3883],[109.2918,-7.3891],[109.2919,-7.3891],[109.2919,-7.3892],[109.292,-7.3892],[109.292,-7.3893],[109.2921,-7.3893],[109.2921,-7.3897],[109.292,-7.3899],[109.292,-7.3903],[109.2921,-7.3905],[109.2921,-7.3906],[109.2923,-7.3906],[109.2923,-7.3907],[109.2924,-7.3907],[109.2924,-7.3908],[109.2925,-7.3911],[109.2935,-7.3905],[109.2936,-7.3904],[109.2941,-7.3901],[109.2942,-7.3901],[109.2941,-7.39],[109.294,-7.3898],[109.294,-7.3896],[109.2939,-7.3895],[109.2939,-7.3893],[109.2938,-7.3891],[109.2938,-7.389],[109.2937,-7.389],[109.2938,-7.389],[109.2939,-7.3889],[109.2941,-7.3891],[109.2943,-7.3891],[109.2943,-7.3892],[109.2948,-7.3892],[109.2948,-7.3895],[109.2949,-7.3895],[109.2949,-7.3897],[109.295,-7.3897],[109.2951,-7.3898],[109.2951,-7.39],[109.2952,-7.39],[109.2953,-7.3901],[109.2953,-7.3902],[109.2955,-7.3905],[109.2957,-7.3904],[109.2957,-7.3908],[109.2958,-7.3908],[109.2958,-7.3909],[109.296,-7.3909],[109.2961,-7.391],[109.2961,-7.3911],[109.2962,-7.3912],[109.2962,-7.3913],[109.2963,-7.3914],[109.2962,-7.3915],[109.2961,-7.3915],[109.2961,-7.3919],[109.2964,-7.3922],[109.2965,-7.3922],[109.2965,-7.3923],[109.2964,-7.3923],[109.2964,-7.3926],[109.2967,-7.3929],[109.2968,-7.3931],[109.2969,-7.3932],[109.297,-7.3935],[109.2971,-7.3935],[109.2971,-7.3936],[109.2972,-7.3936],[109.2972,-7.3937],[109.2978,-7.3937],[109.2979,-7.3938],[109.298,-7.3937],[109.2981,-7.3937],[109.2983,-7.3938],[109.2984,-7.3938],[109.2986,-7.394],[109.2986,-7.3941],[109.2987,-7.3942],[109.2987,-7.3943],[109.2986,-7.3944],[109.2988,-7.3944],[109.2988,-7.3943],[109.2993,-7.3943],[109.2994,-7.3945],[109.2995,-7.3946],[109.2995,-7.3948],[109.2993,-7.3949],[109.2992,-7.3949],[109.2992,-7.3951],[109.2996,-7.3951],[109.2997,-7.3952],[109.2997,-7.3954],[109.2996,-7.3954],[109.2997,-7.3955],[109.2997,-7.3956],[109.2999,-7.3958],[109.3001,-7.3959],[109.3002,-7.3959],[109.3002,-7.396],[109.3003,-7.3961],[109.3003,-7.3966],[109.3004,-7.3967],[109.3004,-7.3968],[109.3005,-7.3968],[109.3006,-7.3967],[109.3007,-7.3967],[109.301,-7.3966],[109.3012,-7.3964],[109.3022,-7.3958],[109.3023,-7.3957],[109.3027,-7.3955],[109.303,-7.3954],[109.3033,-7.3952],[109.3034,-7.3953],[109.3042,-7.3951],[109.3047,-7.3949],[109.3049,-7.3951],[109.3051,-7.3951],[109.3052,-7.3948],[109.3054,-7.3947],[109.3055,-7.3947],[109.3056,-7.3946],[109.3057,-7.3944],[109.3058,-7.3943],[109.3059,-7.3943],[109.3059,-7.3942],[109.306,-7.3941],[109.306,-7.394],[109.3061,-7.3939],[109.3062,-7.3937],[109.3063,-7.3937],[109.3064,-7.3936],[109.3065,-7.3936],[109.3066,-7.3935],[109.3072,-7.3935],[109.308,-7.3936],[109.3082,-7.3939],[109.3085,-7.3942],[109.3085,-7.3943],[109.3086,-7.3943],[109.3086,-7.3944],[109.3088,-7.3946],[109.3088,-7.3948],[109.3089,-7.395],[109.3089,-7.3951],[109.3092,-7.3958],[109.3092,-7.3961],[109.3094,-7.3964],[109.3094,-7.3966],[109.3098,-7.3976],[109.31,-7.3979],[109.3101,-7.3981],[109.3101,-7.3982],[109.3102,-7.3983],[109.3103,-7.3987],[109.3104,-7.3989],[109.3104,-7.399],[109.3109,-7.4001],[109.3107,-7.4002],[109.3106,-7.4007],[109.3107,-7.4009],[109.3106,-7.4012],[109.3106,-7.4014],[109.3107,-7.4019],[109.3109,-7.4025],[109.311,-7.4026],[109.3111,-7.403],[109.3113,-7.4035],[109.3113,-7.4037],[109.3112,-7.4039],[109.3098,-7.4043],[109.3099,-7.4045],[109.3103,-7.4048],[109.3106,-7.4051],[109.3107,-7.4053],[109.3107,-7.4055],[109.3109,-7.4056],[109.3111,-7.4058],[109.3117,-7.4071],[109.3117,-7.4073],[109.3118,-7.4075],[109.3122,-7.4088],[109.3124,-7.4092],[109.3125,-7.4095],[109.3125,-7.4096],[109.3128,-7.4102],[109.3129,-7.4102]]]]}},{"type":"Feature","id":"ADMINISTRASI_AR_KECAMATAN_10K_2023.12","properties":{"id":"33.02.06","name":"Kemranjen","fcode":"BA03070040","luasWilayahHa":6286.16414691102,"kdpkab":"33.02","wadmkc":"Kemranjen","metadata":"TASWIL1000020230928_DATA_BATAS_DESAKELURAHAN","sumber":"Geoportal Palapa Kabupaten Banyumas (WFS 10K 2023)"},"geometry":{"type":"MultiPolygon","coordinates":[[[[109.3395,-7.5918],[109.3398,-7.5924],[109.34,-7.5929],[109.3398,-7.5936],[109.3396,-7.5945],[109.3394,-7.5947],[109.3391,-7.5952],[109.339,-7.5956],[109.339,-7.5964],[109.3389,-7.5966],[109.3389,-7.597],[109.3388,-7.5985],[109.3386,-7.5996],[109.3386,-7.6002],[109.3385,-7.6004],[109.3385,-7.6009],[109.339,-7.6021],[109.3392,-7.6025],[109.3392,-7.6029],[109.339,-7.6032],[109.3385,-7.6036],[109.338,-7.6042],[109.3376,-7.605],[109.3372,-7.6057],[109.3358,-7.6088],[109.3351,-7.61],[109.3345,-7.6109],[109.3336,-7.6125],[109.3333,-7.6134],[109.3327,-7.6148],[109.3327,-7.6151],[109.3325,-7.6159],[109.3323,-7.6172],[109.3319,-7.6186],[109.3314,-7.6198],[109.3306,-7.6226],[109.3306,-7.623],[109.3307,-7.6242],[109.3307,-7.6246],[109.3306,-7.6248],[109.3307,-7.6249],[109.3307,-7.625],[109.3308,-7.6251],[109.3314,-7.6266],[109.3314,-7.6281],[109.3315,-7.6293],[109.3317,-7.6327],[109.3318,-7.6332],[109.3315,-7.6348],[109.3299,-7.6346],[109.3275,-7.6338],[109.3264,-7.6331],[109.3258,-7.6329],[109.325,-7.633],[109.324,-7.6328],[109.3229,-7.6324],[109.3222,-7.6322],[109.3202,-7.6318],[109.3188,-7.6316],[109.317,-7.6311],[109.3154,-7.6299],[109.3135,-7.6291],[109.3124,-7.6287],[109.3121,-7.6287],[109.3113,-7.6286],[109.3099,-7.629],[109.3083,-7.6291],[109.3059,-7.6287],[109.3031,-7.6283],[109.3011,-7.6281],[109.2981,-7.6279],[109.2966,-7.6277],[109.2954,-7.6274],[109.2948,-7.6272],[109.2922,-7.6252],[109.2916,-7.6249],[109.2911,-7.6246],[109.2902,-7.6244],[109.2891,-7.6244],[109.288,-7.6246],[109.2877,-7.6247],[109.2868,-7.6248],[109.2853,-7.6247],[109.2836,-7.6242],[109.2815,-7.6234],[109.2804,-7.6228],[109.2794,-7.6228],[109.2779,-7.6229],[109.2765,-7.6229],[109.2742,-7.622],[109.2741,-7.622],[109.2727,-7.6216],[109.2704,-7.6213],[109.2704,-7.6212],[109.2701,-7.6212],[109.2655,-7.6208],[109.2633,-7.6203],[109.2622,-7.62],[109.2619,-7.62],[109.2616,-7.6199],[109.2612,-7.6195],[109.2612,-7.619],[109.261,-7.6185],[109.2609,-7.6178],[109.2609,-7.6162],[109.261,-7.6122],[109.2623,-7.6075],[109.2623,-7.6074],[109.2632,-7.604],[109.2632,-7.6039],[109.2633,-7.6037],[109.2635,-7.6027],[109.2638,-7.6016],[109.2642,-7.5998],[109.265,-7.5954],[109.2658,-7.5942],[109.2666,-7.5934],[109.2673,-7.5925],[109.2674,-7.5925],[109.2674,-7.5923],[109.2676,-7.5919],[109.2684,-7.5917],[109.2687,-7.5913],[109.269,-7.5908],[109.2694,-7.5903],[109.2696,-7.59],[109.2696,-7.5892],[109.2692,-7.5887],[109.2693,-7.5877],[109.2692,-7.5869],[109.2695,-7.5867],[109.2697,-7.5865],[109.2699,-7.5862],[109.2697,-7.5857],[109.2695,-7.5855],[109.2694,-7.5851],[109.2694,-7.5843],[109.2696,-7.5839],[109.2702,-7.5837],[109.2703,-7.5836],[109.2704,-7.5833],[109.2704,-7.5822],[109.2705,-7.5819],[109.2708,-7.5816],[109.2709,-7.5812],[109.2709,-7.5807],[109.271,-7.5804],[109.2713,-7.5797],[109.2716,-7.5791],[109.2717,-7.5787],[109.2721,-7.5783],[109.2721,-7.5781],[109.2722,-7.5779],[109.2723,-7.5779],[109.2724,-7.5777],[109.2724,-7.5775],[109.2723,-7.5774],[109.2722,-7.5772],[109.2721,-7.5771],[109.2721,-7.5761],[109.2722,-7.5753],[109.2725,-7.5741],[109.2729,-7.5729],[109.2732,-7.5717],[109.2735,-7.571],[109.2738,-7.57],[109.2742,-7.569],[109.2748,-7.568],[109.2756,-7.566],[109.2767,-7.5638],[109.2772,-7.5629],[109.2777,-7.5631],[109.2792,-7.5638],[109.2793,-7.564],[109.2797,-7.5637],[109.2803,-7.5639],[109.2843,-7.5648],[109.2866,-7.5649],[109.2876,-7.5649],[109.2882,-7.5643],[109.2882,-7.5642],[109.2883,-7.564],[109.2885,-7.564],[109.2886,-7.5639],[109.2887,-7.5639],[109.2888,-7.5637],[109.2889,-7.5636],[109.2889,-7.5635],[109.2891,-7.5634],[109.2892,-7.5634],[109.2895,-7.5633],[109.2896,-7.5634],[109.2896,-7.5637],[109.2897,-7.5637],[109.29,-7.5636],[109.2905,-7.5638],[109.2906,-7.5639],[109.2908,-7.564],[109.2909,-7.5637],[109.2911,-7.5635],[109.2914,-7.5633],[109.2916,-7.5631],[109.2919,-7.5631],[109.2921,-7.5633],[109.2928,-7.5637],[109.2928,-7.564],[109.2923,-7.5644],[109.2928,-7.5649],[109.2933,-7.5648],[109.2935,-7.5651],[109.296,-7.5651],[109.2965,-7.5649],[109.2968,-7.5651],[109.2985,-7.5643],[109.2986,-7.5638],[109.2988,-7.5636],[109.2995,-7.5636],[109.2997,-7.5635],[109.3001,-7.5631],[109.3005,-7.5628],[109.3016,-7.5622],[109.3028,-7.5616],[109.3029,-7.5616],[109.3028,-7.5612],[109.3027,-7.5602],[109.3025,-7.5593],[109.3022,-7.5586],[109.3018,-7.5578],[109.3013,-7.5569],[109.3009,-7.5563],[109.3004,-7.5556],[109.2995,-7.5548],[109.2988,-7.5536],[109.3005,-7.5536],[109.3017,-7.5537],[109.3034,-7.5539],[109.3044,-7.5541],[109.3063,-7.5546],[109.3085,-7.5548],[109.3105,-7.5548],[109.3115,-7.5549],[109.3123,-7.5551],[109.3129,-7.5555],[109.3132,-7.5558],[109.3145,-7.5569],[109.3152,-7.5572],[109.3156,-7.5572],[109.3158,-7.5573],[109.317,-7.5574],[109.3175,-7.5573],[109.3179,-7.5573],[109.3195,-7.5569],[109.3207,-7.5568],[109.3219,-7.5565],[109.3233,-7.5562],[109.3244,-7.5559],[109.3263,-7.5555],[109.327,-7.5553],[109.3279,-7.555],[109.3291,-7.5544],[109.3303,-7.554],[109.3313,-7.5535],[109.3323,-7.5532],[109.3339,-7.5526],[109.3355,-7.5519],[109.3366,-7.5516],[109.3397,-7.5505],[109.3419,-7.5499],[109.3426,-7.5498],[109.3435,-7.5499],[109.344,-7.5499],[109.3452,-7.5504],[109.3464,-7.5502],[109.3469,-7.5506],[109.3474,-7.5506],[109.3489,-7.5503],[109.3495,-7.5506],[109.3501,-7.5504],[109.3504,-7.5501],[109.3513,-7.5498],[109.3521,-7.5501],[109.3534,-7.5501],[109.354,-7.5502],[109.3544,-7.5499],[109.3549,-7.5496],[109.3559,-7.5492],[109.356,-7.5492],[109.3565,-7.5503],[109.3569,-7.551],[109.3578,-7.5519],[109.358,-7.5526],[109.358,-7.5527],[109.3568,-7.5532],[109.3562,-7.5536],[109.3555,-7.5543],[109.3551,-7.5545],[109.3548,-7.5552],[109.3539,-7.5554],[109.3536,-7.5555],[109.3533,-7.5561],[109.353,-7.5576],[109.353,-7.5587],[109.3526,-7.5593],[109.3525,-7.5594],[109.3525,-7.5599],[109.3526,-7.5604],[109.3525,-7.5609],[109.3524,-7.5612],[109.3523,-7.5613],[109.3522,-7.5616],[109.3522,-7.5619],[109.3524,-7.5623],[109.3526,-7.5625],[109.3532,-7.5633],[109.3535,-7.5643],[109.3535,-7.566],[109.3533,-7.5666],[109.3532,-7.5668],[109.3532,-7.5672],[109.3535,-7.5688],[109.3536,-7.5698],[109.3545,-7.5712],[109.3545,-7.5715],[109.3543,-7.5724],[109.354,-7.5731],[109.3515,-7.5756],[109.3502,-7.5772],[109.3489,-7.577],[109.3486,-7.577],[109.3483,-7.5771],[109.3479,-7.5774],[109.3475,-7.5779],[109.347,-7.5782],[109.3467,-7.5785],[109.3462,-7.5788],[109.3458,-7.5789],[109.3452,-7.5789],[109.3446,-7.5788],[109.3442,-7.5787],[109.3437,-7.5785],[109.3436,-7.5785],[109.3435,-7.5787],[109.3433,-7.5793],[109.3425,-7.5806],[109.3419,-7.5809],[109.3415,-7.5814],[109.3398,-7.5813],[109.3377,-7.5813],[109.3373,-7.5837],[109.3371,-7.5843],[109.337,-7.5848],[109.3368,-7.5852],[109.3367,-7.5857],[109.3365,-7.5863],[109.3364,-7.5868],[109.3364,-7.588],[109.3368,-7.5891],[109.3372,-7.5899],[109.3376,-7.5905],[109.3382,-7.5909],[109.3388,-7.5912],[109.3393,-7.5916],[109.3395,-7.5918]]]]}},{"type":"Feature","id":"ADMINISTRASI_AR_KECAMATAN_10K_2023.13","properties":{"id":"33.02.01","name":"Lumbir","fcode":"BA03070040","luasWilayahHa":10935.86587623139,"kdpkab":"33.02","wadmkc":"Lumbir","metadata":"TASWIL1000020230928_DATA_BATAS_DESAKELURAHAN","sumber":"Geoportal Palapa Kabupaten Banyumas (WFS 10K 2023)"},"geometry":{"type":"MultiPolygon","coordinates":[[[[109.0146,-7.5209],[109.0141,-7.5217],[109.0138,-7.5224],[109.0132,-7.5233],[109.0128,-7.5238],[109.0122,-7.5243],[109.0109,-7.5252],[109.0103,-7.5257],[109.0093,-7.5261],[109.0092,-7.5261],[109.0088,-7.5265],[109.0071,-7.5272],[109.0066,-7.5276],[109.0062,-7.5281],[109.006,-7.5285],[109.0056,-7.5287],[109.0053,-7.5291],[109.0052,-7.5295],[109.0049,-7.53],[109.0049,-7.5316],[109.0047,-7.5322],[109.0046,-7.5327],[109.0045,-7.533],[109.004,-7.5334],[109.0029,-7.5329],[109.0023,-7.5316],[109.0036,-7.5294],[109.0042,-7.5283],[109.0046,-7.5279],[109.0046,-7.5276],[109.0044,-7.5274],[109.004,-7.5273],[109.0036,-7.5274],[109.0031,-7.5273],[109.0028,-7.5271],[109.0023,-7.5266],[109.0015,-7.5263],[109.0008,-7.5263],[108.9988,-7.5265],[108.9981,-7.5265],[108.9976,-7.5263],[108.997,-7.5258],[108.9962,-7.5252],[108.9956,-7.525],[108.9952,-7.5251],[108.9945,-7.5251],[108.9941,-7.5252],[108.9937,-7.5252],[108.9934,-7.5251],[108.9928,-7.5251],[108.9925,-7.5252],[108.9922,-7.5252],[108.9908,-7.5248],[108.9902,-7.525],[108.9886,-7.525],[108.9878,-7.5246],[108.9875,-7.5243],[108.9873,-7.5242],[108.9873,-7.524],[108.9871,-7.5239],[108.9866,-7.5239],[108.9861,-7.5238],[108.985,-7.5238],[108.9841,-7.5236],[108.9837,-7.5236],[108.9831,-7.5238],[108.9828,-7.5238],[108.9826,-7.5237],[108.9826,-7.5225],[108.9824,-7.5221],[108.982,-7.5219],[108.9816,-7.5215],[108.9816,-7.5205],[108.9811,-7.52],[108.9805,-7.5195],[108.9801,-7.5193],[108.9796,-7.5191],[108.9789,-7.5192],[108.9779,-7.5191],[108.9754,-7.5187],[108.9747,-7.5187],[108.9737,-7.5186],[108.9729,-7.5184],[108.9726,-7.5179],[108.9727,-7.5173],[108.9729,-7.5168],[108.9732,-7.5159],[108.9734,-7.5148],[108.9731,-7.5143],[108.9727,-7.5132],[108.9711,-7.5117],[108.9701,-7.5105],[108.969,-7.5096],[108.9678,-7.5091],[108.9666,-7.5085],[108.9664,-7.5081],[108.9665,-7.5076],[108.9664,-7.5068],[108.9657,-7.5063],[108.9643,-7.5051],[108.964,-7.5046],[108.9639,-7.5042],[108.9639,-7.5037],[108.9638,-7.5032],[108.9638,-7.5029],[108.9636,-7.5016],[108.9636,-7.5007],[108.9632,-7.4996],[108.9615,-7.4984],[108.9613,-7.498],[108.9613,-7.4976],[108.9612,-7.4974],[108.961,-7.4971],[108.9603,-7.4966],[108.9598,-7.4966],[108.9587,-7.497],[108.9581,-7.4971],[108.957,-7.4966],[108.9566,-7.4963],[108.9564,-7.4958],[108.9564,-7.4949],[108.9568,-7.4929],[108.9572,-7.4919],[108.9572,-7.4918],[108.9573,-7.4917],[108.9575,-7.4912],[108.958,-7.4907],[108.9582,-7.4904],[108.9592,-7.4894],[108.9597,-7.4892],[108.9603,-7.4892],[108.9624,-7.4887],[108.9631,-7.4884],[108.9634,-7.4881],[108.9639,-7.4872],[108.9641,-7.487],[108.9643,-7.4867],[108.9644,-7.4864],[108.9644,-7.486],[108.9642,-7.4849],[108.9639,-7.4843],[108.9634,-7.4835],[108.9634,-7.4834],[108.9626,-7.4826],[108.9619,-7.4814],[108.9609,-7.48],[108.96,-7.4797],[108.9598,-7.4797],[108.9588,-7.4794],[108.9584,-7.479],[108.9583,-7.4786],[108.9578,-7.4774],[108.9575,-7.4769],[108.9568,-7.4765],[108.9563,-7.476],[108.9559,-7.4753],[108.9558,-7.4751],[108.9558,-7.4749],[108.9557,-7.4746],[108.9558,-7.4743],[108.956,-7.4739],[108.9566,-7.4733],[108.9565,-7.473],[108.9558,-7.4725],[108.9555,-7.4722],[108.9554,-7.472],[108.9556,-7.4717],[108.9557,-7.4709],[108.9558,-7.4708],[108.9558,-7.4706],[108.9561,-7.47],[108.9546,-7.47],[108.9537,-7.4699],[108.9526,-7.4696],[108.951,-7.4691],[108.9502,-7.4688],[108.9485,-7.4683],[108.9473,-7.4682],[108.9471,-7.468],[108.9467,-7.4678],[108.946,-7.4673],[108.9452,-7.4669],[108.9447,-7.4666],[108.9443,-7.4665],[108.9437,-7.4665],[108.9433,-7.4664],[108.9426,-7.4661],[108.9417,-7.4658],[108.941,-7.4655],[108.9401,-7.4648],[108.94,-7.4648],[108.9399,-7.4647],[108.9394,-7.4646],[108.9386,-7.4648],[108.9368,-7.4651],[108.9365,-7.4651],[108.936,-7.465],[108.9353,-7.465],[108.9346,-7.4646],[108.9341,-7.4642],[108.9332,-7.4636],[108.933,-7.4635],[108.932,-7.4635],[108.9315,-7.4636],[108.931,-7.4635],[108.9303,-7.4632],[108.9302,-7.4632],[108.929,-7.4629],[108.9269,-7.4626],[108.9265,-7.4626],[108.9263,-7.4625],[108.9255,-7.4625],[108.9248,-7.4626],[108.9245,-7.4627],[108.9242,-7.4629],[108.9237,-7.4636],[108.9235,-7.4638],[108.923,-7.4639],[108.9196,-7.4639],[108.919,-7.4638],[108.9186,-7.4638],[108.9182,-7.4637],[108.9181,-7.4635],[108.9181,-7.4631],[108.918,-7.4627],[108.918,-7.4622],[108.9178,-7.4621],[108.9174,-7.462],[108.9172,-7.4622],[108.9169,-7.4624],[108.9169,-7.4625],[108.9165,-7.4629],[108.9154,-7.4647],[108.9152,-7.4649],[108.9151,-7.4649],[108.9148,-7.465],[108.9142,-7.465],[108.9138,-7.4648],[108.9131,-7.4642],[108.9128,-7.4639],[108.9126,-7.4636],[108.9124,-7.4631],[108.9122,-7.4628],[108.9121,-7.4627],[108.9119,-7.4629],[108.9119,-7.4634],[108.9115,-7.464],[108.911,-7.4646],[108.9108,-7.4647],[108.9107,-7.4648],[108.9106,-7.4648],[108.9105,-7.4649],[108.9099,-7.4651],[108.9095,-7.4651],[108.909,-7.465],[108.9086,-7.465],[108.9075,-7.4656],[108.9064,-7.4657],[108.9062,-7.4658],[108.9057,-7.4659],[108.9054,-7.4661],[108.9052,-7.4665],[108.9052,-7.4668],[108.905,-7.4672],[108.9045,-7.4675],[108.9039,-7.4678],[108.9034,-7.4685],[108.9033,-7.4686],[108.9029,-7.4694],[108.9026,-7.4705],[108.9023,-7.471],[108.9021,-7.4712],[108.902,-7.4714],[108.9017,-7.4715],[108.9014,-7.4715],[108.9006,-7.4718],[108.9002,-7.472],[108.8999,-7.4722],[108.8996,-7.4723],[108.8993,-7.4721],[108.8989,-7.4716],[108.8987,-7.4711],[108.8985,-7.4707],[108.8984,-7.4706],[108.8983,-7.4703],[108.8981,-7.4699],[108.8981,-7.4698],[108.8984,-7.469],[108.8986,-7.4686],[108.8984,-7.4684],[108.8979,-7.4682],[108.8974,-7.4681],[108.8969,-7.4679],[108.8966,-7.4676],[108.8963,-7.4672],[108.8962,-7.4666],[108.8963,-7.4662],[108.8963,-7.4659],[108.8965,-7.4656],[108.8965,-7.4653],[108.8966,-7.4649],[108.8966,-7.4639],[108.8964,-7.4636],[108.8957,-7.4636],[108.8952,-7.4635],[108.8947,-7.4636],[108.8945,-7.4634],[108.8945,-7.4633],[108.8949,-7.4627],[108.895,-7.4624],[108.895,-7.4622],[108.8949,-7.462],[108.8946,-7.462],[108.8943,-7.4621],[108.894,-7.4621],[108.8938,-7.4619],[108.8938,-7.4613],[108.8937,-7.461],[108.8936,-7.4603],[108.8938,-7.4595],[108.8938,-7.4592],[108.8937,-7.459],[108.8937,-7.4581],[108.8934,-7.4577],[108.8931,-7.4577],[108.8928,-7.4578],[108.8925,-7.4578],[108.8923,-7.4577],[108.8923,-7.4574],[108.892,-7.457],[108.8919,-7.4568],[108.8914,-7.4563],[108.8913,-7.4559],[108.8911,-7.4554],[108.8911,-7.4551],[108.8912,-7.4549],[108.891,-7.4546],[108.8903,-7.4533],[108.8903,-7.4532],[108.8901,-7.4529],[108.8901,-7.4526],[108.8906,-7.4519],[108.8906,-7.4516],[108.8905,-7.4514],[108.8904,-7.4513],[108.8895,-7.4508],[108.8893,-7.4503],[108.8894,-7.4501],[108.8898,-7.4499],[108.8908,-7.4503],[108.8908,-7.4502],[108.8909,-7.4502],[108.8912,-7.4501],[108.8914,-7.4503],[108.8915,-7.4503],[108.8917,-7.4505],[108.8918,-7.4504],[108.8919,-7.4504],[108.8919,-7.4503],[108.8923,-7.4499],[108.8927,-7.4497],[108.8929,-7.4498],[108.8931,-7.45],[108.8931,-7.4513],[108.8932,-7.4514],[108.8933,-7.4516],[108.8933,-7.4517],[108.8938,-7.4519],[108.8939,-7.4518],[108.8939,-7.4516],[108.894,-7.4515],[108.894,-7.4513],[108.8941,-7.4513],[108.8941,-7.4511],[108.8942,-7.4511],[108.8943,-7.4509],[108.8944,-7.4508],[108.8948,-7.4507],[108.8953,-7.4507],[108.8958,-7.4506],[108.896,-7.4506],[108.8962,-7.4505],[108.8963,-7.4501],[108.8964,-7.45],[108.8964,-7.4498],[108.8968,-7.4497],[108.897,-7.4497],[108.8973,-7.4496],[108.8977,-7.4497],[108.8981,-7.4499],[108.8984,-7.45],[108.899,-7.4506],[108.8991,-7.4506],[108.8992,-7.4504],[108.8992,-7.4503],[108.8994,-7.4501],[108.9002,-7.4501],[108.9005,-7.4502],[108.9007,-7.4502],[108.9009,-7.4503],[108.9012,-7.4502],[108.9014,-7.4502],[108.902,-7.4498],[108.9023,-7.4497],[108.9032,-7.4492],[108.9037,-7.449],[108.906,-7.4483],[108.9061,-7.4482],[108.9065,-7.4481],[108.9065,-7.448],[108.9068,-7.4477],[108.9072,-7.4468],[108.9075,-7.4464],[108.9077,-7.4464],[108.9089,-7.4466],[108.9095,-7.4466],[108.9102,-7.4467],[108.9106,-7.4467],[108.9112,-7.4465],[108.9118,-7.4459],[108.9119,-7.4457],[108.912,-7.4456],[108.9118,-7.4449],[108.9119,-7.4448],[108.9119,-7.4446],[108.912,-7.4443],[108.9131,-7.4435],[108.9137,-7.4424],[108.9142,-7.4417],[108.9155,-7.4411],[108.9166,-7.4407],[108.9168,-7.4405],[108.9176,-7.4399],[108.9178,-7.4397],[108.9182,-7.4395],[108.9189,-7.4392],[108.9201,-7.4389],[108.9203,-7.4388],[108.9208,-7.4384],[108.921,-7.4383],[108.9217,-7.4375],[108.9219,-7.4369],[108.9219,-7.4364],[108.9218,-7.4363],[108.9217,-7.4363],[108.9214,-7.4361],[108.9205,-7.4359],[108.9205,-7.4358],[108.9199,-7.4355],[108.9194,-7.4352],[108.9189,-7.435],[108.9187,-7.4348],[108.9187,-7.4343],[108.9188,-7.4335],[108.9189,-7.4333],[108.9191,-7.4331],[108.9193,-7.4328],[108.9193,-7.4326],[108.9194,-7.4325],[108.9194,-7.4321],[108.9195,-7.4318],[108.9197,-7.4314],[108.92,-7.4314],[108.9204,-7.4315],[108.9209,-7.4315],[108.921,-7.4314],[108.9211,-7.4314],[108.9211,-7.4313],[108.9213,-7.4311],[108.9213,-7.431],[108.9214,-7.431],[108.9214,-7.4307],[108.9215,-7.4306],[108.9215,-7.4304],[108.9216,-7.43],[108.9218,-7.4296],[108.9218,-7.4295],[108.9219,-7.4292],[108.9228,-7.4283],[108.923,-7.4279],[108.9231,-7.4275],[108.9233,-7.4272],[108.9237,-7.4271],[108.9249,-7.4279],[108.925,-7.4279],[108.9251,-7.428],[108.9254,-7.428],[108.9255,-7.4279],[108.9257,-7.4278],[108.9262,-7.4271],[108.9267,-7.4265],[108.9281,-7.4246],[108.9286,-7.4241],[108.9288,-7.4238],[108.9291,-7.4235],[108.9301,-7.4235],[108.9303,-7.4236],[108.9314,-7.4237],[108.9319,-7.4237],[108.9322,-7.4225],[108.9325,-7.4216],[108.9329,-7.4212],[108.9338,-7.4207],[108.9339,-7.4206],[108.934,-7.4206],[108.9348,-7.4199],[108.9352,-7.4195],[108.936,-7.4191],[108.9361,-7.4191],[108.9361,-7.419],[108.9365,-7.4188],[108.9372,-7.4186],[108.9381,-7.4182],[108.9385,-7.4179],[108.9386,-7.4174],[108.9386,-7.417],[108.9383,-7.4169],[108.9381,-7.4169],[108.9378,-7.4168],[108.9377,-7.4167],[108.9375,-7.4162],[108.9373,-7.416],[108.9366,-7.416],[108.9364,-7.4157],[108.9363,-7.4152],[108.9363,-7.4146],[108.9361,-7.4144],[108.9358,-7.4144],[108.9351,-7.4146],[108.9348,-7.4146],[108.9342,-7.4145],[108.934,-7.4143],[108.934,-7.4141],[108.9341,-7.414],[108.9344,-7.4139],[108.9346,-7.4136],[108.9349,-7.4129],[108.9352,-7.4128],[108.9354,-7.4124],[108.9359,-7.4119],[108.9368,-7.4117],[108.937,-7.4114],[108.9376,-7.4102],[108.9378,-7.4097],[108.9382,-7.4085],[108.9383,-7.4077],[108.9385,-7.4073],[108.9385,-7.402],[108.9384,-7.4005],[108.9384,-7.3997],[108.9383,-7.3995],[108.9382,-7.3984],[108.9382,-7.398],[108.938,-7.3971],[108.938,-7.3962],[108.9379,-7.395],[108.9381,-7.3938],[108.9382,-7.3935],[108.9388,-7.3921],[108.939,-7.3913],[108.9392,-7.3904],[108.9393,-7.389],[108.9393,-7.3886],[108.9391,-7.3881],[108.9387,-7.3877],[108.9382,-7.3875],[108.9381,-7.3871],[108.938,-7.3869],[108.938,-7.3865],[108.9386,-7.3859],[108.94,-7.3854],[108.9407,-7.385],[108.9412,-7.3846],[108.9416,-7.3844],[108.942,-7.3843],[108.9425,-7.3843],[108.943,-7.3844],[108.9433,-7.3845],[108.9436,-7.3843],[108.9453,-7.3839],[108.9454,-7.3838],[108.9455,-7.3838],[108.9456,-7.3842],[108.9459,-7.3851],[108.9461,-7.3853],[108.9463,-7.3858],[108.9483,-7.3875],[108.9503,-7.389],[108.9519,-7.3904],[108.9537,-7.3914],[108.9538,-7.3916],[108.9556,-7.3926],[108.9556,-7.3927],[108.956,-7.3933],[108.9569,-7.394],[108.957,-7.3942],[108.957,-7.3945],[108.9571,-7.3947],[108.9572,-7.3948],[108.959,-7.3954],[108.9595,-7.3955],[108.9597,-7.3957],[108.9598,-7.3959],[108.9602,-7.3961],[108.9609,-7.3961],[108.9614,-7.3963],[108.9617,-7.3965],[108.9619,-7.3969],[108.9621,-7.3971],[108.9625,-7.3974],[108.9627,-7.3979],[108.9629,-7.3982],[108.9634,-7.3985],[108.964,-7.3988],[108.9643,-7.3991],[108.9644,-7.3993],[108.9648,-7.3993],[108.9649,-7.3994],[108.9651,-7.3995],[108.9653,-7.3995],[108.9664,-7.3997],[108.9665,-7.3998],[108.9674,-7.4016],[108.9674,-7.402],[108.9669,-7.4034],[108.9671,-7.4046],[108.9671,-7.4049],[108.9674,-7.4054],[108.9675,-7.4057],[108.9675,-7.4059],[108.9674,-7.4061],[108.9674,-7.4063],[108.9675,-7.4065],[108.9677,-7.4066],[108.9681,-7.4075],[108.9681,-7.4077],[108.9682,-7.4079],[108.9683,-7.408],[108.9683,-7.4082],[108.9684,-7.4083],[108.9684,-7.4084],[108.9685,-7.4086],[108.9685,-7.4088],[108.9686,-7.4088],[108.969,-7.409],[108.9691,-7.4091],[108.9692,-7.4096],[108.9692,-7.4098],[108.9694,-7.41],[108.9695,-7.4102],[108.9695,-7.4104],[108.9699,-7.4108],[108.9698,-7.4109],[108.9697,-7.4111],[108.9697,-7.4112],[108.9698,-7.4113],[108.97,-7.4117],[108.97,-7.412],[108.9699,-7.4121],[108.97,-7.4125],[108.9699,-7.4127],[108.9701,-7.4135],[108.9721,-7.4155],[108.9748,-7.4176],[108.9765,-7.4184],[108.9749,-7.4198],[108.9746,-7.4206],[108.9741,-7.4215],[108.9737,-7.4219],[108.9732,-7.4223],[108.9748,-7.4255],[108.9759,-7.428],[108.9757,-7.429],[108.9754,-7.432],[108.9754,-7.4323],[108.9755,-7.4327],[108.9758,-7.4332],[108.976,-7.4334],[108.9762,-7.4334],[108.9764,-7.4333],[108.9766,-7.4333],[108.9768,-7.4335],[108.9771,-7.4336],[108.9771,-7.4348],[108.9773,-7.4353],[108.9776,-7.4354],[108.978,-7.4356],[108.9784,-7.4357],[108.9788,-7.4359],[108.979,-7.4363],[108.9793,-7.4367],[108.9795,-7.4369],[108.9806,-7.4372],[108.9808,-7.4377],[108.9808,-7.4381],[108.981,-7.4393],[108.9813,-7.4397],[108.9817,-7.4399],[108.9822,-7.4401],[108.9824,-7.4403],[108.9826,-7.4407],[108.9827,-7.441],[108.983,-7.4413],[108.9833,-7.4414],[108.9842,-7.4415],[108.9862,-7.4428],[108.9865,-7.4433],[108.9869,-7.4443],[108.9881,-7.4456],[108.9888,-7.4468],[108.9889,-7.4468],[108.989,-7.4475],[108.9886,-7.4496],[108.9887,-7.45],[108.9892,-7.4512],[108.9899,-7.4524],[108.9903,-7.4527],[108.9912,-7.4532],[108.9914,-7.4534],[108.9918,-7.4537],[108.9921,-7.4537],[108.9925,-7.4535],[108.9927,-7.4535],[108.993,-7.4534],[108.9932,-7.4534],[108.9933,-7.4537],[108.9933,-7.4539],[108.9934,-7.4542],[108.9936,-7.4543],[108.9938,-7.4542],[108.9941,-7.4542],[108.9943,-7.4543],[108.9945,-7.4546],[108.9948,-7.4547],[108.9951,-7.4547],[108.9955,-7.4548],[108.9966,-7.4555],[108.9972,-7.4561],[108.9972,-7.4563],[108.9971,-7.457],[108.9971,-7.4575],[108.9972,-7.4578],[108.9974,-7.458],[108.9978,-7.4582],[108.999,-7.459],[109.0004,-7.4598],[109.0013,-7.4613],[109.0024,-7.4614],[109.0062,-7.4626],[109.0065,-7.4626],[109.0069,-7.4636],[109.0085,-7.4645],[109.0089,-7.4648],[109.0092,-7.4652],[109.0096,-7.4656],[109.0113,-7.4669],[109.0126,-7.4663],[109.0135,-7.4656],[109.014,-7.4649],[109.015,-7.4637],[109.0156,-7.4631],[109.0158,-7.4628],[109.0158,-7.4622],[109.0157,-7.462],[109.0156,-7.462],[109.0164,-7.4609],[109.0164,-7.4608],[109.017,-7.4609],[109.0177,-7.4603],[109.0181,-7.4599],[109.0188,-7.4598],[109.0196,-7.459],[109.0198,-7.4589],[109.0201,-7.4589],[109.0208,-7.4584],[109.0208,-7.4582],[109.021,-7.4577],[109.0211,-7.4573],[109.022,-7.4564],[109.0223,-7.4557],[109.0227,-7.4553],[109.0231,-7.4548],[109.0237,-7.4539],[109.024,-7.4536],[109.0245,-7.4539],[109.0248,-7.4539],[109.0248,-7.4542],[109.0253,-7.4542],[109.0253,-7.4541],[109.0256,-7.4541],[109.0256,-7.4542],[109.0257,-7.4543],[109.0257,-7.4544],[109.0258,-7.4545],[109.0263,-7.4545],[109.0264,-7.4546],[109.0265,-7.4546],[109.0265,-7.4547],[109.0266,-7.4548],[109.0267,-7.4548],[109.0267,-7.4549],[109.0268,-7.4549],[109.0268,-7.455],[109.0269,-7.4551],[109.027,-7.4551],[109.027,-7.455],[109.0269,-7.4549],[109.0269,-7.4547],[109.028,-7.4547],[109.0288,-7.4546],[109.0292,-7.4545],[109.0297,-7.4541],[109.0298,-7.4538],[109.0298,-7.4535],[109.0299,-7.4534],[109.03,-7.454],[109.0302,-7.4542],[109.0304,-7.4542],[109.0306,-7.4543],[109.0307,-7.4544],[109.0308,-7.4546],[109.031,-7.4546],[109.0311,-7.4547],[109.0315,-7.4547],[109.0317,-7.4548],[109.0318,-7.455],[109.032,-7.4551],[109.032,-7.4553],[109.0321,-7.4555],[109.0321,-7.4557],[109.0326,-7.4563],[109.0327,-7.4565],[109.0327,-7.4567],[109.0328,-7.4569],[109.0328,-7.4571],[109.0332,-7.4575],[109.0334,-7.4579],[109.0334,-7.4582],[109.0335,-7.4584],[109.0349,-7.4599],[109.0367,-7.4595],[109.0374,-7.4595],[109.0384,-7.4607],[109.0387,-7.4607],[109.039,-7.4606],[109.0392,-7.4607],[109.0396,-7.4608],[109.0406,-7.4614],[109.0408,-7.4616],[109.041,-7.4619],[109.0416,-7.4625],[109.042,-7.4635],[109.042,-7.4638],[109.0416,-7.4648],[109.0416,-7.4652],[109.0419,-7.4662],[109.0419,-7.467],[109.0414,-7.4693],[109.0415,-7.4693],[109.0415,-7.4694],[109.0428,-7.4707],[109.043,-7.4712],[109.0432,-7.472],[109.043,-7.4744],[109.0432,-7.4746],[109.0427,-7.4758],[109.0431,-7.4763],[109.0443,-7.4807],[109.0432,-7.4817],[109.043,-7.4818],[109.0436,-7.4831],[109.0436,-7.4832],[109.0437,-7.4832],[109.0437,-7.4835],[109.0436,-7.4836],[109.0436,-7.4839],[109.0435,-7.484],[109.0434,-7.484],[109.0433,-7.4841],[109.0433,-7.4842],[109.0432,-7.4843],[109.0432,-7.4844],[109.0431,-7.4844],[109.043,-7.4845],[109.0423,-7.4845],[109.0421,-7.4847],[109.0421,-7.4848],[109.0419,-7.4848],[109.0418,-7.4849],[109.0417,-7.4849],[109.0417,-7.4854],[109.0416,-7.4854],[109.0415,-7.4855],[109.0415,-7.4874],[109.0416,-7.4875],[109.0416,-7.4878],[109.0417,-7.488],[109.0418,-7.4881],[109.042,-7.4882],[109.0421,-7.4887],[109.0417,-7.4887],[109.0417,-7.4888],[109.0416,-7.4888],[109.0415,-7.4889],[109.0414,-7.4889],[109.0412,-7.4891],[109.0412,-7.4892],[109.0411,-7.4892],[109.041,-7.4891],[109.0409,-7.4891],[109.0408,-7.4892],[109.0407,-7.4892],[109.0406,-7.4894],[109.0401,-7.4894],[109.0399,-7.4896],[109.0398,-7.4901],[109.0397,-7.4902],[109.0395,-7.4902],[109.0395,-7.4904],[109.0393,-7.4909],[109.039,-7.4912],[109.0388,-7.4913],[109.0386,-7.4915],[109.0383,-7.4923],[109.0383,-7.4927],[109.0382,-7.4933],[109.0381,-7.4936],[109.0381,-7.494],[109.0382,-7.4941],[109.0387,-7.4943],[109.0389,-7.4945],[109.0391,-7.4945],[109.0393,-7.4946],[109.0399,-7.495],[109.0402,-7.4955],[109.0403,-7.4956],[109.0403,-7.4958],[109.04,-7.4961],[109.0399,-7.4961],[109.0399,-7.4962],[109.04,-7.4963],[109.0401,-7.4963],[109.0402,-7.4964],[109.041,-7.4964],[109.0413,-7.4962],[109.0418,-7.4962],[109.0419,-7.4963],[109.0421,-7.4963],[109.0421,-7.4968],[109.0419,-7.4973],[109.0417,-7.4974],[109.0412,-7.4975],[109.0411,-7.4976],[109.0407,-7.4972],[109.0404,-7.4972],[109.0402,-7.4973],[109.04,-7.4973],[109.0395,-7.4972],[109.0395,-7.4971],[109.0394,-7.497],[109.0397,-7.4967],[109.0397,-7.4966],[109.0395,-7.4964],[109.039,-7.4961],[109.0383,-7.4969],[109.0383,-7.4971],[109.0382,-7.4972],[109.0382,-7.4979],[109.0381,-7.498],[109.0379,-7.4981],[109.0377,-7.4983],[109.0376,-7.4983],[109.0376,-7.4985],[109.0379,-7.4991],[109.0379,-7.4993],[109.0377,-7.4995],[109.0374,-7.4997],[109.0372,-7.4999],[109.0366,-7.5002],[109.0363,-7.5003],[109.0362,-7.5004],[109.036,-7.5004],[109.0355,-7.5006],[109.0348,-7.5006],[109.0348,-7.5005],[109.0347,-7.5005],[109.0347,-7.5004],[109.0346,-7.5003],[109.0346,-7.4998],[109.0345,-7.4998],[109.0345,-7.4997],[109.0344,-7.4997],[109.0342,-7.4998],[109.034,-7.5],[109.0336,-7.5008],[109.0335,-7.5009],[109.0335,-7.5011],[109.0336,-7.5013],[109.0339,-7.5014],[109.034,-7.5014],[109.0341,-7.5015],[109.0342,-7.5017],[109.0343,-7.5018],[109.0344,-7.502],[109.0344,-7.5039],[109.0343,-7.5042],[109.0343,-7.5044],[109.0342,-7.5046],[109.0342,-7.5047],[109.0341,-7.5048],[109.034,-7.5048],[109.0338,-7.5049],[109.0334,-7.5052],[109.0331,-7.5053],[109.0328,-7.5056],[109.0328,-7.5058],[109.0326,-7.5065],[109.0326,-7.507],[109.0327,-7.5073],[109.0327,-7.5077],[109.0326,-7.5079],[109.0325,-7.5082],[109.0325,-7.5084],[109.0324,-7.5086],[109.0325,-7.5087],[109.0325,-7.5088],[109.0326,-7.5088],[109.0328,-7.509],[109.0328,-7.5093],[109.0327,-7.5094],[109.0325,-7.5095],[109.0323,-7.5097],[109.0318,-7.51],[109.0317,-7.5101],[109.0314,-7.5101],[109.0313,-7.5102],[109.0309,-7.511],[109.0308,-7.5113],[109.0308,-7.5116],[109.0309,-7.5117],[109.0309,-7.5118],[109.0311,-7.5118],[109.0321,-7.5112],[109.0323,-7.511],[109.0325,-7.5109],[109.0326,-7.5108],[109.0331,-7.5108],[109.0335,-7.5109],[109.034,-7.5111],[109.0343,-7.5111],[109.0344,-7.5113],[109.0346,-7.5114],[109.0348,-7.5118],[109.0349,-7.5121],[109.0349,-7.5131],[109.0348,-7.5135],[109.0348,-7.5139],[109.0346,-7.5141],[109.0346,-7.5143],[109.0345,-7.5144],[109.0344,-7.515],[109.034,-7.5156],[109.0338,-7.5163],[109.0337,-7.5168],[109.0334,-7.5177],[109.0333,-7.5181],[109.0326,-7.5192],[109.0323,-7.5196],[109.0318,-7.5202],[109.0315,-7.5205],[109.0313,-7.5208],[109.0303,-7.5217],[109.0297,-7.5224],[109.0295,-7.5228],[109.029,-7.5235],[109.0279,-7.5248],[109.0275,-7.525],[109.0261,-7.5253],[109.0254,-7.5257],[109.0249,-7.5259],[109.0245,-7.526],[109.0234,-7.526],[109.0231,-7.5256],[109.0229,-7.5255],[109.0227,-7.5253],[109.0222,-7.5251],[109.0217,-7.5248],[109.0197,-7.524],[109.019,-7.5234],[109.0185,-7.5227],[109.0176,-7.5213],[109.0173,-7.5211],[109.0169,-7.5209],[109.016,-7.5207],[109.0148,-7.5207],[109.0146,-7.5209]]]]}},{"type":"Feature","id":"ADMINISTRASI_AR_KECAMATAN_10K_2023.14","properties":{"id":"33.02.12","name":"Patikraja","fcode":"BA03070040","luasWilayahHa":4594.90528147166,"kdpkab":"33.02","wadmkc":"Patikraja","metadata":"TASWIL1000020230928_DATA_BATAS_DESAKELURAHAN","sumber":"Geoportal Palapa Kabupaten Banyumas (WFS 10K 2023)"},"geometry":{"type":"MultiPolygon","coordinates":[[[[109.2256,-7.449],[109.2259,-7.4491],[109.2262,-7.4491],[109.2266,-7.449],[109.2273,-7.4489],[109.2275,-7.449],[109.2276,-7.4494],[109.2275,-7.4502],[109.2274,-7.4506],[109.2274,-7.4513],[109.2275,-7.4516],[109.2274,-7.4518],[109.227,-7.453],[109.227,-7.4533],[109.2268,-7.4536],[109.2299,-7.4544],[109.2302,-7.4538],[109.2328,-7.4544],[109.2328,-7.455],[109.2327,-7.4553],[109.2325,-7.4557],[109.232,-7.4565],[109.2319,-7.4565],[109.2317,-7.4567],[109.2314,-7.4569],[109.2312,-7.4572],[109.2312,-7.4575],[109.2314,-7.4596],[109.2315,-7.46],[109.2319,-7.4609],[109.2324,-7.4618],[109.2326,-7.4624],[109.2327,-7.4624],[109.233,-7.4632],[109.2332,-7.4639],[109.2337,-7.4648],[109.2341,-7.4654],[109.2343,-7.4666],[109.2341,-7.4674],[109.2352,-7.4672],[109.2378,-7.467],[109.2398,-7.4686],[109.2405,-7.47],[109.2405,-7.4703],[109.2406,-7.4705],[109.2406,-7.4709],[109.2407,-7.4712],[109.2417,-7.4731],[109.2419,-7.4734],[109.2426,-7.4737],[109.2431,-7.475],[109.2434,-7.4752],[109.2435,-7.4754],[109.244,-7.476],[109.2443,-7.4763],[109.2446,-7.4764],[109.2453,-7.477],[109.2457,-7.4777],[109.246,-7.4781],[109.2482,-7.4781],[109.2491,-7.4784],[109.2495,-7.4782],[109.25,-7.4782],[109.2503,-7.4783],[109.2507,-7.4788],[109.2512,-7.4792],[109.2515,-7.4793],[109.2517,-7.4752],[109.2518,-7.4753],[109.2518,-7.4754],[109.2526,-7.476],[109.253,-7.476],[109.2531,-7.4761],[109.2532,-7.4761],[109.2533,-7.4762],[109.2535,-7.476],[109.2538,-7.476],[109.2541,-7.4761],[109.2546,-7.4761],[109.2548,-7.4762],[109.2549,-7.4763],[109.2553,-7.4765],[109.2556,-7.4766],[109.2558,-7.4768],[109.256,-7.4768],[109.2563,-7.4769],[109.257,-7.4769],[109.2573,-7.4771],[109.2573,-7.4772],[109.2574,-7.4774],[109.2574,-7.4775],[109.2579,-7.4777],[109.2581,-7.4779],[109.2583,-7.478],[109.2583,-7.4785],[109.2587,-7.4787],[109.2591,-7.4786],[109.2593,-7.4786],[109.2595,-7.4787],[109.2603,-7.4795],[109.2609,-7.4798],[109.2613,-7.4798],[109.2613,-7.4797],[109.2614,-7.4797],[109.2614,-7.4796],[109.2624,-7.4798],[109.2627,-7.4801],[109.2628,-7.4803],[109.2627,-7.4805],[109.2627,-7.4806],[109.2632,-7.4807],[109.2636,-7.4811],[109.2637,-7.4811],[109.2642,-7.4816],[109.265,-7.4818],[109.2652,-7.4818],[109.2653,-7.4819],[109.2652,-7.482],[109.2659,-7.4824],[109.2662,-7.4818],[109.2671,-7.4825],[109.2678,-7.4822],[109.2689,-7.4823],[109.2689,-7.4824],[109.269,-7.4825],[109.2691,-7.4829],[109.2692,-7.483],[109.2694,-7.4831],[109.2713,-7.4838],[109.2713,-7.4839],[109.2715,-7.4843],[109.2726,-7.4863],[109.2738,-7.4871],[109.2742,-7.4873],[109.2743,-7.4875],[109.275,-7.4882],[109.2751,-7.4884],[109.2753,-7.4885],[109.275,-7.4887],[109.2744,-7.4893],[109.2743,-7.4895],[109.2739,-7.49],[109.2733,-7.4904],[109.273,-7.4907],[109.2725,-7.4915],[109.2722,-7.4918],[109.2721,-7.4921],[109.2717,-7.4927],[109.2705,-7.4934],[109.2699,-7.4937],[109.2689,-7.4944],[109.2686,-7.4947],[109.2681,-7.4951],[109.2677,-7.4953],[109.2673,-7.4956],[109.2672,-7.4972],[109.2672,-7.4988],[109.2671,-7.4995],[109.2671,-7.5006],[109.2662,-7.5011],[109.2658,-7.5012],[109.2656,-7.5012],[109.2653,-7.5011],[109.2651,-7.5009],[109.2646,-7.5],[109.2643,-7.4997],[109.2638,-7.4998],[109.2637,-7.5011],[109.2619,-7.5031],[109.261,-7.5038],[109.26,-7.5043],[109.2592,-7.5032],[109.2584,-7.5027],[109.2569,-7.5021],[109.2536,-7.5011],[109.2525,-7.5008],[109.251,-7.5005],[109.25,-7.5001],[109.25,-7.5],[109.2499,-7.5],[109.2466,-7.4967],[109.2448,-7.4952],[109.2433,-7.4941],[109.2418,-7.4933],[109.2412,-7.4932],[109.2408,-7.493],[109.2383,-7.4931],[109.237,-7.4932],[109.2355,-7.4951],[109.235,-7.4956],[109.2341,-7.496],[109.2333,-7.496],[109.2327,-7.495],[109.2316,-7.4942],[109.2304,-7.4935],[109.2278,-7.4919],[109.2274,-7.4917],[109.2262,-7.4908],[109.2252,-7.4907],[109.2247,-7.4908],[109.2237,-7.4914],[109.2228,-7.492],[109.2219,-7.493],[109.2212,-7.4936],[109.2205,-7.4944],[109.219,-7.4955],[109.2181,-7.4963],[109.2162,-7.4977],[109.2147,-7.4993],[109.2112,-7.4994],[109.2083,-7.4994],[109.2061,-7.4992],[109.2041,-7.4993],[109.2031,-7.4993],[109.2024,-7.4992],[109.2019,-7.4992],[109.2018,-7.4993],[109.201,-7.4991],[109.2002,-7.4994],[109.2,-7.4994],[109.1993,-7.4995],[109.1984,-7.4995],[109.198,-7.4993],[109.1976,-7.4989],[109.1974,-7.4988],[109.197,-7.4987],[109.1961,-7.4987],[109.1956,-7.4988],[109.1955,-7.4989],[109.1952,-7.499],[109.195,-7.499],[109.1941,-7.4993],[109.1929,-7.4995],[109.1921,-7.4993],[109.1916,-7.4991],[109.1901,-7.4988],[109.1897,-7.4988],[109.1891,-7.4987],[109.1881,-7.4986],[109.186,-7.4982],[109.1855,-7.498],[109.1838,-7.4979],[109.1832,-7.4978],[109.182,-7.4975],[109.1815,-7.4975],[109.181,-7.4973],[109.1802,-7.4971],[109.1796,-7.4969],[109.1794,-7.4968],[109.1785,-7.4961],[109.1781,-7.496],[109.1778,-7.4957],[109.1767,-7.4955],[109.1761,-7.4955],[109.1749,-7.4954],[109.1725,-7.4924],[109.1721,-7.492],[109.1715,-7.4916],[109.1708,-7.4913],[109.1706,-7.4911],[109.1703,-7.4909],[109.1702,-7.4907],[109.17,-7.4905],[109.1695,-7.4897],[109.1691,-7.4892],[109.1683,-7.4884],[109.1683,-7.4883],[109.168,-7.4879],[109.1672,-7.4871],[109.1668,-7.4868],[109.1665,-7.4863],[109.1655,-7.4843],[109.1647,-7.4831],[109.1647,-7.483],[109.164,-7.4814],[109.1638,-7.4813],[109.1633,-7.4812],[109.1628,-7.4812],[109.1621,-7.4816],[109.1617,-7.4817],[109.161,-7.4821],[109.16,-7.4828],[109.1594,-7.483],[109.1592,-7.4831],[109.1588,-7.4832],[109.1581,-7.4833],[109.1576,-7.4832],[109.1572,-7.4833],[109.1566,-7.4832],[109.1563,-7.4831],[109.1555,-7.483],[109.155,-7.4828],[109.1543,-7.4827],[109.1544,-7.4825],[109.1544,-7.4822],[109.1546,-7.482],[109.155,-7.482],[109.155,-7.4819],[109.1555,-7.4802],[109.1558,-7.4793],[109.1564,-7.478],[109.1566,-7.4773],[109.1566,-7.4772],[109.1568,-7.4772],[109.157,-7.4768],[109.1578,-7.4767],[109.1588,-7.4769],[109.1595,-7.4774],[109.1597,-7.4779],[109.1598,-7.4783],[109.1599,-7.4783],[109.1608,-7.4789],[109.1614,-7.4788],[109.1615,-7.4787],[109.1617,-7.4789],[109.1618,-7.4788],[109.1622,-7.4792],[109.1623,-7.4795],[109.1625,-7.4799],[109.1629,-7.4798],[109.1635,-7.4799],[109.164,-7.4794],[109.1641,-7.4794],[109.1642,-7.4793],[109.1642,-7.4791],[109.1643,-7.4791],[109.1644,-7.479],[109.1645,-7.479],[109.1648,-7.4788],[109.1653,-7.479],[109.1658,-7.4791],[109.1661,-7.4793],[109.1663,-7.4795],[109.1665,-7.4796],[109.1667,-7.4798],[109.1668,-7.4798],[109.1669,-7.4796],[109.1669,-7.4791],[109.1668,-7.4789],[109.1666,-7.4787],[109.1666,-7.4785],[109.1667,-7.4784],[109.1667,-7.4783],[109.1668,-7.4782],[109.1671,-7.4782],[109.1674,-7.478],[109.1686,-7.4784],[109.1689,-7.4758],[109.1687,-7.4752],[109.169,-7.4741],[109.1692,-7.4725],[109.1692,-7.4699],[109.1697,-7.4674],[109.1697,-7.4663],[109.1702,-7.465],[109.1703,-7.4649],[109.1703,-7.4645],[109.1702,-7.4644],[109.1702,-7.4643],[109.1701,-7.4642],[109.17,-7.464],[109.17,-7.4638],[109.1701,-7.4637],[109.1701,-7.4636],[109.1702,-7.4635],[109.1702,-7.4634],[109.1703,-7.4633],[109.1703,-7.4631],[109.1704,-7.463],[109.1703,-7.4629],[109.1703,-7.4628],[109.1702,-7.4628],[109.1702,-7.4627],[109.1705,-7.4624],[109.1707,-7.4624],[109.1708,-7.4623],[109.1708,-7.4622],[109.1709,-7.4621],[109.1709,-7.462],[109.1708,-7.4619],[109.1708,-7.4616],[109.1711,-7.4613],[109.1712,-7.4612],[109.1714,-7.4611],[109.1715,-7.461],[109.1724,-7.461],[109.1724,-7.4609],[109.1725,-7.4608],[109.1725,-7.4607],[109.1724,-7.4606],[109.1724,-7.4605],[109.1725,-7.4605],[109.1725,-7.4604],[109.1727,-7.4602],[109.1731,-7.46],[109.1733,-7.4602],[109.1735,-7.4603],[109.1736,-7.4604],[109.1739,-7.4604],[109.1741,-7.4605],[109.175,-7.4604],[109.1755,-7.4603],[109.1759,-7.4603],[109.1768,-7.4602],[109.1776,-7.46],[109.1778,-7.46],[109.1782,-7.4598],[109.1784,-7.4596],[109.1786,-7.4595],[109.1793,-7.459],[109.18,-7.459],[109.1802,-7.4591],[109.1803,-7.4591],[109.1803,-7.4593],[109.1801,-7.4595],[109.1796,-7.4597],[109.1792,-7.4599],[109.1791,-7.46],[109.179,-7.4602],[109.179,-7.4605],[109.1791,-7.4606],[109.1791,-7.4612],[109.179,-7.4614],[109.179,-7.4615],[109.1791,-7.4617],[109.1792,-7.4618],[109.1798,-7.4623],[109.1805,-7.4627],[109.1809,-7.4628],[109.1816,-7.4626],[109.1824,-7.4623],[109.1834,-7.4622],[109.1837,-7.4622],[109.1838,-7.462],[109.1839,-7.4619],[109.1839,-7.4617],[109.1841,-7.4613],[109.1843,-7.4613],[109.1847,-7.4611],[109.1851,-7.4604],[109.1851,-7.4603],[109.185,-7.4601],[109.1847,-7.4598],[109.1845,-7.4596],[109.1841,-7.4594],[109.1839,-7.4592],[109.184,-7.459],[109.1841,-7.4589],[109.1841,-7.458],[109.1842,-7.4579],[109.1843,-7.4579],[109.1849,-7.4566],[109.1851,-7.4566],[109.1854,-7.4565],[109.1857,-7.4565],[109.1857,-7.4564],[109.1858,-7.4563],[109.1863,-7.4563],[109.1868,-7.4562],[109.1873,-7.456],[109.1875,-7.456],[109.1879,-7.4557],[109.1887,-7.4553],[109.1891,-7.455],[109.1898,-7.4546],[109.1898,-7.4548],[109.1899,-7.4549],[109.1901,-7.4549],[109.1902,-7.4548],[109.1905,-7.4548],[109.1905,-7.4549],[109.1906,-7.455],[109.191,-7.455],[109.1912,-7.4549],[109.1912,-7.4548],[109.1913,-7.4547],[109.1917,-7.4547],[109.1921,-7.4549],[109.1922,-7.4549],[109.1923,-7.4547],[109.1924,-7.4546],[109.1922,-7.4543],[109.1921,-7.4542],[109.1921,-7.4535],[109.192,-7.4534],[109.192,-7.4526],[109.1921,-7.4524],[109.1924,-7.4522],[109.1925,-7.4519],[109.1928,-7.4519],[109.1932,-7.4518],[109.1934,-7.4517],[109.1937,-7.4513],[109.1939,-7.4508],[109.1939,-7.4505],[109.1942,-7.4501],[109.1947,-7.4491],[109.1959,-7.4501],[109.1961,-7.4502],[109.1963,-7.4504],[109.1963,-7.4505],[109.1964,-7.4507],[109.1964,-7.4511],[109.1972,-7.4513],[109.1975,-7.4515],[109.1979,-7.4517],[109.1989,-7.4519],[109.1993,-7.4522],[109.1996,-7.4522],[109.2003,-7.4525],[109.2015,-7.4513],[109.2019,-7.4515],[109.2028,-7.4518],[109.2039,-7.4521],[109.2041,-7.4521],[109.2044,-7.452],[109.2045,-7.4519],[109.2053,-7.4515],[109.2059,-7.4515],[109.2067,-7.4519],[109.2069,-7.4521],[109.2072,-7.4521],[109.2075,-7.4522],[109.2077,-7.4522],[109.2078,-7.4524],[109.2079,-7.4524],[109.2082,-7.4525],[109.2083,-7.4525],[109.2085,-7.4524],[109.2102,-7.4529],[109.211,-7.4534],[109.2111,-7.4533],[109.2114,-7.4532],[109.2116,-7.4529],[109.2117,-7.4529],[109.2112,-7.4518],[109.2112,-7.4512],[109.2109,-7.4509],[109.2109,-7.4499],[109.2107,-7.4499],[109.2107,-7.4498],[109.2106,-7.4497],[109.2105,-7.4494],[109.2105,-7.4492],[109.2103,-7.4488],[109.2102,-7.4485],[109.2099,-7.4479],[109.2095,-7.4477],[109.2094,-7.4478],[109.2092,-7.4478],[109.2091,-7.4479],[109.2089,-7.4477],[109.2089,-7.4476],[109.2088,-7.4474],[109.2088,-7.4472],[109.2089,-7.447],[109.2089,-7.4468],[109.2087,-7.4467],[109.2086,-7.4467],[109.2086,-7.4465],[109.2089,-7.4462],[109.2089,-7.4459],[109.2088,-7.4457],[109.2088,-7.4456],[109.2089,-7.4454],[109.2089,-7.4452],[109.2104,-7.4452],[109.2109,-7.4449],[109.211,-7.4449],[109.2112,-7.445],[109.2116,-7.4448],[109.2123,-7.4448],[109.2123,-7.4446],[109.213,-7.4445],[109.2132,-7.4439],[109.2136,-7.4438],[109.2139,-7.4436],[109.2138,-7.4428],[109.2138,-7.4425],[109.2137,-7.442],[109.2134,-7.4417],[109.2132,-7.4416],[109.2128,-7.4416],[109.2126,-7.4414],[109.2124,-7.4412],[109.2124,-7.4407],[109.2125,-7.4404],[109.213,-7.4399],[109.2131,-7.4397],[109.2142,-7.4385],[109.2154,-7.4373],[109.2155,-7.4373],[109.2161,-7.4378],[109.217,-7.4384],[109.2181,-7.439],[109.2193,-7.4398],[109.2208,-7.4405],[109.2215,-7.4407],[109.2228,-7.4407],[109.2227,-7.4408],[109.2228,-7.442],[109.223,-7.4423],[109.2241,-7.4426],[109.2242,-7.4428],[109.2243,-7.4429],[109.2246,-7.4435],[109.2248,-7.4437],[109.2251,-7.4437],[109.2254,-7.4438],[109.2258,-7.4435],[109.226,-7.4432],[109.2261,-7.4431],[109.2265,-7.4431],[109.2266,-7.4432],[109.2268,-7.4433],[109.2269,-7.4435],[109.2273,-7.444],[109.2276,-7.4441],[109.2278,-7.4441],[109.2277,-7.4442],[109.2277,-7.4446],[109.2279,-7.445],[109.2281,-7.4451],[109.2281,-7.4454],[109.2282,-7.4455],[109.2282,-7.4459],[109.2276,-7.4461],[109.2274,-7.4462],[109.2271,-7.4466],[109.2262,-7.4473],[109.2257,-7.4476],[109.2253,-7.4479],[109.2252,-7.4484],[109.2252,-7.4486],[109.2256,-7.449]]]]}},{"type":"Feature","id":"ADMINISTRASI_AR_KECAMATAN_10K_2023.15","properties":{"id":"33.02.16","name":"Pekuncen","fcode":"BA03070040","luasWilayahHa":8109.94853682553,"kdpkab":"33.02","wadmkc":"Pekuncen","metadata":"TASWIL1000020230928_DATA_BATAS_DESAKELURAHAN","sumber":"Geoportal Palapa Kabupaten Banyumas (WFS 10K 2023)"},"geometry":{"type":"MultiPolygon","coordinates":[[[[109.1074,-7.3772],[109.1074,-7.3773],[109.1073,-7.3773],[109.1073,-7.3779],[109.1068,-7.3785],[109.106,-7.3785],[109.1056,-7.3789],[109.1057,-7.3797],[109.1056,-7.3799],[109.1056,-7.38],[109.1055,-7.38],[109.1053,-7.3802],[109.1053,-7.3808],[109.1052,-7.3809],[109.1052,-7.3811],[109.1051,-7.3813],[109.1051,-7.3816],[109.105,-7.382],[109.105,-7.3822],[109.1052,-7.3826],[109.1052,-7.3827],[109.1054,-7.3827],[109.1055,-7.3833],[109.1056,-7.3834],[109.1056,-7.3835],[109.1057,-7.3836],[109.1057,-7.3845],[109.1056,-7.3845],[109.1056,-7.3846],[109.1055,-7.3846],[109.1053,-7.3848],[109.1053,-7.385],[109.1052,-7.3851],[109.1051,-7.3851],[109.105,-7.3852],[109.105,-7.3853],[109.1049,-7.3854],[109.1049,-7.3856],[109.1059,-7.3859],[109.1059,-7.3872],[109.1058,-7.3872],[109.1058,-7.3874],[109.1059,-7.3874],[109.1059,-7.3877],[109.1058,-7.3878],[109.1058,-7.3881],[109.1057,-7.3882],[109.1057,-7.3884],[109.1055,-7.3886],[109.1056,-7.3886],[109.1056,-7.3889],[109.1055,-7.3891],[109.1055,-7.3892],[109.1056,-7.3893],[109.1056,-7.3895],[109.1055,-7.3896],[109.1054,-7.3898],[109.1054,-7.3899],[109.1052,-7.3903],[109.1052,-7.3907],[109.1053,-7.3908],[109.1055,-7.3908],[109.1056,-7.3907],[109.1057,-7.3908],[109.1057,-7.391],[109.1058,-7.3911],[109.106,-7.3911],[109.106,-7.391],[109.1062,-7.3908],[109.107,-7.3908],[109.1071,-7.3907],[109.1072,-7.3907],[109.1073,-7.3905],[109.1074,-7.3905],[109.1074,-7.3908],[109.1075,-7.3909],[109.1076,-7.3909],[109.1077,-7.391],[109.1085,-7.391],[109.1087,-7.3914],[109.1087,-7.3915],[109.1089,-7.3919],[109.1089,-7.3927],[109.109,-7.3928],[109.109,-7.3935],[109.1091,-7.3935],[109.109,-7.3939],[109.1092,-7.3941],[109.1091,-7.3942],[109.1091,-7.3944],[109.1092,-7.3944],[109.1091,-7.3947],[109.1089,-7.3949],[109.1088,-7.3951],[109.1087,-7.3961],[109.1089,-7.3964],[109.1088,-7.3964],[109.1087,-7.3965],[109.1086,-7.3965],[109.1086,-7.3966],[109.1085,-7.3965],[109.1082,-7.3965],[109.108,-7.3967],[109.1078,-7.3968],[109.1076,-7.3968],[109.1075,-7.3969],[109.1073,-7.3969],[109.1072,-7.3968],[109.107,-7.3968],[109.1065,-7.3964],[109.1058,-7.3964],[109.1056,-7.3965],[109.1051,-7.3965],[109.1047,-7.3967],[109.1044,-7.3969],[109.1035,-7.3969],[109.1028,-7.3971],[109.1028,-7.3972],[109.1027,-7.3972],[109.1027,-7.3973],[109.1022,-7.3975],[109.1015,-7.3972],[109.1014,-7.3972],[109.1007,-7.3977],[109.1001,-7.398],[109.0999,-7.3978],[109.0997,-7.3978],[109.0995,-7.3979],[109.0995,-7.3981],[109.0994,-7.3981],[109.0993,-7.3982],[109.0984,-7.3982],[109.0982,-7.3984],[109.0979,-7.3984],[109.0976,-7.3987],[109.0973,-7.3986],[109.0972,-7.3986],[109.0972,-7.3985],[109.0966,-7.3984],[109.0963,-7.3984],[109.0963,-7.3986],[109.0962,-7.3985],[109.0959,-7.3985],[109.0958,-7.3986],[109.0955,-7.3986],[109.0955,-7.3987],[109.0953,-7.3987],[109.0952,-7.3988],[109.0944,-7.3988],[109.0941,-7.399],[109.0941,-7.3991],[109.0938,-7.399],[109.0936,-7.399],[109.0935,-7.3989],[109.0927,-7.3988],[109.0926,-7.3988],[109.0925,-7.3989],[109.0922,-7.3989],[109.0921,-7.3988],[109.0918,-7.3988],[109.0915,-7.3987],[109.0914,-7.3987],[109.0912,-7.3985],[109.0912,-7.3984],[109.0906,-7.3984],[109.0905,-7.3983],[109.0905,-7.3982],[109.0906,-7.3982],[109.0906,-7.3981],[109.0905,-7.3981],[109.0904,-7.398],[109.0898,-7.3979],[109.0898,-7.3978],[109.0901,-7.3976],[109.0902,-7.3975],[109.0904,-7.3974],[109.091,-7.3974],[109.091,-7.3971],[109.0909,-7.397],[109.0909,-7.3967],[109.091,-7.3966],[109.0911,-7.3966],[109.0906,-7.3956],[109.0903,-7.3945],[109.09,-7.3938],[109.0899,-7.3937],[109.0899,-7.3928],[109.09,-7.3911],[109.0896,-7.3907],[109.0896,-7.3905],[109.0898,-7.3903],[109.0898,-7.3901],[109.0899,-7.3895],[109.0899,-7.389],[109.0898,-7.3887],[109.0898,-7.3886],[109.0896,-7.3886],[109.0896,-7.3885],[109.0895,-7.3884],[109.0893,-7.3884],[109.0892,-7.3885],[109.089,-7.3885],[109.0885,-7.388],[109.0883,-7.3877],[109.0882,-7.3876],[109.0863,-7.3873],[109.0854,-7.3871],[109.0853,-7.3873],[109.0824,-7.3866],[109.0813,-7.3865],[109.0812,-7.3866],[109.0812,-7.3867],[109.0811,-7.3867],[109.081,-7.3868],[109.0809,-7.3868],[109.0809,-7.3869],[109.0806,-7.3868],[109.0805,-7.3871],[109.0805,-7.3884],[109.0804,-7.3889],[109.0803,-7.3889],[109.0802,-7.389],[109.0801,-7.389],[109.0801,-7.3889],[109.08,-7.3889],[109.0799,-7.3891],[109.0797,-7.3892],[109.0797,-7.3893],[109.0798,-7.3893],[109.0797,-7.3895],[109.0795,-7.3895],[109.0794,-7.3894],[109.0793,-7.3895],[109.0791,-7.3896],[109.0787,-7.39],[109.0785,-7.3903],[109.0785,-7.391],[109.0783,-7.3911],[109.0783,-7.3912],[109.0782,-7.3912],[109.0782,-7.3915],[109.078,-7.3916],[109.0781,-7.392],[109.0781,-7.3924],[109.0777,-7.3924],[109.0776,-7.3925],[109.0775,-7.3923],[109.0774,-7.3922],[109.0773,-7.3922],[109.0773,-7.3919],[109.0774,-7.3918],[109.0772,-7.3914],[109.0771,-7.3913],[109.077,-7.3911],[109.077,-7.391],[109.0774,-7.39],[109.0774,-7.3894],[109.0772,-7.3887],[109.077,-7.3885],[109.0769,-7.3883],[109.0765,-7.3881],[109.0764,-7.3881],[109.0764,-7.388],[109.0763,-7.3878],[109.0763,-7.3877],[109.0761,-7.3875],[109.076,-7.3873],[109.0755,-7.387],[109.075,-7.386],[109.0747,-7.3846],[109.0721,-7.3849],[109.0722,-7.3854],[109.0708,-7.3854],[109.0701,-7.3855],[109.0683,-7.3855],[109.0672,-7.3856],[109.0652,-7.3856],[109.0652,-7.3854],[109.065,-7.3854],[109.0649,-7.3855],[109.0645,-7.3855],[109.0644,-7.3856],[109.0639,-7.3856],[109.0638,-7.3854],[109.0637,-7.3854],[109.0634,-7.3852],[109.0627,-7.3852],[109.0623,-7.3853],[109.0622,-7.3856],[109.0622,-7.3859],[109.062,-7.3861],[109.0618,-7.3862],[109.0617,-7.3862],[109.0617,-7.3863],[109.0616,-7.3865],[109.0614,-7.3865],[109.0611,-7.3867],[109.0609,-7.3869],[109.0605,-7.3871],[109.0609,-7.3877],[109.0611,-7.3877],[109.061,-7.3884],[109.0611,-7.3885],[109.0612,-7.3885],[109.0612,-7.3888],[109.061,-7.3889],[109.0615,-7.3899],[109.0625,-7.3907],[109.0632,-7.3911],[109.0642,-7.3916],[109.0642,-7.3917],[109.0644,-7.392],[109.0644,-7.3929],[109.0643,-7.3933],[109.0641,-7.3937],[109.0625,-7.3948],[109.0623,-7.395],[109.0622,-7.3952],[109.062,-7.3953],[109.0619,-7.3953],[109.0613,-7.3955],[109.0611,-7.3955],[109.061,-7.3956],[109.061,-7.3957],[109.0609,-7.3958],[109.0603,-7.3959],[109.06,-7.396],[109.0598,-7.396],[109.0596,-7.3962],[109.0591,-7.3961],[109.0586,-7.3961],[109.0584,-7.3962],[109.0583,-7.3962],[109.0581,-7.3964],[109.058,-7.3966],[109.0579,-7.3967],[109.0578,-7.3967],[109.0578,-7.3966],[109.0574,-7.3968],[109.0571,-7.3969],[109.0571,-7.3971],[109.057,-7.3974],[109.057,-7.3975],[109.0569,-7.3976],[109.0568,-7.3978],[109.0568,-7.3979],[109.0563,-7.398],[109.0543,-7.3989],[109.0525,-7.3995],[109.0501,-7.3995],[109.0478,-7.3992],[109.0469,-7.3998],[109.0468,-7.3999],[109.0453,-7.4],[109.0448,-7.4],[109.0445,-7.4001],[109.0441,-7.4004],[109.0433,-7.4014],[109.0426,-7.402],[109.0414,-7.4032],[109.0409,-7.4035],[109.0395,-7.4038],[109.0381,-7.4047],[109.0379,-7.4047],[109.0378,-7.4046],[109.0358,-7.406],[109.0356,-7.4061],[109.0355,-7.4061],[109.035,-7.4059],[109.0348,-7.4059],[109.0333,-7.4064],[109.0326,-7.4065],[109.0322,-7.4065],[109.032,-7.4063],[109.0317,-7.4061],[109.0317,-7.4059],[109.0321,-7.4054],[109.0322,-7.4052],[109.0322,-7.405],[109.0318,-7.4047],[109.0317,-7.4045],[109.0317,-7.4043],[109.0318,-7.4041],[109.0318,-7.4038],[109.031,-7.4031],[109.0307,-7.4026],[109.0307,-7.402],[109.0308,-7.4015],[109.0308,-7.4013],[109.0306,-7.4008],[109.0305,-7.4006],[109.0304,-7.4005],[109.0304,-7.4002],[109.0303,-7.4001],[109.0303,-7.3996],[109.0304,-7.3993],[109.0304,-7.3991],[109.0303,-7.3988],[109.0303,-7.3984],[109.0304,-7.3983],[109.0304,-7.3981],[109.0305,-7.3979],[109.0305,-7.3978],[109.0311,-7.3978],[109.0312,-7.3977],[109.0313,-7.3977],[109.0314,-7.3976],[109.0315,-7.3975],[109.0315,-7.3974],[109.0316,-7.3971],[109.0316,-7.3966],[109.0317,-7.3966],[109.0316,-7.3965],[109.0313,-7.3965],[109.0312,-7.3964],[109.0312,-7.3962],[109.0311,-7.3961],[109.0311,-7.3955],[109.0312,-7.3955],[109.0312,-7.3954],[109.0311,-7.3953],[109.0311,-7.3951],[109.0309,-7.3949],[109.0307,-7.3948],[109.0307,-7.3944],[109.0309,-7.3942],[109.0309,-7.3938],[109.0308,-7.3937],[109.0308,-7.3935],[109.0309,-7.3934],[109.0309,-7.3933],[109.031,-7.3933],[109.0309,-7.3932],[109.0309,-7.3931],[109.0308,-7.393],[109.0308,-7.3929],[109.0311,-7.3926],[109.0311,-7.3923],[109.0309,-7.3919],[109.0308,-7.3918],[109.0308,-7.3916],[109.0309,-7.3912],[109.0309,-7.3909],[109.0308,-7.3908],[109.0308,-7.3905],[109.0309,-7.3903],[109.031,-7.3902],[109.031,-7.39],[109.0308,-7.3898],[109.0326,-7.3885],[109.0328,-7.3885],[109.0349,-7.389],[109.035,-7.389],[109.0363,-7.3879],[109.0394,-7.3877],[109.0395,-7.3869],[109.0396,-7.3868],[109.0402,-7.3873],[109.0403,-7.3876],[109.0408,-7.3885],[109.0415,-7.389],[109.0417,-7.3891],[109.0418,-7.3891],[109.0419,-7.389],[109.042,-7.389],[109.0423,-7.3887],[109.0423,-7.3884],[109.0416,-7.3844],[109.0417,-7.3844],[109.0419,-7.3843],[109.042,-7.3843],[109.0421,-7.3842],[109.0421,-7.384],[109.0422,-7.3837],[109.0426,-7.3834],[109.0426,-7.383],[109.0423,-7.3827],[109.0422,-7.3827],[109.0422,-7.3825],[109.0407,-7.3813],[109.0396,-7.3808],[109.0392,-7.381],[109.039,-7.381],[109.0373,-7.3793],[109.0372,-7.3793],[109.037,-7.3792],[109.0368,-7.3792],[109.0367,-7.3791],[109.0366,-7.3791],[109.0365,-7.3792],[109.0364,-7.3792],[109.0363,-7.3791],[109.0358,-7.379],[109.0355,-7.379],[109.0351,-7.3784],[109.0347,-7.378],[109.0345,-7.378],[109.0344,-7.3779],[109.0337,-7.3776],[109.0329,-7.3771],[109.0324,-7.3769],[109.0317,-7.3769],[109.0309,-7.3762],[109.0309,-7.376],[109.0306,-7.3757],[109.0298,-7.3751],[109.0296,-7.375],[109.0295,-7.375],[109.0293,-7.3752],[109.0292,-7.3752],[109.0292,-7.3753],[109.0291,-7.3754],[109.029,-7.3753],[109.0288,-7.3753],[109.0288,-7.3754],[109.0286,-7.3754],[109.029,-7.3747],[109.0294,-7.3739],[109.0295,-7.3736],[109.0291,-7.3733],[109.0289,-7.3732],[109.0286,-7.3732],[109.0278,-7.3728],[109.0276,-7.3726],[109.0275,-7.3724],[109.0271,-7.3724],[109.027,-7.3725],[109.0268,-7.3725],[109.0263,-7.3721],[109.0242,-7.3707],[109.0233,-7.3698],[109.0221,-7.3688],[109.0219,-7.3684],[109.0218,-7.368],[109.0216,-7.3675],[109.0211,-7.3666],[109.021,-7.3655],[109.0209,-7.3653],[109.0207,-7.3652],[109.0204,-7.3652],[109.0202,-7.365],[109.0202,-7.3644],[109.0203,-7.3642],[109.0203,-7.3638],[109.0199,-7.3633],[109.02,-7.3628],[109.0201,-7.3625],[109.0204,-7.3619],[109.0211,-7.3608],[109.0213,-7.3604],[109.0215,-7.3602],[109.0218,-7.36],[109.0231,-7.3592],[109.0232,-7.359],[109.0232,-7.3589],[109.0238,-7.3584],[109.0246,-7.3579],[109.0255,-7.3579],[109.0265,-7.3576],[109.0287,-7.3573],[109.0296,-7.3571],[109.03,-7.3568],[109.0307,-7.3564],[109.0312,-7.3558],[109.0314,-7.3554],[109.0316,-7.3549],[109.0316,-7.3547],[109.0318,-7.3545],[109.0321,-7.3537],[109.034,-7.352],[109.0343,-7.3518],[109.0345,-7.3516],[109.0346,-7.3516],[109.0348,-7.3515],[109.0349,-7.3515],[109.0349,-7.3514],[109.035,-7.3514],[109.0354,-7.3512],[109.0355,-7.3511],[109.0357,-7.351],[109.0358,-7.351],[109.0359,-7.3509],[109.036,-7.3509],[109.0361,-7.3508],[109.0362,-7.3508],[109.0362,-7.3507],[109.0365,-7.3504],[109.0366,-7.3502],[109.0367,-7.3501],[109.0367,-7.35],[109.0368,-7.3499],[109.0369,-7.3497],[109.0372,-7.3495],[109.0374,-7.3493],[109.0374,-7.3492],[109.0377,-7.3489],[109.0377,-7.3488],[109.0384,-7.3481],[109.0385,-7.3481],[109.0387,-7.3479],[109.0388,-7.3479],[109.039,-7.3477],[109.0394,-7.3475],[109.0399,-7.3471],[109.04,-7.3471],[109.0401,-7.347],[109.0403,-7.3469],[109.0404,-7.3467],[109.0405,-7.3467],[109.0405,-7.3466],[109.0406,-7.3465],[109.0406,-7.3464],[109.0409,-7.3457],[109.0411,-7.3456],[109.0413,-7.3456],[109.0413,-7.3455],[109.0414,-7.3455],[109.0416,-7.3454],[109.042,-7.3451],[109.0424,-7.3446],[109.0424,-7.3445],[109.0437,-7.3432],[109.0438,-7.3432],[109.0438,-7.3431],[109.0441,-7.3427],[109.0441,-7.3426],[109.0445,-7.3422],[109.0449,-7.342],[109.0453,-7.3419],[109.0455,-7.3418],[109.0458,-7.3415],[109.0458,-7.3413],[109.0459,-7.3412],[109.0459,-7.3411],[109.0461,-7.341],[109.0464,-7.3404],[109.0465,-7.3401],[109.0466,-7.34],[109.0466,-7.3396],[109.0467,-7.3393],[109.0468,-7.3393],[109.0469,-7.3391],[109.0471,-7.3389],[109.0474,-7.3388],[109.0479,-7.3393],[109.048,-7.3392],[109.0485,-7.3391],[109.0488,-7.3391],[109.049,-7.339],[109.0495,-7.3389],[109.05,-7.3389],[109.0505,-7.3387],[109.051,-7.3387],[109.0511,-7.3384],[109.0518,-7.3378],[109.0522,-7.3375],[109.0526,-7.3371],[109.0527,-7.3371],[109.0528,-7.3373],[109.0529,-7.3374],[109.0531,-7.3375],[109.0531,-7.3377],[109.0532,-7.3378],[109.0532,-7.3383],[109.053,-7.3387],[109.053,-7.3391],[109.0532,-7.3392],[109.0533,-7.3393],[109.0533,-7.3395],[109.0536,-7.3394],[109.0539,-7.3392],[109.0541,-7.3392],[109.0543,-7.3393],[109.0544,-7.3392],[109.0552,-7.3392],[109.0554,-7.3393],[109.0555,-7.3395],[109.0555,-7.3396],[109.056,-7.3396],[109.0562,-7.3397],[109.0563,-7.3397],[109.0565,-7.3396],[109.057,-7.3401],[109.0573,-7.34],[109.0585,-7.34],[109.059,-7.3397],[109.0592,-7.3395],[109.0592,-7.3394],[109.0605,-7.3399],[109.0614,-7.3399],[109.0616,-7.3398],[109.062,-7.3398],[109.0622,-7.3397],[109.0627,-7.3396],[109.0629,-7.3396],[109.063,-7.3395],[109.0631,-7.3395],[109.0637,-7.3392],[109.0638,-7.3391],[109.0641,-7.339],[109.0641,-7.3389],[109.0642,-7.3389],[109.0645,-7.3386],[109.0646,-7.3384],[109.0651,-7.3379],[109.0656,-7.3372],[109.0659,-7.3369],[109.0661,-7.3366],[109.0661,-7.3365],[109.0663,-7.3362],[109.0663,-7.3361],[109.0664,-7.336],[109.0664,-7.3358],[109.0669,-7.3354],[109.0672,-7.335],[109.0675,-7.3347],[109.068,-7.3337],[109.0683,-7.3332],[109.0684,-7.3328],[109.0686,-7.3326],[109.0688,-7.3322],[109.0688,-7.3321],[109.069,-7.3316],[109.0691,-7.3312],[109.0692,-7.3311],[109.0692,-7.3309],[109.0694,-7.3305],[109.0695,-7.3305],[109.0695,-7.3304],[109.0699,-7.3296],[109.0702,-7.3291],[109.0702,-7.3288],[109.0703,-7.3285],[109.0704,-7.3284],[109.0705,-7.328],[109.0705,-7.3277],[109.0707,-7.3273],[109.0707,-7.3268],[109.0706,-7.3266],[109.0706,-7.3264],[109.0704,-7.3258],[109.0707,-7.3251],[109.0708,-7.325],[109.0709,-7.3245],[109.0711,-7.324],[109.0712,-7.3239],[109.0713,-7.3235],[109.0715,-7.3232],[109.0716,-7.3231],[109.0716,-7.323],[109.0717,-7.3228],[109.072,-7.3225],[109.0722,-7.3222],[109.0734,-7.3208],[109.0734,-7.3207],[109.0735,-7.3205],[109.0736,-7.32],[109.0737,-7.3199],[109.0737,-7.3197],[109.0738,-7.3196],[109.0741,-7.3181],[109.0742,-7.318],[109.0744,-7.3175],[109.0744,-7.3174],[109.0745,-7.3173],[109.0745,-7.3172],[109.0749,-7.3166],[109.075,-7.3162],[109.0751,-7.316],[109.0751,-7.3159],[109.0753,-7.3157],[109.0755,-7.3154],[109.0757,-7.3149],[109.0757,-7.3142],[109.0759,-7.314],[109.076,-7.3138],[109.0762,-7.3137],[109.0765,-7.3136],[109.0769,-7.3136],[109.0772,-7.3135],[109.0773,-7.3135],[109.0774,-7.3133],[109.0774,-7.313],[109.0775,-7.3128],[109.0776,-7.3127],[109.0776,-7.3126],[109.0782,-7.3108],[109.0783,-7.3108],[109.0784,-7.3105],[109.0785,-7.3104],[109.0787,-7.3099],[109.0787,-7.3098],[109.0788,-7.3097],[109.0792,-7.309],[109.0793,-7.3089],[109.0794,-7.3089],[109.0794,-7.3088],[109.0796,-7.3085],[109.0801,-7.308],[109.0802,-7.308],[109.0803,-7.3079],[109.0809,-7.3079],[109.0812,-7.3077],[109.0814,-7.3075],[109.0818,-7.307],[109.0825,-7.3065],[109.0828,-7.3062],[109.083,-7.3061],[109.0834,-7.3055],[109.0836,-7.3051],[109.0839,-7.3047],[109.0839,-7.3046],[109.0838,-7.3045],[109.0838,-7.3042],[109.0835,-7.3037],[109.0835,-7.3036],[109.0834,-7.3035],[109.0834,-7.3034],[109.0833,-7.3032],[109.0833,-7.3031],[109.0832,-7.303],[109.0832,-7.3021],[109.0833,-7.3018],[109.0833,-7.3017],[109.0835,-7.3015],[109.0836,-7.3013],[109.0837,-7.3012],[109.0838,-7.3012],[109.0839,-7.3011],[109.084,-7.3011],[109.084,-7.301],[109.0842,-7.3008],[109.0842,-7.3007],[109.0843,-7.3005],[109.0844,-7.3005],[109.0844,-7.3004],[109.0845,-7.3003],[109.0845,-7.3001],[109.0846,-7.2999],[109.0847,-7.2998],[109.0847,-7.2997],[109.0848,-7.2995],[109.0848,-7.2992],[109.0849,-7.299],[109.0849,-7.2989],[109.0851,-7.2987],[109.0852,-7.2985],[109.0853,-7.2984],[109.0853,-7.2983],[109.0854,-7.2983],[109.0855,-7.298],[109.0855,-7.2978],[109.0857,-7.2976],[109.0857,-7.2975],[109.0861,-7.297],[109.0861,-7.2969],[109.0862,-7.2968],[109.0862,-7.2967],[109.0863,-7.2966],[109.0866,-7.296],[109.0866,-7.2959],[109.0868,-7.2957],[109.0868,-7.2956],[109.0869,-7.2955],[109.0869,-7.2954],[109.087,-7.2953],[109.0871,-7.2951],[109.0871,-7.295],[109.0898,-7.2945],[109.0899,-7.2945],[109.0902,-7.2948],[109.0904,-7.2949],[109.0905,-7.2949],[109.0906,-7.295],[109.091,-7.295],[109.0911,-7.2949],[109.0913,-7.2949],[109.0913,-7.2948],[109.0914,-7.2948],[109.0914,-7.2949],[109.0918,-7.2949],[109.0918,-7.2948],[109.0922,-7.2948],[109.0929,-7.2946],[109.093,-7.2945],[109.0932,-7.2945],[109.0935,-7.2944],[109.0937,-7.2943],[109.0941,-7.2943],[109.0943,-7.2942],[109.0949,-7.2942],[109.0959,-7.2944],[109.0962,-7.2944],[109.0965,-7.2945],[109.0967,-7.2945],[109.0975,-7.2947],[109.0977,-7.2947],[109.0979,-7.2948],[109.0982,-7.2947],[109.0985,-7.2947],[109.0987,-7.2946],[109.0994,-7.2944],[109.0998,-7.2942],[109.1004,-7.294],[109.1007,-7.2937],[109.1008,-7.2937],[109.1012,-7.2935],[109.1016,-7.2935],[109.1018,-7.2934],[109.1024,-7.2934],[109.1027,-7.2935],[109.1032,-7.2935],[109.1036,-7.2936],[109.1038,-7.2936],[109.104,-7.2937],[109.1041,-7.2937],[109.1043,-7.2938],[109.1044,-7.2938],[109.1044,-7.2939],[109.1046,-7.2939],[109.1048,-7.2941],[109.1055,-7.2944],[109.1056,-7.2944],[109.1057,-7.2945],[109.1058,-7.2945],[109.1063,-7.2947],[109.1063,-7.2948],[109.1065,-7.2946],[109.1071,-7.2946],[109.1074,-7.2947],[109.1079,-7.2947],[109.1082,-7.2946],[109.1092,-7.2946],[109.1095,-7.2945],[109.1097,-7.2945],[109.1099,-7.2946],[109.1118,-7.2946],[109.1119,-7.2945],[109.1119,-7.2944],[109.1123,-7.2944],[109.1123,-7.2943],[109.1132,-7.2943],[109.1135,-7.2945],[109.114,-7.2945],[109.1145,-7.2947],[109.1147,-7.2947],[109.1151,-7.2949],[109.1153,-7.2949],[109.1154,-7.2951],[109.1154,-7.2954],[109.1155,-7.2955],[109.1155,-7.2957],[109.1154,-7.2959],[109.1154,-7.296],[109.1153,-7.2962],[109.1153,-7.2963],[109.1155,-7.2966],[109.1156,-7.2967],[109.1159,-7.2968],[109.1161,-7.2968],[109.1164,-7.2969],[109.1172,-7.2969],[109.1175,-7.2968],[109.1176,-7.2968],[109.1177,-7.2967],[109.1179,-7.2966],[109.1188,-7.2966],[109.1196,-7.2973],[109.12,-7.2977],[109.1204,-7.2984],[109.1206,-7.299],[109.1207,-7.2996],[109.1205,-7.2999],[109.121,-7.3014],[109.1213,-7.3043],[109.1216,-7.3059],[109.1213,-7.3076],[109.1224,-7.3102],[109.1235,-7.3119],[109.1248,-7.313],[109.1254,-7.3139],[109.1266,-7.3162],[109.1282,-7.3183],[109.1292,-7.3208],[109.1302,-7.3245],[109.1304,-7.3267],[109.1304,-7.3273],[109.1296,-7.3285],[109.1275,-7.3318],[109.1263,-7.3339],[109.1255,-7.3344],[109.1239,-7.3357],[109.1232,-7.3382],[109.123,-7.3403],[109.1221,-7.342],[109.1208,-7.3429],[109.1204,-7.3443],[109.1201,-7.3457],[109.1191,-7.3478],[109.1188,-7.3497],[109.1184,-7.3497],[109.1176,-7.3509],[109.1164,-7.3523],[109.1163,-7.3525],[109.1153,-7.3538],[109.1149,-7.3559],[109.1145,-7.357],[109.1139,-7.3569],[109.1134,-7.3582],[109.1132,-7.3593],[109.113,-7.3607],[109.1128,-7.3628],[109.1126,-7.3627],[109.1122,-7.3682],[109.1122,-7.3685],[109.1119,-7.3696],[109.1115,-7.3715],[109.111,-7.3721],[109.1108,-7.3725],[109.11,-7.3735],[109.11,-7.3738],[109.1101,-7.3739],[109.1101,-7.3748],[109.1099,-7.3751],[109.1097,-7.3756],[109.1096,-7.3757],[109.1097,-7.3758],[109.1097,-7.3759],[109.1098,-7.376],[109.1098,-7.3762],[109.1097,-7.3763],[109.1091,-7.3763],[109.1089,-7.3764],[109.1086,-7.3767],[109.1085,-7.3767],[109.1083,-7.3771],[109.1082,-7.377],[109.1081,-7.3771],[109.1079,-7.3769],[109.1077,-7.3769],[109.1077,-7.377],[109.1076,-7.377],[109.1075,-7.3769],[109.1073,-7.3769],[109.1072,-7.377],[109.1074,-7.3772]]]]}},{"type":"Feature","id":"ADMINISTRASI_AR_KECAMATAN_10K_2023.16","properties":{"id":"33.02.13","name":"Purwojati","fcode":"BA03070040","luasWilayahHa":4133.24540109833,"kdpkab":"33.02","wadmkc":"Purwojati","metadata":"TASWIL1000020230928_DATA_BATAS_DESAKELURAHAN","sumber":"Geoportal Palapa Kabupaten Banyumas (WFS 10K 2023)"},"geometry":{"type":"MultiPolygon","coordinates":[[[[109.1021,-7.5101],[109.1021,-7.5116],[109.1023,-7.5121],[109.1025,-7.5131],[109.1025,-7.5134],[109.1023,-7.5137],[109.102,-7.5143],[109.1019,-7.5147],[109.1019,-7.515],[109.102,-7.5153],[109.102,-7.5155],[109.1023,-7.5158],[109.1023,-7.5186],[109.1019,-7.5191],[109.1013,-7.5201],[109.1009,-7.5206],[109.1003,-7.5218],[109.1001,-7.5231],[109.0999,-7.5237],[109.0999,-7.5243],[109.1,-7.5249],[109.1,-7.5254],[109.1001,-7.5258],[109.1001,-7.5263],[109.0977,-7.5264],[109.0969,-7.5264],[109.0963,-7.5265],[109.0959,-7.5265],[109.0957,-7.5268],[109.0955,-7.5269],[109.0951,-7.5266],[109.095,-7.5264],[109.095,-7.5259],[109.0952,-7.5252],[109.0955,-7.5229],[109.0955,-7.5218],[109.0953,-7.5216],[109.0942,-7.5212],[109.0925,-7.5211],[109.0914,-7.521],[109.0909,-7.5211],[109.0905,-7.5213],[109.0902,-7.5216],[109.0901,-7.5219],[109.0901,-7.5223],[109.0899,-7.5226],[109.0893,-7.5229],[109.0886,-7.5229],[109.0883,-7.5227],[109.0877,-7.5224],[109.0871,-7.5219],[109.0854,-7.521],[109.0837,-7.5203],[109.0832,-7.52],[109.0831,-7.5199],[109.0828,-7.52],[109.0826,-7.52],[109.0826,-7.5201],[109.0825,-7.5201],[109.0824,-7.5203],[109.0824,-7.5208],[109.0825,-7.5211],[109.0826,-7.5216],[109.0826,-7.5219],[109.0824,-7.5225],[109.0819,-7.523],[109.0812,-7.5244],[109.0807,-7.5246],[109.0803,-7.5243],[109.0802,-7.524],[109.0802,-7.523],[109.0801,-7.5207],[109.0794,-7.5178],[109.0788,-7.5165],[109.0782,-7.5155],[109.0772,-7.5143],[109.076,-7.513],[109.0744,-7.5115],[109.0743,-7.5113],[109.0742,-7.5113],[109.0741,-7.5112],[109.074,-7.511],[109.0738,-7.5108],[109.0738,-7.5106],[109.0739,-7.5102],[109.0742,-7.5098],[109.0746,-7.5094],[109.075,-7.5093],[109.0753,-7.5091],[109.0762,-7.5088],[109.0763,-7.5074],[109.0768,-7.507],[109.0774,-7.5069],[109.0779,-7.507],[109.0779,-7.5063],[109.0782,-7.5061],[109.0785,-7.506],[109.0787,-7.506],[109.0788,-7.5058],[109.0791,-7.5056],[109.0792,-7.5053],[109.0796,-7.5049],[109.0798,-7.5043],[109.0798,-7.5035],[109.0799,-7.5033],[109.0799,-7.5026],[109.08,-7.5018],[109.0802,-7.5012],[109.0804,-7.5004],[109.0805,-7.5003],[109.0805,-7.4996],[109.0803,-7.4992],[109.0804,-7.4986],[109.0804,-7.498],[109.081,-7.4972],[109.081,-7.4967],[109.0811,-7.4964],[109.081,-7.4962],[109.081,-7.496],[109.0811,-7.4959],[109.0812,-7.4955],[109.0812,-7.4953],[109.081,-7.4947],[109.081,-7.4942],[109.0815,-7.494],[109.0819,-7.4937],[109.0822,-7.4934],[109.0836,-7.4927],[109.0837,-7.4926],[109.0842,-7.4919],[109.0843,-7.4916],[109.0845,-7.4914],[109.0854,-7.4902],[109.0854,-7.4901],[109.0858,-7.4899],[109.0859,-7.4897],[109.086,-7.4892],[109.0863,-7.4888],[109.0865,-7.4889],[109.0869,-7.4886],[109.0875,-7.4884],[109.0879,-7.4882],[109.0882,-7.4881],[109.0884,-7.4877],[109.0888,-7.4876],[109.089,-7.4873],[109.0894,-7.487],[109.0896,-7.487],[109.0897,-7.4869],[109.0898,-7.4869],[109.0898,-7.4868],[109.0899,-7.4866],[109.0899,-7.4864],[109.0901,-7.4854],[109.0901,-7.4848],[109.09,-7.4846],[109.09,-7.4845],[109.0893,-7.4847],[109.089,-7.4845],[109.0875,-7.4841],[109.0875,-7.484],[109.0873,-7.4839],[109.0867,-7.4839],[109.0866,-7.4838],[109.0858,-7.4835],[109.084,-7.4832],[109.0829,-7.4829],[109.0829,-7.4828],[109.0828,-7.4828],[109.0828,-7.4827],[109.0827,-7.4827],[109.0819,-7.4825],[109.0817,-7.4825],[109.0817,-7.4824],[109.0816,-7.4822],[109.0808,-7.4818],[109.0795,-7.4813],[109.0788,-7.4811],[109.0786,-7.4811],[109.0786,-7.481],[109.0782,-7.4806],[109.078,-7.4806],[109.078,-7.4807],[109.0779,-7.4807],[109.0779,-7.4805],[109.0777,-7.4805],[109.0775,-7.48],[109.0766,-7.4802],[109.0753,-7.4804],[109.0749,-7.4809],[109.0746,-7.4812],[109.0745,-7.4814],[109.0744,-7.4814],[109.0742,-7.4817],[109.074,-7.4814],[109.074,-7.4793],[109.0739,-7.4788],[109.0737,-7.4783],[109.0735,-7.4779],[109.0733,-7.4777],[109.0731,-7.4773],[109.0726,-7.4767],[109.0726,-7.4762],[109.0735,-7.4759],[109.0738,-7.4759],[109.0743,-7.4761],[109.0747,-7.4769],[109.0753,-7.4776],[109.0754,-7.478],[109.0765,-7.4787],[109.0786,-7.4757],[109.0801,-7.4731],[109.0804,-7.4725],[109.0806,-7.4716],[109.0806,-7.4713],[109.0803,-7.4708],[109.0806,-7.4705],[109.0807,-7.4701],[109.081,-7.4695],[109.0802,-7.4682],[109.0804,-7.4679],[109.0803,-7.4677],[109.0803,-7.4674],[109.081,-7.4668],[109.0813,-7.467],[109.0815,-7.467],[109.0818,-7.4671],[109.083,-7.467],[109.0833,-7.4667],[109.0839,-7.4667],[109.0843,-7.4669],[109.085,-7.4667],[109.0855,-7.4667],[109.0862,-7.467],[109.087,-7.4677],[109.0871,-7.4676],[109.0872,-7.4673],[109.0874,-7.4672],[109.0876,-7.4673],[109.0883,-7.4663],[109.0887,-7.4655],[109.089,-7.4642],[109.0902,-7.4637],[109.0902,-7.4635],[109.0907,-7.4628],[109.0889,-7.4624],[109.0887,-7.4617],[109.0872,-7.459],[109.0863,-7.4584],[109.0859,-7.4564],[109.0863,-7.4542],[109.0868,-7.4526],[109.0874,-7.4526],[109.0878,-7.4524],[109.0881,-7.4523],[109.0887,-7.4519],[109.0895,-7.4518],[109.0906,-7.4515],[109.0928,-7.4518],[109.0949,-7.452],[109.0965,-7.4518],[109.0973,-7.4516],[109.098,-7.4516],[109.1018,-7.453],[109.1022,-7.4531],[109.104,-7.4534],[109.1057,-7.4538],[109.1072,-7.454],[109.1085,-7.4541],[109.1087,-7.4542],[109.1096,-7.4542],[109.1099,-7.4544],[109.1108,-7.4552],[109.1133,-7.457],[109.1138,-7.4577],[109.1142,-7.4584],[109.1145,-7.459],[109.1153,-7.4596],[109.1157,-7.4597],[109.117,-7.4603],[109.1181,-7.4609],[109.118,-7.4613],[109.1179,-7.4615],[109.1179,-7.4619],[109.1185,-7.4626],[109.1188,-7.463],[109.12,-7.4633],[109.1213,-7.4635],[109.1223,-7.4634],[109.1256,-7.4634],[109.1272,-7.4636],[109.1266,-7.4618],[109.1261,-7.4614],[109.1258,-7.461],[109.1257,-7.4607],[109.1259,-7.4599],[109.126,-7.4593],[109.1259,-7.4585],[109.1256,-7.4578],[109.1254,-7.4571],[109.1257,-7.4558],[109.1258,-7.4556],[109.1346,-7.4557],[109.1355,-7.4556],[109.1392,-7.4566],[109.1401,-7.457],[109.1415,-7.4579],[109.1417,-7.4581],[109.1421,-7.459],[109.1423,-7.459],[109.1423,-7.4591],[109.1429,-7.4592],[109.1433,-7.4593],[109.1438,-7.4595],[109.1439,-7.4595],[109.1439,-7.4604],[109.1443,-7.4613],[109.1446,-7.4613],[109.1446,-7.4616],[109.1456,-7.4616],[109.1456,-7.4615],[109.1457,-7.4614],[109.1461,-7.4614],[109.1461,-7.4615],[109.1462,-7.4615],[109.1461,-7.4615],[109.1461,-7.4617],[109.1463,-7.4617],[109.1464,-7.4618],[109.1464,-7.462],[109.1465,-7.4622],[109.1465,-7.4623],[109.1468,-7.4625],[109.1471,-7.4628],[109.1474,-7.4629],[109.1475,-7.4631],[109.1475,-7.4632],[109.1474,-7.4632],[109.1474,-7.4633],[109.1473,-7.4633],[109.1473,-7.4634],[109.1474,-7.4635],[109.1474,-7.4637],[109.1473,-7.4638],[109.1473,-7.4643],[109.1472,-7.4644],[109.147,-7.4645],[109.147,-7.4647],[109.1471,-7.4648],[109.1471,-7.4649],[109.147,-7.4651],[109.1469,-7.4652],[109.1469,-7.4653],[109.1468,-7.4653],[109.1468,-7.4654],[109.1467,-7.4654],[109.1467,-7.4656],[109.1466,-7.4657],[109.1467,-7.4664],[109.1469,-7.467],[109.1468,-7.4671],[109.1468,-7.4676],[109.1466,-7.4678],[109.1465,-7.4677],[109.1464,-7.4677],[109.1463,-7.4678],[109.1463,-7.468],[109.1462,-7.468],[109.1461,-7.4681],[109.146,-7.4681],[109.146,-7.468],[109.1459,-7.468],[109.1459,-7.4681],[109.1458,-7.4681],[109.1459,-7.4682],[109.1455,-7.4685],[109.1454,-7.4687],[109.1452,-7.4689],[109.1452,-7.4695],[109.1451,-7.4696],[109.1455,-7.47],[109.1456,-7.4703],[109.1456,-7.4705],[109.1457,-7.4706],[109.1457,-7.4714],[109.1459,-7.4719],[109.1461,-7.4721],[109.1462,-7.4723],[109.1464,-7.4725],[109.1465,-7.4725],[109.1467,-7.4731],[109.1473,-7.4736],[109.1474,-7.4744],[109.1475,-7.4747],[109.1487,-7.4751],[109.1495,-7.4753],[109.1504,-7.4758],[109.1508,-7.4763],[109.151,-7.4768],[109.1514,-7.4772],[109.1522,-7.4776],[109.1531,-7.478],[109.1534,-7.4785],[109.1535,-7.4787],[109.1535,-7.4788],[109.1538,-7.4791],[109.1538,-7.4796],[109.1537,-7.4797],[109.1539,-7.4801],[109.1539,-7.4803],[109.1538,-7.4806],[109.1538,-7.4808],[109.1539,-7.481],[109.1539,-7.4815],[109.1538,-7.4818],[109.1538,-7.4821],[109.154,-7.4825],[109.154,-7.4826],[109.1541,-7.4827],[109.1542,-7.483],[109.1542,-7.4831],[109.1538,-7.4831],[109.1535,-7.4834],[109.1535,-7.4839],[109.1533,-7.4843],[109.1533,-7.4845],[109.1534,-7.4846],[109.1535,-7.4846],[109.1535,-7.4848],[109.1534,-7.4848],[109.1533,-7.4849],[109.1531,-7.485],[109.153,-7.4851],[109.153,-7.4852],[109.1531,-7.4853],[109.1531,-7.4862],[109.1532,-7.4863],[109.153,-7.4867],[109.1536,-7.4868],[109.1539,-7.4868],[109.1539,-7.487],[109.154,-7.487],[109.1542,-7.4872],[109.1542,-7.4874],[109.1541,-7.4875],[109.154,-7.4877],[109.154,-7.4878],[109.1541,-7.4879],[109.1541,-7.4881],[109.154,-7.4883],[109.1539,-7.4884],[109.1539,-7.4885],[109.1538,-7.4883],[109.1536,-7.4883],[109.1534,-7.4885],[109.1529,-7.4885],[109.1526,-7.4884],[109.152,-7.4881],[109.1518,-7.4886],[109.1518,-7.4888],[109.1516,-7.4891],[109.1514,-7.4891],[109.1511,-7.489],[109.1511,-7.4889],[109.1506,-7.4889],[109.1504,-7.4888],[109.1502,-7.4888],[109.1501,-7.4887],[109.1495,-7.4884],[109.1493,-7.4884],[109.1487,-7.4882],[109.1486,-7.4884],[109.1486,-7.4891],[109.1485,-7.4894],[109.1486,-7.4897],[109.1486,-7.4899],[109.1483,-7.4899],[109.1482,-7.49],[109.1481,-7.4902],[109.1481,-7.4904],[109.1477,-7.4901],[109.1473,-7.4899],[109.1469,-7.4895],[109.1461,-7.4893],[109.1463,-7.4892],[109.1462,-7.4891],[109.1462,-7.4888],[109.1461,-7.4888],[109.1459,-7.4886],[109.1459,-7.4885],[109.1458,-7.4885],[109.1458,-7.4884],[109.1457,-7.4884],[109.1454,-7.4887],[109.1453,-7.4887],[109.1451,-7.4885],[109.1449,-7.4885],[109.1448,-7.4886],[109.1447,-7.4886],[109.1445,-7.4888],[109.144,-7.4888],[109.144,-7.4886],[109.1439,-7.4883],[109.1435,-7.4879],[109.1426,-7.4876],[109.1424,-7.4876],[109.1423,-7.4877],[109.1422,-7.4879],[109.1421,-7.488],[109.142,-7.4882],[109.1418,-7.4883],[109.1403,-7.4886],[109.1372,-7.4901],[109.1364,-7.4904],[109.1358,-7.4905],[109.1355,-7.4906],[109.1344,-7.4911],[109.1341,-7.4913],[109.134,-7.4913],[109.1325,-7.4902],[109.1321,-7.4898],[109.1315,-7.4877],[109.1316,-7.4855],[109.1303,-7.4857],[109.1298,-7.4856],[109.1297,-7.4859],[109.129,-7.4859],[109.1288,-7.4871],[109.1287,-7.49],[109.1288,-7.4917],[109.1284,-7.4931],[109.1284,-7.4942],[109.1285,-7.4952],[109.1283,-7.4966],[109.1284,-7.4976],[109.1291,-7.498],[109.1299,-7.4984],[109.1308,-7.4987],[109.1322,-7.4991],[109.133,-7.4991],[109.1335,-7.4992],[109.134,-7.4992],[109.1345,-7.4994],[109.1345,-7.5001],[109.1344,-7.5011],[109.1344,-7.5022],[109.1342,-7.5059],[109.1326,-7.506],[109.1314,-7.5058],[109.1299,-7.506],[109.1289,-7.5063],[109.1287,-7.5064],[109.1286,-7.5065],[109.1282,-7.5067],[109.1278,-7.5071],[109.1278,-7.5074],[109.1276,-7.5077],[109.1275,-7.5093],[109.1268,-7.5099],[109.1256,-7.51],[109.1247,-7.5097],[109.1238,-7.5097],[109.1236,-7.5098],[109.1238,-7.51],[109.1239,-7.51],[109.1239,-7.5101],[109.124,-7.5103],[109.124,-7.5104],[109.1214,-7.5105],[109.1214,-7.5103],[109.1212,-7.5105],[109.121,-7.5103],[109.1209,-7.51],[109.1209,-7.5097],[109.1208,-7.5092],[109.1207,-7.5091],[109.1204,-7.5091],[109.1195,-7.5092],[109.1193,-7.5089],[109.1188,-7.509],[109.1184,-7.5092],[109.1183,-7.5082],[109.1184,-7.508],[109.1184,-7.5079],[109.1183,-7.5076],[109.1183,-7.5061],[109.1186,-7.506],[109.1187,-7.506],[109.1186,-7.5059],[109.1186,-7.5058],[109.1184,-7.5052],[109.1184,-7.5046],[109.1182,-7.5039],[109.1182,-7.5037],[109.1187,-7.5037],[109.1193,-7.5036],[109.1192,-7.5035],[109.1192,-7.5033],[109.1191,-7.5033],[109.119,-7.5032],[109.119,-7.5031],[109.1189,-7.503],[109.1189,-7.5028],[109.119,-7.5027],[109.119,-7.5026],[109.1187,-7.5023],[109.1187,-7.5021],[109.1182,-7.5021],[109.1182,-7.502],[109.1181,-7.502],[109.1179,-7.5021],[109.1174,-7.502],[109.1161,-7.5021],[109.115,-7.5021],[109.115,-7.5026],[109.1136,-7.5026],[109.111,-7.5023],[109.1085,-7.5018],[109.1079,-7.5018],[109.1069,-7.5017],[109.1048,-7.5017],[109.1039,-7.5018],[109.1026,-7.502],[109.1013,-7.5024],[109.1007,-7.5028],[109.1031,-7.5031],[109.104,-7.5035],[109.1047,-7.504],[109.1051,-7.5046],[109.1045,-7.5067],[109.102,-7.51],[109.1021,-7.5101]]]]}},{"type":"Feature","id":"ADMINISTRASI_AR_KECAMATAN_10K_2023.17","properties":{"id":"33.02.25","name":"Purwokerto Barat","fcode":"BA03070040","luasWilayahHa":798.82756143081,"kdpkab":"33.02","wadmkc":"Purwokerto Barat","metadata":"TASWIL1000020230928_DATA_BATAS_DESAKELURAHAN","sumber":"Geoportal Palapa Kabupaten Banyumas (WFS 10K 2023)"},"geometry":{"type":"MultiPolygon","coordinates":[[[[109.1999,-7.4189],[109.1999,-7.4187],[109.1998,-7.4187],[109.1998,-7.4184],[109.1999,-7.4184],[109.1999,-7.4183],[109.1998,-7.4183],[109.1998,-7.4182],[109.2003,-7.4182],[109.2005,-7.4183],[109.2005,-7.4187],[109.2007,-7.4187],[109.2008,-7.4188],[109.2008,-7.418],[109.2009,-7.4173],[109.2004,-7.4173],[109.2002,-7.4174],[109.1999,-7.4174],[109.1999,-7.4173],[109.2,-7.4168],[109.2,-7.416],[109.2001,-7.4159],[109.2001,-7.4151],[109.2002,-7.4149],[109.2002,-7.4144],[109.2003,-7.4142],[109.2003,-7.414],[109.2004,-7.4137],[109.2005,-7.4132],[109.2007,-7.4129],[109.2012,-7.4129],[109.2012,-7.4126],[109.2013,-7.4125],[109.2013,-7.4124],[109.2011,-7.4124],[109.2008,-7.4123],[109.2008,-7.4122],[109.2009,-7.4121],[109.2009,-7.4119],[109.2011,-7.4119],[109.2011,-7.4116],[109.2014,-7.4116],[109.2014,-7.4114],[109.2015,-7.4111],[109.2015,-7.4109],[109.2014,-7.4109],[109.2012,-7.4108],[109.201,-7.4108],[109.2009,-7.4107],[109.2009,-7.4106],[109.201,-7.4104],[109.201,-7.4103],[109.2011,-7.4103],[109.2011,-7.4102],[109.201,-7.4102],[109.2011,-7.4101],[109.2015,-7.4101],[109.2017,-7.4102],[109.2017,-7.4105],[109.2016,-7.4106],[109.2016,-7.4109],[109.2018,-7.4109],[109.2019,-7.411],[109.2018,-7.4112],[109.2019,-7.4112],[109.202,-7.4113],[109.2024,-7.4114],[109.2024,-7.4115],[109.2028,-7.4116],[109.2028,-7.4117],[109.2024,-7.4116],[109.2022,-7.4116],[109.2022,-7.4119],[109.2021,-7.412],[109.2024,-7.4121],[109.2028,-7.4121],[109.203,-7.4122],[109.2032,-7.4122],[109.2033,-7.4123],[109.2034,-7.4122],[109.2041,-7.4122],[109.2043,-7.4123],[109.2045,-7.4123],[109.2048,-7.4124],[109.2052,-7.4124],[109.2053,-7.4123],[109.206,-7.4123],[109.2061,-7.4124],[109.2065,-7.4124],[109.2068,-7.4125],[109.2071,-7.4125],[109.2073,-7.4126],[109.2076,-7.4126],[109.2077,-7.4127],[109.2086,-7.4127],[109.2086,-7.4126],[109.2087,-7.4129],[109.2088,-7.4129],[109.2088,-7.4131],[109.209,-7.4133],[109.209,-7.4134],[109.2091,-7.4134],[109.2091,-7.4137],[109.2098,-7.4137],[109.2104,-7.4138],[109.2107,-7.4138],[109.2117,-7.4133],[109.2121,-7.4132],[109.2124,-7.413],[109.2129,-7.4129],[109.2131,-7.4128],[109.2136,-7.4128],[109.2137,-7.4129],[109.2138,-7.4129],[109.2139,-7.4128],[109.2139,-7.4126],[109.214,-7.4125],[109.214,-7.4123],[109.2142,-7.4125],[109.2146,-7.4123],[109.2146,-7.4122],[109.2147,-7.4121],[109.2151,-7.4121],[109.2158,-7.4119],[109.2158,-7.4118],[109.2165,-7.4118],[109.2168,-7.4117],[109.2169,-7.4116],[109.2171,-7.4115],[109.2172,-7.4114],[109.2174,-7.4114],[109.2174,-7.4113],[109.2175,-7.4113],[109.2175,-7.4112],[109.2177,-7.4112],[109.218,-7.4111],[109.2184,-7.4111],[109.2185,-7.411],[109.2186,-7.4108],[109.2189,-7.4108],[109.2193,-7.4107],[109.2198,-7.4107],[109.22,-7.4106],[109.2201,-7.4106],[109.22,-7.4104],[109.22,-7.4102],[109.2205,-7.4099],[109.2206,-7.4099],[109.2207,-7.4098],[109.2214,-7.4095],[109.2215,-7.4095],[109.2214,-7.4094],[109.2224,-7.4094],[109.2226,-7.4092],[109.2231,-7.4093],[109.2235,-7.4093],[109.2239,-7.4094],[109.2247,-7.4094],[109.2251,-7.4095],[109.2253,-7.4095],[109.2254,-7.4096],[109.2269,-7.4096],[109.2271,-7.41],[109.2272,-7.4101],[109.2272,-7.4102],[109.2273,-7.4103],[109.2274,-7.4106],[109.2274,-7.4107],[109.2277,-7.4113],[109.2277,-7.4114],[109.2281,-7.4115],[109.2281,-7.4116],[109.2282,-7.4116],[109.2282,-7.4117],[109.2283,-7.4118],[109.2288,-7.412],[109.2289,-7.4115],[109.229,-7.4116],[109.2292,-7.4117],[109.2293,-7.4119],[109.2294,-7.412],[109.2296,-7.4123],[109.2297,-7.4125],[109.2297,-7.4127],[109.2296,-7.4127],[109.2296,-7.4128],[109.2293,-7.4128],[109.2293,-7.4129],[109.2295,-7.4129],[109.2296,-7.413],[109.2298,-7.413],[109.2298,-7.4129],[109.2299,-7.4129],[109.2299,-7.4131],[109.23,-7.4132],[109.2299,-7.4134],[109.2299,-7.4136],[109.2298,-7.4136],[109.2298,-7.4137],[109.2297,-7.4138],[109.2297,-7.4141],[109.2296,-7.4142],[109.2296,-7.4143],[109.2295,-7.4143],[109.2294,-7.4144],[109.2294,-7.4145],[109.2293,-7.4146],[109.2292,-7.4146],[109.2291,-7.4145],[109.2287,-7.4149],[109.2287,-7.415],[109.2285,-7.4151],[109.2275,-7.4151],[109.2274,-7.4153],[109.2274,-7.4154],[109.2273,-7.4155],[109.2272,-7.4159],[109.2272,-7.4161],[109.2271,-7.4161],[109.2271,-7.4162],[109.227,-7.4162],[109.2271,-7.4163],[109.2272,-7.4162],[109.2273,-7.4162],[109.2273,-7.4161],[109.2274,-7.4161],[109.2274,-7.4162],[109.2275,-7.4162],[109.2276,-7.4163],[109.2299,-7.4163],[109.2301,-7.4164],[109.2303,-7.4162],[109.2308,-7.4162],[109.2312,-7.4161],[109.2315,-7.4161],[109.2322,-7.416],[109.2336,-7.416],[109.2335,-7.4163],[109.2336,-7.4163],[109.2335,-7.4166],[109.2334,-7.4165],[109.2333,-7.4165],[109.2333,-7.4166],[109.2331,-7.4166],[109.2331,-7.4167],[109.233,-7.4167],[109.233,-7.4169],[109.2329,-7.417],[109.2328,-7.417],[109.2327,-7.4171],[109.2326,-7.4171],[109.2326,-7.4172],[109.2327,-7.4172],[109.2327,-7.4173],[109.2326,-7.4175],[109.2321,-7.4175],[109.2321,-7.4176],[109.2316,-7.4176],[109.2315,-7.418],[109.232,-7.418],[109.2318,-7.4181],[109.2318,-7.4182],[109.2317,-7.4182],[109.2317,-7.4183],[109.2316,-7.4184],[109.2315,-7.4184],[109.2314,-7.4185],[109.2313,-7.4185],[109.2313,-7.4184],[109.2311,-7.4184],[109.231,-7.4183],[109.2309,-7.4183],[109.2309,-7.4182],[109.2304,-7.4182],[109.2304,-7.4183],[109.2302,-7.4189],[109.23,-7.4192],[109.2299,-7.4195],[109.2294,-7.4193],[109.2293,-7.4192],[109.2293,-7.4193],[109.2291,-7.4192],[109.2291,-7.4199],[109.229,-7.4199],[109.229,-7.42],[109.2289,-7.4201],[109.2289,-7.4203],[109.229,-7.4203],[109.229,-7.4205],[109.2289,-7.4206],[109.2289,-7.4217],[109.229,-7.4217],[109.229,-7.4219],[109.2289,-7.4219],[109.2287,-7.4218],[109.2286,-7.422],[109.228,-7.4218],[109.2279,-7.422],[109.2279,-7.4222],[109.228,-7.4222],[109.228,-7.4223],[109.2279,-7.4225],[109.2277,-7.4233],[109.2273,-7.4244],[109.2276,-7.4245],[109.2276,-7.4246],[109.2275,-7.4247],[109.2275,-7.4249],[109.2273,-7.4251],[109.2273,-7.4252],[109.2272,-7.4253],[109.2273,-7.4254],[109.2273,-7.4256],[109.2274,-7.4257],[109.2274,-7.4258],[109.2273,-7.4259],[109.2273,-7.4261],[109.2272,-7.4262],[109.2272,-7.4267],[109.2273,-7.4269],[109.2273,-7.427],[109.2272,-7.427],[109.2272,-7.4271],[109.2271,-7.4272],[109.2271,-7.4276],[109.2272,-7.4277],[109.2272,-7.4281],[109.2273,-7.4282],[109.2273,-7.4286],[109.2276,-7.4286],[109.2276,-7.4288],[109.2279,-7.4288],[109.228,-7.4287],[109.228,-7.429],[109.2281,-7.429],[109.2281,-7.4289],[109.2283,-7.4289],[109.2283,-7.429],[109.2284,-7.429],[109.2284,-7.4291],[109.2285,-7.4292],[109.2285,-7.4291],[109.2286,-7.4291],[109.2286,-7.4288],[109.2287,-7.4287],[109.2287,-7.4286],[109.2288,-7.4285],[109.2288,-7.4284],[109.2289,-7.4284],[109.2289,-7.4282],[109.229,-7.4282],[109.229,-7.4277],[109.2291,-7.4276],[109.2291,-7.4275],[109.2293,-7.4273],[109.2293,-7.4272],[109.2294,-7.4272],[109.2293,-7.4271],[109.2293,-7.427],[109.2292,-7.427],[109.2292,-7.4269],[109.2291,-7.4269],[109.2291,-7.4266],[109.2293,-7.4264],[109.2294,-7.4264],[109.2295,-7.4265],[109.2296,-7.4265],[109.2297,-7.4267],[109.2297,-7.427],[109.2298,-7.427],[109.2298,-7.4273],[109.2297,-7.4274],[109.2297,-7.4275],[109.2298,-7.4276],[109.2299,-7.4276],[109.2299,-7.4278],[109.23,-7.4278],[109.23,-7.4279],[109.2302,-7.4279],[109.2302,-7.4278],[109.2304,-7.4278],[109.2304,-7.4277],[109.2305,-7.4276],[109.2305,-7.4274],[109.2311,-7.4277],[109.2316,-7.4279],[109.2317,-7.428],[109.2318,-7.428],[109.2318,-7.4281],[109.2319,-7.4281],[109.232,-7.4282],[109.2322,-7.4283],[109.2324,-7.4283],[109.2325,-7.4284],[109.2323,-7.4286],[109.2321,-7.4286],[109.2317,-7.4288],[109.2319,-7.4296],[109.2319,-7.4297],[109.232,-7.4297],[109.232,-7.4298],[109.2321,-7.4298],[109.2322,-7.4299],[109.2326,-7.4299],[109.2326,-7.43],[109.2328,-7.43],[109.2329,-7.4299],[109.2331,-7.4299],[109.2331,-7.43],[109.2333,-7.4299],[109.2333,-7.43],[109.2334,-7.4301],[109.2334,-7.4304],[109.2335,-7.4304],[109.2334,-7.4306],[109.2334,-7.4307],[109.2338,-7.4309],[109.2338,-7.4314],[109.2337,-7.4315],[109.2337,-7.4316],[109.2338,-7.4317],[109.2338,-7.432],[109.2337,-7.4322],[109.2337,-7.4325],[109.2344,-7.4326],[109.2346,-7.4326],[109.2346,-7.4327],[109.235,-7.4327],[109.2351,-7.4328],[109.2355,-7.4328],[109.2355,-7.4335],[109.2356,-7.4335],[109.2356,-7.4336],[109.2355,-7.4337],[109.2355,-7.4346],[109.2354,-7.4346],[109.2354,-7.435],[109.2353,-7.435],[109.2354,-7.435],[109.2354,-7.4357],[109.2353,-7.4357],[109.2353,-7.4358],[109.2352,-7.436],[109.2352,-7.4361],[109.2351,-7.4362],[109.2351,-7.4363],[109.235,-7.4364],[109.235,-7.4365],[109.2349,-7.4366],[109.2349,-7.4368],[109.2348,-7.4368],[109.2348,-7.437],[109.2347,-7.4371],[109.2347,-7.4373],[109.2346,-7.4373],[109.2346,-7.4374],[109.2347,-7.4374],[109.2348,-7.4375],[109.2349,-7.4375],[109.2348,-7.4376],[109.2348,-7.4377],[109.2345,-7.4377],[109.2344,-7.4376],[109.2342,-7.4376],[109.2341,-7.4375],[109.2338,-7.4375],[109.2327,-7.4373],[109.2328,-7.4367],[109.2325,-7.4367],[109.2303,-7.4363],[109.2299,-7.4363],[109.2298,-7.4362],[109.2287,-7.4362],[109.2285,-7.4357],[109.2283,-7.4353],[109.2283,-7.4352],[109.2278,-7.4352],[109.2278,-7.4348],[109.2277,-7.4346],[109.2275,-7.4345],[109.2274,-7.4345],[109.2273,-7.4344],[109.2273,-7.4345],[109.2272,-7.4345],[109.2272,-7.4343],[109.2271,-7.4342],[109.2273,-7.434],[109.2273,-7.4338],[109.2272,-7.4337],[109.227,-7.4338],[109.2268,-7.4338],[109.2265,-7.4337],[109.2259,-7.4337],[109.2258,-7.4338],[109.2257,-7.434],[109.2256,-7.434],[109.2251,-7.4342],[109.2249,-7.434],[109.2248,-7.434],[109.2247,-7.4339],[109.2247,-7.4338],[109.2244,-7.4335],[109.2241,-7.4334],[109.2238,-7.4334],[109.2236,-7.4333],[109.2239,-7.4327],[109.2245,-7.433],[109.2246,-7.433],[109.2247,-7.4329],[109.2249,-7.4329],[109.2249,-7.4328],[109.225,-7.4328],[109.2251,-7.4327],[109.2252,-7.4327],[109.2252,-7.4326],[109.2255,-7.4323],[109.2255,-7.4322],[109.2258,-7.4319],[109.2257,-7.4318],[109.2255,-7.4317],[109.2244,-7.4313],[109.2242,-7.4315],[109.2242,-7.4317],[109.224,-7.4318],[109.224,-7.4319],[109.2239,-7.4319],[109.2237,-7.432],[109.2235,-7.4319],[109.2234,-7.4318],[109.223,-7.4316],[109.2227,-7.4315],[109.2226,-7.4314],[109.2218,-7.431],[109.2218,-7.4311],[109.2217,-7.4311],[109.2217,-7.4312],[109.2216,-7.4312],[109.2216,-7.4313],[109.2213,-7.4316],[109.2211,-7.4316],[109.221,-7.4314],[109.2209,-7.4313],[109.2209,-7.4312],[109.2208,-7.4312],[109.2207,-7.4311],[109.2205,-7.4311],[109.2205,-7.4312],[109.2204,-7.4312],[109.2203,-7.4313],[109.2201,-7.4314],[109.2197,-7.4317],[109.2195,-7.4318],[109.2194,-7.4319],[109.2194,-7.4323],[109.2192,-7.4325],[109.2192,-7.4327],[109.2191,-7.4328],[109.2189,-7.4332],[109.2186,-7.4335],[109.2183,-7.4336],[109.2182,-7.4338],[109.2179,-7.4342],[109.2175,-7.4346],[109.2175,-7.4347],[109.2172,-7.4352],[109.2165,-7.4361],[109.2164,-7.4363],[109.2164,-7.4364],[109.2162,-7.4365],[109.216,-7.4367],[109.2149,-7.4361],[109.2143,-7.4357],[109.2132,-7.4352],[109.2133,-7.4351],[109.2132,-7.435],[109.2131,-7.435],[109.213,-7.4348],[109.213,-7.4347],[109.2129,-7.4348],[109.2124,-7.4348],[109.2124,-7.4347],[109.2121,-7.4347],[109.2121,-7.4346],[109.212,-7.4346],[109.2119,-7.4347],[109.2118,-7.4347],[109.2117,-7.4346],[109.2117,-7.4344],[109.2116,-7.4343],[109.2115,-7.4341],[109.2115,-7.434],[109.2114,-7.4339],[109.2114,-7.4333],[109.2113,-7.4333],[109.2111,-7.4327],[109.2111,-7.4325],[109.211,-7.4323],[109.211,-7.4321],[109.2111,-7.432],[109.2111,-7.4319],[109.2113,-7.4319],[109.2114,-7.4318],[109.2116,-7.4318],[109.2119,-7.4315],[109.2119,-7.4314],[109.212,-7.4313],[109.212,-7.4311],[109.2119,-7.4309],[109.2117,-7.4308],[109.2115,-7.4306],[109.2109,-7.4304],[109.2107,-7.4303],[109.2106,-7.4302],[109.2106,-7.43],[109.2107,-7.4299],[109.2108,-7.4299],[109.2109,-7.4298],[109.2111,-7.4297],[109.2112,-7.4296],[109.2112,-7.4294],[109.2109,-7.4291],[109.2112,-7.4288],[109.2111,-7.4287],[109.2109,-7.4287],[109.2109,-7.4286],[109.2107,-7.4285],[109.2104,-7.4282],[109.2103,-7.4282],[109.2102,-7.4281],[109.21,-7.4281],[109.2097,-7.4277],[109.2097,-7.4274],[109.2096,-7.4272],[109.2086,-7.4272],[109.2058,-7.4274],[109.2048,-7.4275],[109.2048,-7.427],[109.2047,-7.4264],[109.2046,-7.4262],[109.2036,-7.4257],[109.2033,-7.4255],[109.2032,-7.4253],[109.2025,-7.4247],[109.2022,-7.4243],[109.202,-7.4242],[109.202,-7.4241],[109.2019,-7.424],[109.2018,-7.4238],[109.2017,-7.4234],[109.2013,-7.4234],[109.2003,-7.4236],[109.2,-7.4237],[109.1999,-7.4237],[109.1999,-7.4242],[109.1985,-7.4242],[109.1965,-7.4245],[109.1965,-7.4236],[109.1964,-7.4233],[109.1962,-7.423],[109.1959,-7.423],[109.1945,-7.4232],[109.1939,-7.4232],[109.1935,-7.423],[109.1933,-7.4226],[109.1932,-7.4225],[109.1929,-7.4218],[109.1929,-7.421],[109.1926,-7.421],[109.1926,-7.4212],[109.1918,-7.4213],[109.1919,-7.421],[109.192,-7.4209],[109.1919,-7.4208],[109.1919,-7.4206],[109.1921,-7.4205],[109.1923,-7.4199],[109.1924,-7.4199],[109.1925,-7.4197],[109.1925,-7.4196],[109.1926,-7.4193],[109.1928,-7.4193],[109.1929,-7.4194],[109.1929,-7.4197],[109.1928,-7.4202],[109.1931,-7.4202],[109.1938,-7.42],[109.1938,-7.4199],[109.1937,-7.4197],[109.1937,-7.4192],[109.194,-7.4192],[109.1943,-7.4195],[109.1944,-7.4195],[109.1947,-7.4192],[109.1948,-7.419],[109.1939,-7.4184],[109.1937,-7.4189],[109.1936,-7.4189],[109.1935,-7.4188],[109.1934,-7.4188],[109.1933,-7.4189],[109.1934,-7.419],[109.1934,-7.4192],[109.1929,-7.4192],[109.1929,-7.419],[109.193,-7.4187],[109.193,-7.4177],[109.1931,-7.4176],[109.1931,-7.4162],[109.193,-7.4159],[109.1929,-7.4154],[109.1933,-7.4154],[109.1932,-7.4155],[109.1931,-7.4155],[109.1931,-7.4157],[109.1932,-7.4159],[109.1932,-7.4161],[109.1933,-7.4164],[109.1933,-7.4171],[109.1937,-7.4171],[109.1942,-7.4173],[109.1944,-7.4173],[109.1944,-7.4176],[109.1943,-7.4176],[109.1943,-7.4177],[109.1944,-7.4177],[109.1945,-7.4178],[109.1953,-7.4186],[109.1954,-7.4188],[109.1956,-7.419],[109.1965,-7.419],[109.1966,-7.4189],[109.1967,-7.4189],[109.1967,-7.4186],[109.1972,-7.4184],[109.1975,-7.4182],[109.1986,-7.4182],[109.1987,-7.4181],[109.1991,-7.4181],[109.1992,-7.4188],[109.1992,-7.4191],[109.1997,-7.4191],[109.1998,-7.4192],[109.1998,-7.4191],[109.1999,-7.4189]],[[109.1948,-7.4189],[109.1949,-7.4186],[109.1946,-7.4183],[109.1944,-7.4182],[109.1943,-7.4184],[109.1943,-7.4185],[109.1945,-7.4187],[109.1948,-7.4189]]],[[[109.1953,-7.4163],[109.1954,-7.4162],[109.1955,-7.4158],[109.1961,-7.4158],[109.1958,-7.4165],[109.1956,-7.4165],[109.1956,-7.4164],[109.1955,-7.4164],[109.1953,-7.4163]]],[[[109.1978,-7.4148],[109.1979,-7.4148],[109.1979,-7.4149],[109.1978,-7.415],[109.1977,-7.415],[109.1976,-7.4151],[109.1974,-7.4152],[109.1973,-7.4154],[109.1974,-7.4156],[109.1975,-7.4157],[109.1975,-7.4158],[109.1976,-7.4158],[109.1975,-7.4159],[109.1975,-7.4161],[109.1974,-7.416],[109.1973,-7.416],[109.1973,-7.4159],[109.1971,-7.4158],[109.1968,-7.4158],[109.1967,-7.4159],[109.1966,-7.4159],[109.1966,-7.4158],[109.1965,-7.4157],[109.1964,-7.4157],[109.1964,-7.4155],[109.1965,-7.4155],[109.1965,-7.4149],[109.1962,-7.4149],[109.1962,-7.4145],[109.1961,-7.4143],[109.1961,-7.4142],[109.1962,-7.4141],[109.1962,-7.414],[109.1966,-7.414],[109.1967,-7.4141],[109.1967,-7.4142],[109.1968,-7.4143],[109.1968,-7.4147],[109.1969,-7.4149],[109.1969,-7.415],[109.1973,-7.415],[109.1974,-7.4149],[109.1975,-7.4149],[109.1976,-7.4148],[109.1978,-7.4148]]],[[[109.1969,-7.4118],[109.1968,-7.4125],[109.1967,-7.4128],[109.1963,-7.4127],[109.1961,-7.4131],[109.1953,-7.4131],[109.195,-7.4126],[109.1952,-7.4122],[109.195,-7.4119],[109.1947,-7.4117],[109.1946,-7.4125],[109.1944,-7.4125],[109.1945,-7.412],[109.1942,-7.4118],[109.1935,-7.4118],[109.1935,-7.4119],[109.1932,-7.4119],[109.1927,-7.4122],[109.1926,-7.4123],[109.1926,-7.4119],[109.1927,-7.4118],[109.1929,-7.4115],[109.1935,-7.4108],[109.1939,-7.4108],[109.1945,-7.4105],[109.1946,-7.4104],[109.1948,-7.41],[109.1949,-7.4096],[109.1951,-7.4096],[109.1952,-7.4095],[109.1952,-7.4092],[109.1954,-7.4092],[109.196,-7.4091],[109.1962,-7.409],[109.1963,-7.409],[109.1965,-7.4088],[109.1966,-7.4086],[109.1975,-7.4087],[109.1972,-7.4101],[109.1972,-7.4105],[109.1969,-7.4118]]]]}},{"type":"Feature","id":"ADMINISTRASI_AR_KECAMATAN_10K_2023.18","properties":{"id":"33.02.24","name":"Purwokerto Selatan","fcode":"BA03070040","luasWilayahHa":1557.8547455056,"kdpkab":"33.02","wadmkc":"Purwokerto Selatan","metadata":"TASWIL1000020230928_DATA_BATAS_DESAKELURAHAN","sumber":"Geoportal Palapa Kabupaten Banyumas (WFS 10K 2023)"},"geometry":{"type":"MultiPolygon","coordinates":[[[[109.2685,-7.4387],[109.2686,-7.439],[109.2686,-7.4392],[109.2687,-7.4392],[109.2688,-7.4393],[109.2694,-7.4393],[109.2695,-7.4394],[109.2696,-7.4404],[109.2698,-7.4405],[109.2698,-7.4406],[109.2703,-7.4411],[109.2709,-7.4416],[109.271,-7.4418],[109.2712,-7.4419],[109.2716,-7.4424],[109.2717,-7.4424],[109.2705,-7.4424],[109.2704,-7.443],[109.2694,-7.443],[109.2694,-7.4437],[109.2693,-7.4448],[109.2682,-7.4447],[109.2671,-7.4447],[109.266,-7.4448],[109.266,-7.4446],[109.2651,-7.4446],[109.2649,-7.4449],[109.2647,-7.4447],[109.2647,-7.4446],[109.2646,-7.4446],[109.2646,-7.4444],[109.2645,-7.4443],[109.2642,-7.4443],[109.2641,-7.4442],[109.264,-7.4443],[109.264,-7.4444],[109.2639,-7.4444],[109.2636,-7.4442],[109.2636,-7.444],[109.264,-7.444],[109.264,-7.4439],[109.2639,-7.4439],[109.2638,-7.4438],[109.2634,-7.4438],[109.2633,-7.4437],[109.2633,-7.4432],[109.2632,-7.4431],[109.2632,-7.4428],[109.2623,-7.4428],[109.2623,-7.4433],[109.2624,-7.4437],[109.2622,-7.4438],[109.2623,-7.4441],[109.2609,-7.4444],[109.261,-7.4445],[109.261,-7.4447],[109.2614,-7.4447],[109.2617,-7.4448],[109.2618,-7.4448],[109.262,-7.4449],[109.2621,-7.445],[109.2622,-7.4452],[109.2623,-7.4455],[109.2624,-7.4456],[109.2624,-7.4461],[109.2623,-7.4464],[109.2622,-7.4464],[109.2622,-7.4465],[109.2621,-7.4465],[109.2619,-7.4466],[109.2614,-7.4471],[109.2612,-7.4471],[109.2612,-7.447],[109.2611,-7.447],[109.261,-7.4469],[109.2611,-7.4468],[109.2611,-7.4467],[109.2609,-7.4467],[109.2608,-7.4466],[109.2607,-7.4466],[109.2605,-7.4465],[109.2604,-7.4463],[109.2602,-7.4461],[109.2601,-7.4461],[109.2599,-7.4462],[109.2598,-7.4462],[109.2597,-7.4461],[109.2595,-7.4461],[109.2594,-7.446],[109.2591,-7.4461],[109.2587,-7.4461],[109.2585,-7.4462],[109.2585,-7.4461],[109.2584,-7.446],[109.2583,-7.446],[109.2583,-7.4459],[109.2581,-7.4457],[109.258,-7.4457],[109.258,-7.4456],[109.2579,-7.4456],[109.258,-7.4453],[109.2579,-7.4453],[109.2579,-7.4452],[109.2578,-7.4451],[109.2578,-7.445],[109.2577,-7.4449],[109.2579,-7.4447],[109.2579,-7.4445],[109.2578,-7.4445],[109.2575,-7.4451],[109.2576,-7.4452],[109.2577,-7.4454],[109.258,-7.4457],[109.2581,-7.4457],[109.2584,-7.446],[109.2584,-7.4461],[109.2587,-7.4464],[109.2587,-7.4465],[109.2588,-7.4465],[109.2591,-7.4468],[109.2592,-7.4468],[109.2593,-7.4469],[109.2594,-7.4472],[109.2594,-7.4475],[109.2595,-7.4477],[109.2591,-7.4478],[109.2579,-7.4478],[109.258,-7.4495],[109.2581,-7.4506],[109.2582,-7.4513],[109.2581,-7.4513],[109.258,-7.4514],[109.2578,-7.4514],[109.2578,-7.4515],[109.2577,-7.4515],[109.2577,-7.4516],[109.2576,-7.4519],[109.2576,-7.452],[109.2577,-7.452],[109.2577,-7.4522],[109.2576,-7.4523],[109.2576,-7.4524],[109.2572,-7.4528],[109.2572,-7.4529],[109.2575,-7.453],[109.2575,-7.4533],[109.2574,-7.4533],[109.2573,-7.4534],[109.2571,-7.4534],[109.2571,-7.4535],[109.257,-7.4535],[109.257,-7.4536],[109.2569,-7.4537],[109.2569,-7.4538],[109.2572,-7.4538],[109.2572,-7.4541],[109.2571,-7.4541],[109.257,-7.4542],[109.257,-7.4543],[109.2566,-7.4543],[109.2566,-7.4544],[109.2565,-7.4545],[109.2566,-7.4545],[109.2564,-7.4547],[109.256,-7.4545],[109.2562,-7.4541],[109.2559,-7.4539],[109.2558,-7.454],[109.2557,-7.454],[109.2555,-7.4541],[109.2554,-7.4542],[109.2553,-7.4542],[109.2552,-7.4544],[109.2553,-7.4544],[109.2554,-7.4545],[109.2554,-7.4546],[109.2553,-7.4547],[109.2553,-7.4548],[109.2551,-7.4548],[109.255,-7.4549],[109.255,-7.4554],[109.2549,-7.4555],[109.2549,-7.4558],[109.2542,-7.4558],[109.2532,-7.4556],[109.2531,-7.4554],[109.2531,-7.4553],[109.253,-7.4552],[109.2529,-7.4552],[109.2525,-7.455],[109.2522,-7.4549],[109.252,-7.4549],[109.2518,-7.455],[109.2516,-7.455],[109.2512,-7.4552],[109.2508,-7.4552],[109.2508,-7.4553],[109.2506,-7.4555],[109.2505,-7.4555],[109.2504,-7.4554],[109.2503,-7.4554],[109.2502,-7.4553],[109.25,-7.4553],[109.25,-7.4554],[109.249,-7.4555],[109.249,-7.4556],[109.2485,-7.4557],[109.2485,-7.4561],[109.2488,-7.4561],[109.2488,-7.4564],[109.2484,-7.4564],[109.2484,-7.4565],[109.2483,-7.4565],[109.2483,-7.457],[109.2482,-7.4571],[109.2481,-7.4571],[109.248,-7.4572],[109.2479,-7.4575],[109.2476,-7.4574],[109.2474,-7.4579],[109.2474,-7.4585],[109.248,-7.4586],[109.2484,-7.4586],[109.2507,-7.4592],[109.2514,-7.4596],[109.2514,-7.4597],[109.2515,-7.4599],[109.2515,-7.4601],[109.2514,-7.4607],[109.2514,-7.4614],[109.2515,-7.4621],[109.2516,-7.4625],[109.2519,-7.4643],[109.2523,-7.4662],[109.2524,-7.4665],[109.2524,-7.4672],[109.2526,-7.4674],[109.2526,-7.4683],[109.2528,-7.4689],[109.2529,-7.4695],[109.2523,-7.4717],[109.2517,-7.4752],[109.2515,-7.4793],[109.2512,-7.4792],[109.2507,-7.4788],[109.2503,-7.4783],[109.25,-7.4782],[109.2495,-7.4782],[109.2491,-7.4784],[109.2482,-7.4781],[109.246,-7.4781],[109.2457,-7.4777],[109.2453,-7.477],[109.2446,-7.4764],[109.2443,-7.4763],[109.244,-7.476],[109.2435,-7.4754],[109.2434,-7.4752],[109.2431,-7.475],[109.2426,-7.4737],[109.2419,-7.4734],[109.2417,-7.4731],[109.2407,-7.4712],[109.2406,-7.4709],[109.2406,-7.4705],[109.2405,-7.4703],[109.2405,-7.47],[109.2398,-7.4686],[109.2378,-7.467],[109.2352,-7.4672],[109.2341,-7.4674],[109.2343,-7.4666],[109.2341,-7.4654],[109.2337,-7.4648],[109.2332,-7.4639],[109.233,-7.4632],[109.2327,-7.4624],[109.2326,-7.4624],[109.2324,-7.4618],[109.2319,-7.4609],[109.2315,-7.46],[109.2314,-7.4596],[109.2312,-7.4575],[109.2312,-7.4572],[109.2314,-7.4569],[109.2317,-7.4567],[109.2319,-7.4565],[109.232,-7.4565],[109.2325,-7.4557],[109.2327,-7.4553],[109.2328,-7.455],[109.2328,-7.4544],[109.2302,-7.4538],[109.2299,-7.4544],[109.2268,-7.4536],[109.227,-7.4533],[109.227,-7.453],[109.2274,-7.4518],[109.2275,-7.4516],[109.2274,-7.4513],[109.2274,-7.4506],[109.2275,-7.4502],[109.2276,-7.4494],[109.2275,-7.449],[109.2273,-7.4489],[109.2266,-7.449],[109.2262,-7.4491],[109.2259,-7.4491],[109.2256,-7.449],[109.2252,-7.4486],[109.2252,-7.4484],[109.2253,-7.4479],[109.2257,-7.4476],[109.2262,-7.4473],[109.2271,-7.4466],[109.2274,-7.4462],[109.2276,-7.4461],[109.2282,-7.4459],[109.2282,-7.4455],[109.2281,-7.4454],[109.2281,-7.4451],[109.2279,-7.445],[109.2277,-7.4446],[109.2277,-7.4442],[109.2278,-7.4441],[109.2276,-7.4441],[109.2273,-7.444],[109.2269,-7.4435],[109.2268,-7.4433],[109.2266,-7.4432],[109.2265,-7.4431],[109.2261,-7.4431],[109.226,-7.4432],[109.2258,-7.4435],[109.2254,-7.4438],[109.2251,-7.4437],[109.2248,-7.4437],[109.2246,-7.4435],[109.2243,-7.4429],[109.2242,-7.4428],[109.2241,-7.4426],[109.223,-7.4423],[109.2228,-7.442],[109.2227,-7.4409],[109.2227,-7.4408],[109.2228,-7.4407],[109.2215,-7.4407],[109.2208,-7.4405],[109.2193,-7.4398],[109.2181,-7.439],[109.217,-7.4384],[109.2161,-7.4378],[109.2155,-7.4373],[109.2154,-7.4373],[109.2162,-7.4365],[109.2164,-7.4364],[109.2164,-7.4363],[109.2165,-7.4361],[109.2172,-7.4352],[109.2175,-7.4347],[109.2175,-7.4346],[109.2179,-7.4342],[109.2182,-7.4338],[109.2183,-7.4336],[109.2186,-7.4335],[109.2189,-7.4332],[109.2191,-7.4328],[109.2192,-7.4327],[109.2192,-7.4325],[109.2194,-7.4323],[109.2194,-7.4319],[109.2195,-7.4318],[109.2197,-7.4317],[109.2198,-7.4316],[109.2203,-7.4313],[109.2204,-7.4312],[109.2205,-7.4312],[109.2205,-7.4311],[109.2207,-7.4311],[109.2208,-7.4312],[109.2209,-7.4312],[109.2209,-7.4313],[109.221,-7.4314],[109.2211,-7.4316],[109.2213,-7.4316],[109.2216,-7.4313],[109.2216,-7.4312],[109.2217,-7.4312],[109.2217,-7.4311],[109.2218,-7.4311],[109.2218,-7.431],[109.2226,-7.4314],[109.2227,-7.4315],[109.223,-7.4316],[109.2234,-7.4318],[109.2235,-7.4319],[109.2237,-7.432],[109.2239,-7.4319],[109.224,-7.4319],[109.224,-7.4318],[109.2242,-7.4317],[109.2242,-7.4315],[109.2244,-7.4313],[109.2255,-7.4317],[109.2257,-7.4318],[109.2258,-7.4319],[109.2255,-7.4322],[109.2255,-7.4323],[109.2252,-7.4326],[109.2252,-7.4327],[109.2251,-7.4327],[109.225,-7.4328],[109.2249,-7.4328],[109.2249,-7.4329],[109.2247,-7.4329],[109.2246,-7.433],[109.2245,-7.433],[109.2239,-7.4327],[109.2236,-7.4333],[109.2238,-7.4334],[109.2241,-7.4334],[109.2244,-7.4335],[109.2247,-7.4338],[109.2247,-7.4339],[109.2248,-7.434],[109.2249,-7.434],[109.2251,-7.4342],[109.2256,-7.434],[109.2257,-7.434],[109.2258,-7.4338],[109.2259,-7.4337],[109.2265,-7.4337],[109.2268,-7.4338],[109.227,-7.4338],[109.2272,-7.4337],[109.2273,-7.4338],[109.2273,-7.434],[109.2271,-7.4342],[109.2272,-7.4343],[109.2272,-7.4345],[109.2273,-7.4345],[109.2273,-7.4344],[109.2274,-7.4345],[109.2275,-7.4345],[109.2277,-7.4346],[109.2278,-7.4348],[109.2278,-7.4352],[109.2283,-7.4352],[109.2283,-7.4353],[109.2285,-7.4357],[109.2287,-7.4362],[109.2298,-7.4362],[109.2299,-7.4363],[109.2303,-7.4363],[109.2325,-7.4367],[109.2328,-7.4367],[109.2327,-7.4373],[109.2338,-7.4375],[109.2341,-7.4375],[109.2342,-7.4376],[109.2344,-7.4376],[109.2345,-7.4377],[109.2348,-7.4377],[109.2348,-7.4376],[109.2349,-7.4375],[109.2348,-7.4375],[109.2347,-7.4374],[109.2346,-7.4374],[109.2346,-7.4373],[109.2347,-7.4373],[109.2347,-7.4371],[109.2348,-7.437],[109.2348,-7.4368],[109.2349,-7.4368],[109.2349,-7.4366],[109.235,-7.4365],[109.235,-7.4364],[109.2351,-7.4363],[109.2351,-7.4362],[109.2352,-7.4361],[109.2352,-7.436],[109.2353,-7.4358],[109.2353,-7.4359],[109.2371,-7.4363],[109.2373,-7.436],[109.2373,-7.4357],[109.2371,-7.4351],[109.2371,-7.435],[109.2372,-7.4348],[109.2373,-7.4347],[109.238,-7.4347],[109.238,-7.4346],[109.2391,-7.4346],[109.2391,-7.4339],[109.2394,-7.4327],[109.2396,-7.4304],[109.2397,-7.4304],[109.2396,-7.4299],[109.2396,-7.4297],[109.2398,-7.4288],[109.2401,-7.4283],[109.2402,-7.428],[109.2403,-7.4279],[109.2404,-7.428],[109.2407,-7.4281],[109.2407,-7.4279],[109.2408,-7.4278],[109.2411,-7.4278],[109.2417,-7.4279],[109.2419,-7.4279],[109.2425,-7.4278],[109.2454,-7.4278],[109.2465,-7.4277],[109.247,-7.4277],[109.2483,-7.4278],[109.2487,-7.4278],[109.2498,-7.4277],[109.2512,-7.4277],[109.2525,-7.4276],[109.2531,-7.4276],[109.2533,-7.4277],[109.2535,-7.4277],[109.2541,-7.4276],[109.2549,-7.4276],[109.2555,-7.4275],[109.2556,-7.4276],[109.2556,-7.428],[109.2555,-7.4282],[109.256,-7.4282],[109.256,-7.4283],[109.2556,-7.4283],[109.2554,-7.4284],[109.2553,-7.4285],[109.2546,-7.4285],[109.2548,-7.429],[109.255,-7.4294],[109.256,-7.4306],[109.2563,-7.4308],[109.2568,-7.4314],[109.2583,-7.4329],[109.2583,-7.433],[109.2588,-7.4326],[109.2591,-7.4324],[109.2631,-7.4324],[109.2632,-7.4323],[109.2632,-7.4321],[109.2633,-7.4319],[109.2636,-7.432],[109.2639,-7.4325],[109.2642,-7.4331],[109.2644,-7.4334],[109.2649,-7.4346],[109.2651,-7.435],[109.2654,-7.4354],[109.2657,-7.4357],[109.2661,-7.4358],[109.2674,-7.4358],[109.2677,-7.436],[109.2681,-7.4362],[109.2684,-7.4366],[109.2686,-7.4369],[109.2681,-7.4382],[109.2683,-7.4384],[109.2685,-7.4387]]]]}},{"type":"Feature","id":"ADMINISTRASI_AR_KECAMATAN_10K_2023.19","properties":{"id":"33.02.26","name":"Purwokerto Timur","fcode":"BA03070040","luasWilayahHa":839.08063531119,"kdpkab":"33.02","wadmkc":"Purwokerto Timur","metadata":"TASWIL1000020230928_DATA_BATAS_DESAKELURAHAN","sumber":"Geoportal Palapa Kabupaten Banyumas (WFS 10K 2023)"},"geometry":{"type":"MultiPolygon","coordinates":[[[[109.2483,-7.4278],[109.247,-7.4277],[109.2465,-7.4277],[109.2454,-7.4278],[109.2425,-7.4278],[109.2419,-7.4279],[109.2417,-7.4279],[109.2411,-7.4278],[109.2408,-7.4278],[109.2407,-7.4279],[109.2407,-7.4281],[109.2404,-7.428],[109.2403,-7.4279],[109.2402,-7.428],[109.2401,-7.4283],[109.2398,-7.4288],[109.2396,-7.4297],[109.2396,-7.4299],[109.2397,-7.4304],[109.2396,-7.4304],[109.2394,-7.4327],[109.2391,-7.4339],[109.2391,-7.4346],[109.238,-7.4346],[109.238,-7.4347],[109.2373,-7.4347],[109.2372,-7.4348],[109.2371,-7.435],[109.2371,-7.4351],[109.2373,-7.4357],[109.2373,-7.436],[109.2371,-7.4363],[109.2353,-7.4359],[109.2353,-7.4357],[109.2354,-7.4357],[109.2354,-7.435],[109.2353,-7.435],[109.2354,-7.435],[109.2354,-7.4346],[109.2355,-7.4346],[109.2355,-7.4337],[109.2356,-7.4336],[109.2356,-7.4335],[109.2355,-7.4335],[109.2355,-7.4328],[109.2351,-7.4328],[109.235,-7.4327],[109.2346,-7.4327],[109.2346,-7.4326],[109.2344,-7.4326],[109.2337,-7.4325],[109.2337,-7.4322],[109.2338,-7.432],[109.2338,-7.4317],[109.2337,-7.4316],[109.2337,-7.4315],[109.2338,-7.4314],[109.2338,-7.4309],[109.2334,-7.4307],[109.2334,-7.4306],[109.2335,-7.4304],[109.2334,-7.4304],[109.2334,-7.4301],[109.2333,-7.43],[109.2333,-7.4299],[109.2331,-7.43],[109.2331,-7.4299],[109.2329,-7.4299],[109.2328,-7.43],[109.2326,-7.43],[109.2326,-7.4299],[109.2322,-7.4299],[109.2321,-7.4298],[109.232,-7.4298],[109.232,-7.4297],[109.2319,-7.4297],[109.2319,-7.4296],[109.2317,-7.4288],[109.2321,-7.4286],[109.2323,-7.4286],[109.2325,-7.4284],[109.2324,-7.4283],[109.2322,-7.4283],[109.232,-7.4282],[109.2319,-7.4281],[109.2318,-7.4281],[109.2318,-7.428],[109.2317,-7.428],[109.2316,-7.4279],[109.2311,-7.4277],[109.2305,-7.4274],[109.2305,-7.4276],[109.2304,-7.4277],[109.2304,-7.4278],[109.2302,-7.4278],[109.2302,-7.4279],[109.23,-7.4279],[109.23,-7.4278],[109.2299,-7.4278],[109.2299,-7.4276],[109.2298,-7.4276],[109.2297,-7.4275],[109.2297,-7.4274],[109.2298,-7.4273],[109.2298,-7.427],[109.2297,-7.427],[109.2297,-7.4267],[109.2296,-7.4265],[109.2295,-7.4265],[109.2294,-7.4264],[109.2293,-7.4264],[109.2291,-7.4266],[109.2291,-7.4269],[109.2292,-7.4269],[109.2292,-7.427],[109.2293,-7.427],[109.2293,-7.4271],[109.2294,-7.4272],[109.2293,-7.4272],[109.2293,-7.4273],[109.2291,-7.4275],[109.2291,-7.4276],[109.229,-7.4277],[109.229,-7.4282],[109.2289,-7.4282],[109.2289,-7.4284],[109.2288,-7.4284],[109.2288,-7.4285],[109.2287,-7.4286],[109.2287,-7.4287],[109.2286,-7.4288],[109.2286,-7.4291],[109.2285,-7.4291],[109.2285,-7.4292],[109.2284,-7.4291],[109.2284,-7.429],[109.2283,-7.429],[109.2283,-7.4289],[109.2281,-7.4289],[109.2281,-7.429],[109.228,-7.429],[109.228,-7.4287],[109.2279,-7.4288],[109.2276,-7.4288],[109.2276,-7.4286],[109.2273,-7.4286],[109.2273,-7.4282],[109.2272,-7.4281],[109.2272,-7.4277],[109.2271,-7.4276],[109.2271,-7.4272],[109.2272,-7.4271],[109.2272,-7.427],[109.2273,-7.427],[109.2273,-7.4269],[109.2272,-7.4267],[109.2272,-7.4262],[109.2273,-7.4261],[109.2273,-7.4259],[109.2274,-7.4258],[109.2274,-7.4257],[109.2273,-7.4256],[109.2273,-7.4254],[109.2272,-7.4253],[109.2273,-7.4252],[109.2273,-7.4251],[109.2275,-7.4249],[109.2275,-7.4247],[109.2276,-7.4246],[109.2276,-7.4245],[109.2273,-7.4244],[109.2277,-7.4233],[109.2279,-7.4225],[109.228,-7.4223],[109.228,-7.4222],[109.2279,-7.4222],[109.2279,-7.422],[109.228,-7.4218],[109.2286,-7.422],[109.2287,-7.4218],[109.2289,-7.4219],[109.229,-7.4219],[109.229,-7.4217],[109.2289,-7.4217],[109.2289,-7.4206],[109.229,-7.4205],[109.229,-7.4203],[109.2289,-7.4203],[109.2289,-7.4201],[109.229,-7.42],[109.229,-7.4199],[109.2291,-7.4199],[109.2291,-7.4192],[109.2293,-7.4193],[109.2293,-7.4192],[109.2294,-7.4193],[109.2299,-7.4195],[109.23,-7.4192],[109.2302,-7.4189],[109.2304,-7.4183],[109.2304,-7.4182],[109.2309,-7.4182],[109.2309,-7.4183],[109.231,-7.4183],[109.2311,-7.4184],[109.2313,-7.4184],[109.2313,-7.4185],[109.2314,-7.4185],[109.2315,-7.4184],[109.2316,-7.4184],[109.2317,-7.4183],[109.2317,-7.4182],[109.2318,-7.4182],[109.2318,-7.4181],[109.232,-7.418],[109.2315,-7.418],[109.2316,-7.4176],[109.2321,-7.4176],[109.2321,-7.4175],[109.2326,-7.4175],[109.2327,-7.4173],[109.2327,-7.4172],[109.2326,-7.4172],[109.2326,-7.4171],[109.2327,-7.4171],[109.2328,-7.417],[109.2329,-7.417],[109.233,-7.4169],[109.233,-7.4167],[109.2331,-7.4167],[109.2331,-7.4166],[109.2333,-7.4166],[109.2333,-7.4165],[109.2334,-7.4165],[109.2335,-7.4166],[109.2336,-7.4163],[109.2335,-7.4163],[109.2336,-7.416],[109.2322,-7.416],[109.2315,-7.4161],[109.2312,-7.4161],[109.2308,-7.4162],[109.2303,-7.4162],[109.2301,-7.4164],[109.2299,-7.4163],[109.2276,-7.4163],[109.2275,-7.4162],[109.2274,-7.4162],[109.2274,-7.4161],[109.2273,-7.4161],[109.2273,-7.4162],[109.2272,-7.4162],[109.2271,-7.4163],[109.227,-7.4162],[109.2271,-7.4162],[109.2271,-7.4161],[109.2272,-7.4161],[109.2272,-7.4159],[109.2273,-7.4155],[109.2274,-7.4154],[109.2274,-7.4153],[109.2275,-7.4151],[109.2285,-7.4151],[109.2287,-7.415],[109.2287,-7.4149],[109.2291,-7.4145],[109.2292,-7.4146],[109.2293,-7.4146],[109.2294,-7.4145],[109.2294,-7.4144],[109.2295,-7.4143],[109.2296,-7.4143],[109.2296,-7.4142],[109.2297,-7.4141],[109.2297,-7.4138],[109.2298,-7.4137],[109.2298,-7.4136],[109.2299,-7.4136],[109.2299,-7.4134],[109.23,-7.4132],[109.2299,-7.4131],[109.2299,-7.4129],[109.2298,-7.4129],[109.2298,-7.413],[109.2296,-7.413],[109.2295,-7.4129],[109.2293,-7.4129],[109.2293,-7.4128],[109.2296,-7.4128],[109.2296,-7.4127],[109.2322,-7.4132],[109.2341,-7.4136],[109.2344,-7.4137],[109.2345,-7.4137],[109.2349,-7.4133],[109.236,-7.4133],[109.2359,-7.4131],[109.2357,-7.4131],[109.2352,-7.4127],[109.2352,-7.4124],[109.2354,-7.4123],[109.2368,-7.4124],[109.2381,-7.4124],[109.2379,-7.4134],[109.2384,-7.4135],[109.2383,-7.414],[109.2386,-7.414],[109.2398,-7.4142],[109.2402,-7.4142],[109.2404,-7.4143],[109.2408,-7.4143],[109.2407,-7.4145],[109.2406,-7.4153],[109.2404,-7.4157],[109.2404,-7.4162],[109.2406,-7.4165],[109.2408,-7.4165],[109.2414,-7.4166],[109.2424,-7.4167],[109.2429,-7.4168],[109.2435,-7.4168],[109.244,-7.4169],[109.2445,-7.4169],[109.2447,-7.417],[109.2456,-7.417],[109.2472,-7.4171],[109.2478,-7.4172],[109.25,-7.4174],[109.2501,-7.4172],[109.2501,-7.417],[109.2503,-7.4162],[109.2503,-7.4158],[109.2504,-7.4154],[109.2504,-7.4152],[109.2505,-7.4151],[109.2508,-7.415],[109.2513,-7.4151],[109.2513,-7.4148],[109.2512,-7.4145],[109.2513,-7.4144],[109.2514,-7.4142],[109.2514,-7.4139],[109.2512,-7.4138],[109.2512,-7.4135],[109.2526,-7.4133],[109.2527,-7.4137],[109.2535,-7.4137],[109.2541,-7.4135],[109.2546,-7.4134],[109.2555,-7.4131],[109.2564,-7.4127],[109.2567,-7.4128],[109.2573,-7.4126],[109.2573,-7.4124],[109.2574,-7.4122],[109.258,-7.4116],[109.2582,-7.4113],[109.2583,-7.4108],[109.2583,-7.4102],[109.2586,-7.4099],[109.259,-7.4097],[109.2596,-7.4092],[109.2614,-7.4074],[109.2614,-7.4073],[109.2618,-7.4075],[109.2621,-7.4077],[109.2622,-7.4079],[109.2622,-7.4082],[109.2621,-7.4086],[109.2621,-7.409],[109.262,-7.4092],[109.262,-7.4094],[109.2621,-7.4096],[109.2621,-7.4097],[109.2622,-7.4098],[109.2623,-7.4101],[109.2626,-7.4104],[109.2631,-7.4111],[109.2637,-7.4117],[109.2647,-7.4123],[109.2655,-7.4131],[109.2659,-7.4138],[109.266,-7.4141],[109.2662,-7.4144],[109.2662,-7.4145],[109.2663,-7.4146],[109.2668,-7.4157],[109.267,-7.4158],[109.2671,-7.4159],[109.2674,-7.4159],[109.2676,-7.416],[109.2678,-7.416],[109.268,-7.4162],[109.268,-7.4166],[109.2678,-7.4168],[109.2675,-7.4168],[109.2673,-7.4169],[109.2672,-7.417],[109.2672,-7.4171],[109.2671,-7.4173],[109.2671,-7.4175],[109.2672,-7.4178],[109.2675,-7.4182],[109.2678,-7.4188],[109.2681,-7.4193],[109.2681,-7.4194],[109.2672,-7.4212],[109.2672,-7.4215],[109.2671,-7.4215],[109.2667,-7.4213],[109.2661,-7.4217],[109.2668,-7.4226],[109.2671,-7.4246],[109.267,-7.4247],[109.267,-7.4251],[109.2671,-7.4251],[109.2671,-7.4252],[109.2669,-7.4252],[109.2669,-7.4254],[109.2677,-7.4254],[109.2677,-7.4253],[109.2686,-7.4253],[109.269,-7.4254],[109.2695,-7.4254],[109.2696,-7.4256],[109.2697,-7.4257],[109.2696,-7.4258],[109.2696,-7.4259],[109.2694,-7.4261],[109.2691,-7.4262],[109.2689,-7.4262],[109.2688,-7.4264],[109.2687,-7.4265],[109.2687,-7.4268],[109.2688,-7.4269],[109.269,-7.427],[109.2691,-7.4271],[109.2692,-7.4271],[109.2694,-7.4273],[109.2695,-7.4276],[109.2697,-7.4278],[109.2698,-7.428],[109.27,-7.428],[109.2701,-7.4281],[109.2703,-7.4282],[109.2711,-7.4282],[109.2715,-7.4281],[109.2718,-7.4281],[109.272,-7.4282],[109.2721,-7.4282],[109.2721,-7.4283],[109.2722,-7.4284],[109.2722,-7.4286],[109.2721,-7.4287],[109.2721,-7.4288],[109.272,-7.4289],[109.2714,-7.4289],[109.2712,-7.429],[109.2711,-7.4291],[109.2713,-7.4298],[109.2713,-7.4303],[109.2712,-7.4307],[109.2712,-7.4311],[109.2714,-7.4314],[109.2718,-7.4318],[109.2723,-7.432],[109.2727,-7.4323],[109.2739,-7.4326],[109.2742,-7.4329],[109.2745,-7.4334],[109.2739,-7.4334],[109.2739,-7.4337],[109.2729,-7.4339],[109.272,-7.4343],[109.2719,-7.4344],[109.2715,-7.4346],[109.2705,-7.4348],[109.2702,-7.4348],[109.2695,-7.4349],[109.2694,-7.4353],[109.2693,-7.4355],[109.2688,-7.4356],[109.2689,-7.4362],[109.2687,-7.4368],[109.2686,-7.4369],[109.2681,-7.4362],[109.2677,-7.436],[109.2674,-7.4358],[109.2661,-7.4358],[109.2657,-7.4357],[109.2654,-7.4354],[109.2651,-7.435],[109.2649,-7.4346],[109.2644,-7.4334],[109.2642,-7.4331],[109.2639,-7.4325],[109.2636,-7.432],[109.2633,-7.4319],[109.2632,-7.4321],[109.2632,-7.4323],[109.2631,-7.4324],[109.2591,-7.4324],[109.2588,-7.4326],[109.2583,-7.433],[109.2583,-7.4329],[109.2568,-7.4314],[109.2563,-7.4308],[109.256,-7.4306],[109.255,-7.4294],[109.2548,-7.429],[109.2546,-7.4285],[109.2553,-7.4285],[109.2554,-7.4284],[109.2556,-7.4283],[109.256,-7.4283],[109.256,-7.4282],[109.2555,-7.4282],[109.2556,-7.428],[109.2556,-7.4276],[109.2555,-7.4275],[109.2549,-7.4276],[109.2541,-7.4276],[109.2535,-7.4277],[109.2533,-7.4277],[109.2531,-7.4276],[109.2525,-7.4276],[109.2512,-7.4277],[109.2498,-7.4277],[109.2487,-7.4278],[109.2483,-7.4278]]]]}},{"type":"Feature","id":"ADMINISTRASI_AR_KECAMATAN_10K_2023.20","properties":{"id":"33.02.27","name":"Purwokerto Utara","fcode":"BA03070040","luasWilayahHa":968.82195848983,"kdpkab":"33.02","wadmkc":"Purwokerto Utara","metadata":"TASWIL1000020230928_DATA_BATAS_DESAKELURAHAN","sumber":"Geoportal Palapa Kabupaten Banyumas (WFS 10K 2023)"},"geometry":{"type":"MultiPolygon","coordinates":[[[[109.2514,-7.414],[109.2514,-7.4142],[109.2513,-7.4144],[109.2512,-7.4145],[109.2513,-7.4148],[109.2513,-7.4151],[109.2508,-7.415],[109.2505,-7.4151],[109.2504,-7.4152],[109.2504,-7.4154],[109.2503,-7.4158],[109.2503,-7.4162],[109.2501,-7.417],[109.2501,-7.4172],[109.25,-7.4174],[109.2478,-7.4172],[109.2472,-7.4171],[109.2456,-7.417],[109.2447,-7.417],[109.2445,-7.4169],[109.244,-7.4169],[109.2435,-7.4168],[109.2429,-7.4168],[109.2424,-7.4167],[109.2414,-7.4166],[109.2408,-7.4165],[109.2406,-7.4165],[109.2404,-7.4162],[109.2404,-7.4157],[109.2406,-7.4153],[109.2407,-7.4145],[109.2408,-7.4143],[109.2404,-7.4143],[109.2402,-7.4142],[109.2398,-7.4142],[109.2386,-7.414],[109.2383,-7.414],[109.2384,-7.4135],[109.2379,-7.4134],[109.2381,-7.4124],[109.2368,-7.4124],[109.2354,-7.4123],[109.2352,-7.4124],[109.2352,-7.4127],[109.2357,-7.4131],[109.2359,-7.4131],[109.236,-7.4133],[109.2349,-7.4133],[109.2345,-7.4137],[109.2344,-7.4137],[109.2341,-7.4136],[109.2322,-7.4132],[109.2297,-7.4127],[109.2297,-7.4125],[109.2296,-7.4123],[109.2294,-7.412],[109.2293,-7.4119],[109.2292,-7.4117],[109.229,-7.4116],[109.2289,-7.4115],[109.2288,-7.412],[109.2283,-7.4118],[109.2282,-7.4117],[109.2282,-7.4116],[109.2281,-7.4116],[109.2281,-7.4115],[109.2277,-7.4114],[109.2277,-7.4113],[109.2274,-7.4107],[109.2274,-7.4106],[109.2273,-7.4103],[109.2272,-7.4102],[109.2272,-7.4101],[109.2271,-7.41],[109.2269,-7.4096],[109.2254,-7.4096],[109.2253,-7.4095],[109.2251,-7.4095],[109.2247,-7.4094],[109.2239,-7.4094],[109.2235,-7.4093],[109.2231,-7.4093],[109.2226,-7.4092],[109.2224,-7.4094],[109.2214,-7.4094],[109.2215,-7.4095],[109.2214,-7.4095],[109.2207,-7.4098],[109.2206,-7.4099],[109.2205,-7.4099],[109.22,-7.4102],[109.22,-7.4104],[109.2201,-7.4106],[109.22,-7.4106],[109.2198,-7.4107],[109.2193,-7.4107],[109.2189,-7.4108],[109.2186,-7.4108],[109.2185,-7.411],[109.2184,-7.4111],[109.218,-7.4111],[109.2177,-7.4112],[109.2175,-7.4112],[109.2177,-7.41],[109.2178,-7.4095],[109.2179,-7.4092],[109.2177,-7.4081],[109.2169,-7.408],[109.2167,-7.4079],[109.2163,-7.4078],[109.2167,-7.4065],[109.2165,-7.4064],[109.2159,-7.4063],[109.216,-7.4054],[109.2162,-7.4047],[109.2164,-7.4036],[109.2168,-7.4034],[109.2169,-7.4034],[109.2171,-7.4033],[109.2177,-7.4035],[109.2187,-7.4037],[109.2198,-7.405],[109.2198,-7.4038],[109.2199,-7.4033],[109.2198,-7.4028],[109.2198,-7.402],[109.2196,-7.4017],[109.2196,-7.4015],[109.2197,-7.401],[109.2198,-7.4009],[109.2198,-7.4006],[109.2197,-7.4005],[109.2195,-7.4004],[109.2195,-7.3999],[109.2196,-7.3997],[109.2195,-7.3995],[109.2198,-7.3991],[109.2201,-7.3985],[109.2207,-7.3975],[109.222,-7.3983],[109.2224,-7.3983],[109.2224,-7.3984],[109.2227,-7.3985],[109.2227,-7.3984],[109.2232,-7.3985],[109.2235,-7.3985],[109.2235,-7.3984],[109.2239,-7.3984],[109.2246,-7.3985],[109.2259,-7.399],[109.2256,-7.3987],[109.2254,-7.3978],[109.2255,-7.3971],[109.2256,-7.3968],[109.2256,-7.3967],[109.2279,-7.3963],[109.2289,-7.3963],[109.2295,-7.3964],[109.2301,-7.3967],[109.2314,-7.3971],[109.2321,-7.3975],[109.2326,-7.3977],[109.2329,-7.3979],[109.2331,-7.3979],[109.2332,-7.398],[109.2337,-7.3981],[109.2341,-7.3983],[109.2345,-7.3984],[109.2345,-7.3979],[109.2346,-7.3972],[109.2349,-7.3965],[109.2351,-7.3958],[109.2353,-7.3946],[109.2353,-7.3944],[109.2352,-7.3941],[109.2352,-7.3939],[109.2351,-7.3933],[109.2352,-7.3926],[109.2352,-7.3922],[109.2351,-7.3917],[109.235,-7.3915],[109.2351,-7.3916],[109.2353,-7.3914],[109.2354,-7.3912],[109.2357,-7.3912],[109.2357,-7.3911],[109.2358,-7.3909],[109.2369,-7.3909],[109.2376,-7.3906],[109.2375,-7.3905],[109.2374,-7.3903],[109.2374,-7.3897],[109.2372,-7.3891],[109.2371,-7.388],[109.2372,-7.3877],[109.2372,-7.387],[109.2371,-7.3867],[109.2371,-7.3866],[109.2369,-7.3862],[109.2368,-7.3859],[109.2368,-7.3851],[109.2367,-7.3848],[109.2369,-7.3841],[109.2371,-7.3838],[109.2372,-7.3835],[109.2373,-7.3834],[109.2373,-7.3833],[109.2374,-7.3832],[109.2374,-7.3828],[109.2388,-7.3825],[109.2398,-7.3825],[109.2418,-7.3827],[109.2437,-7.3828],[109.2447,-7.3827],[109.2459,-7.3829],[109.2461,-7.3834],[109.2465,-7.3848],[109.2465,-7.3861],[109.2464,-7.3868],[109.2462,-7.3872],[109.2456,-7.3876],[109.2456,-7.3881],[109.2461,-7.3892],[109.2461,-7.3895],[109.2463,-7.3902],[109.2463,-7.3905],[109.2467,-7.3909],[109.2471,-7.391],[109.2484,-7.3915],[109.2485,-7.3917],[109.2487,-7.3919],[109.2488,-7.3924],[109.2491,-7.393],[109.2495,-7.3935],[109.25,-7.394],[109.25,-7.3941],[109.2503,-7.3949],[109.2507,-7.3958],[109.251,-7.3968],[109.2513,-7.397],[109.2518,-7.3972],[109.2522,-7.3973],[109.2528,-7.3976],[109.2537,-7.3979],[109.2541,-7.3982],[109.2543,-7.3982],[109.2544,-7.3984],[109.2545,-7.3985],[109.2545,-7.3992],[109.2547,-7.3994],[109.2549,-7.3994],[109.2553,-7.3996],[109.2555,-7.3998],[109.2556,-7.4],[109.2558,-7.4006],[109.2558,-7.4011],[109.2559,-7.4012],[109.2559,-7.4015],[109.256,-7.4017],[109.2561,-7.4017],[109.2561,-7.4018],[109.2563,-7.402],[109.2565,-7.4023],[109.2566,-7.4027],[109.2566,-7.4035],[109.2567,-7.4036],[109.2569,-7.4037],[109.2571,-7.4039],[109.2573,-7.4042],[109.2577,-7.4046],[109.2583,-7.4048],[109.2585,-7.4049],[109.2586,-7.4049],[109.2586,-7.405],[109.259,-7.4054],[109.2594,-7.4059],[109.2602,-7.4067],[109.2605,-7.4068],[109.2609,-7.4071],[109.2614,-7.4073],[109.2614,-7.4074],[109.2596,-7.4092],[109.259,-7.4097],[109.2586,-7.4099],[109.2583,-7.4102],[109.2583,-7.4108],[109.2582,-7.4113],[109.258,-7.4116],[109.2574,-7.4122],[109.2573,-7.4124],[109.2573,-7.4126],[109.2567,-7.4128],[109.2564,-7.4127],[109.2555,-7.4131],[109.2546,-7.4134],[109.2541,-7.4135],[109.2535,-7.4137],[109.2527,-7.4137],[109.2526,-7.4133],[109.2512,-7.4135],[109.2512,-7.4138],[109.2514,-7.4139],[109.2514,-7.414]]]]}},{"type":"Feature","id":"ADMINISTRASI_AR_KECAMATAN_10K_2023.21","properties":{"id":"33.02.04","name":"Rawalo","fcode":"BA03070040","luasWilayahHa":5148.1069935234,"kdpkab":"33.02","wadmkc":"Rawalo","metadata":"TASWIL1000020230928_DATA_BATAS_DESAKELURAHAN","sumber":"Geoportal Palapa Kabupaten Banyumas (WFS 10K 2023)"},"geometry":{"type":"MultiPolygon","coordinates":[[[[109.1901,-7.5359],[109.1896,-7.5375],[109.1887,-7.5384],[109.1879,-7.5399],[109.1873,-7.5409],[109.1861,-7.5417],[109.1836,-7.5423],[109.1816,-7.5419],[109.1797,-7.5412],[109.1777,-7.5407],[109.1761,-7.5407],[109.175,-7.5409],[109.172,-7.541],[109.1702,-7.5416],[109.1691,-7.5423],[109.168,-7.5437],[109.1678,-7.5455],[109.168,-7.548],[109.1681,-7.5502],[109.1688,-7.5522],[109.1691,-7.5533],[109.1692,-7.5538],[109.1696,-7.5578],[109.1687,-7.561],[109.1683,-7.5628],[109.1682,-7.5643],[109.1683,-7.5656],[109.1682,-7.5662],[109.1682,-7.5671],[109.168,-7.569],[109.1676,-7.5699],[109.1672,-7.5705],[109.1668,-7.5713],[109.1656,-7.5725],[109.1645,-7.5732],[109.1639,-7.5734],[109.1633,-7.5737],[109.1619,-7.5739],[109.1609,-7.5741],[109.1598,-7.5744],[109.1597,-7.5744],[109.1584,-7.5748],[109.1572,-7.5756],[109.1564,-7.5766],[109.1561,-7.5771],[109.1546,-7.578],[109.1532,-7.5786],[109.1522,-7.5787],[109.1514,-7.5785],[109.1501,-7.578],[109.1494,-7.5779],[109.1479,-7.5779],[109.1473,-7.578],[109.1471,-7.5782],[109.1469,-7.5783],[109.1465,-7.5784],[109.1462,-7.5784],[109.1447,-7.5779],[109.1427,-7.5781],[109.1422,-7.5783],[109.1418,-7.5785],[109.1413,-7.579],[109.1407,-7.5797],[109.1399,-7.58],[109.1396,-7.58],[109.1386,-7.5795],[109.1387,-7.5782],[109.1386,-7.577],[109.1386,-7.5764],[109.1388,-7.575],[109.139,-7.5744],[109.139,-7.5736],[109.1394,-7.5715],[109.14,-7.5701],[109.1402,-7.5685],[109.1402,-7.5678],[109.1398,-7.5672],[109.1398,-7.5666],[109.1402,-7.5664],[109.1405,-7.5661],[109.1417,-7.5661],[109.1425,-7.5664],[109.1436,-7.5667],[109.144,-7.5666],[109.1442,-7.5666],[109.1447,-7.5661],[109.1453,-7.5652],[109.1456,-7.5646],[109.1454,-7.564],[109.1452,-7.5637],[109.1455,-7.5633],[109.146,-7.5629],[109.1464,-7.5625],[109.1465,-7.562],[109.1465,-7.5617],[109.1469,-7.559],[109.1467,-7.5558],[109.1468,-7.5531],[109.1483,-7.5531],[109.1487,-7.553],[109.1487,-7.5502],[109.1486,-7.5441],[109.148,-7.5418],[109.1478,-7.5402],[109.1475,-7.5402],[109.1475,-7.5382],[109.1474,-7.5382],[109.147,-7.5359],[109.1464,-7.5338],[109.1462,-7.5332],[109.1464,-7.5322],[109.1466,-7.5318],[109.147,-7.5312],[109.1477,-7.529],[109.1475,-7.529],[109.1465,-7.5284],[109.144,-7.5264],[109.1439,-7.5259],[109.1436,-7.5258],[109.1432,-7.5258],[109.143,-7.526],[109.1428,-7.526],[109.1428,-7.5259],[109.1427,-7.5258],[109.1427,-7.5257],[109.1426,-7.5256],[109.1425,-7.5256],[109.1421,-7.5259],[109.1419,-7.526],[109.1417,-7.5261],[109.1415,-7.5261],[109.1413,-7.5259],[109.1413,-7.5258],[109.1412,-7.5258],[109.1412,-7.5257],[109.1411,-7.5257],[109.1411,-7.5256],[109.1406,-7.5256],[109.1403,-7.5255],[109.1403,-7.5256],[109.14,-7.5256],[109.1398,-7.5257],[109.1355,-7.5257],[109.1355,-7.5245],[109.1356,-7.5243],[109.1356,-7.5235],[109.1355,-7.5229],[109.1355,-7.5224],[109.1356,-7.5216],[109.1354,-7.5214],[109.1354,-7.5212],[109.1353,-7.521],[109.1352,-7.5209],[109.1333,-7.5209],[109.1319,-7.521],[109.1319,-7.5199],[109.1318,-7.5195],[109.1313,-7.5193],[109.131,-7.5193],[109.131,-7.5196],[109.1306,-7.5196],[109.1306,-7.5195],[109.1305,-7.5194],[109.1305,-7.5191],[109.1306,-7.5191],[109.1306,-7.5189],[109.1305,-7.5189],[109.1304,-7.5188],[109.13,-7.5188],[109.1298,-7.5186],[109.1298,-7.5184],[109.1296,-7.5182],[109.1293,-7.5182],[109.1288,-7.5185],[109.1288,-7.5187],[109.1286,-7.5189],[109.1286,-7.519],[109.1285,-7.519],[109.1285,-7.5191],[109.1282,-7.5191],[109.1279,-7.5188],[109.1278,-7.5188],[109.1275,-7.5191],[109.1275,-7.5198],[109.1262,-7.5198],[109.1255,-7.5197],[109.1255,-7.5174],[109.1252,-7.5173],[109.1252,-7.5161],[109.1251,-7.516],[109.1244,-7.5161],[109.1244,-7.5157],[109.1242,-7.5157],[109.1242,-7.5154],[109.1241,-7.5154],[109.1241,-7.5151],[109.1239,-7.5151],[109.1239,-7.5149],[109.1242,-7.5149],[109.1241,-7.5142],[109.1239,-7.5142],[109.1233,-7.5141],[109.1221,-7.5143],[109.1221,-7.5136],[109.1228,-7.5135],[109.1229,-7.5132],[109.123,-7.5132],[109.1228,-7.5131],[109.1228,-7.5129],[109.1221,-7.5128],[109.1221,-7.5125],[109.1228,-7.5125],[109.1229,-7.5114],[109.1231,-7.5114],[109.1231,-7.5111],[109.1228,-7.5111],[109.1228,-7.511],[109.1227,-7.511],[109.1227,-7.5108],[109.1229,-7.5106],[109.1233,-7.5106],[109.1235,-7.5107],[109.1236,-7.5108],[109.1237,-7.5107],[109.1239,-7.5107],[109.1239,-7.5106],[109.124,-7.5104],[109.124,-7.5103],[109.1239,-7.5101],[109.1239,-7.51],[109.1238,-7.51],[109.1236,-7.5098],[109.1238,-7.5097],[109.1247,-7.5097],[109.1256,-7.51],[109.1268,-7.5099],[109.1275,-7.5093],[109.1276,-7.5077],[109.1278,-7.5074],[109.1278,-7.5071],[109.1282,-7.5067],[109.1286,-7.5065],[109.1287,-7.5064],[109.1289,-7.5063],[109.1299,-7.506],[109.1314,-7.5058],[109.1326,-7.506],[109.1342,-7.5059],[109.1344,-7.5022],[109.1344,-7.5011],[109.1345,-7.5001],[109.1345,-7.4994],[109.134,-7.4992],[109.1335,-7.4992],[109.133,-7.4991],[109.1322,-7.4991],[109.1308,-7.4987],[109.1299,-7.4984],[109.1291,-7.498],[109.1284,-7.4976],[109.1283,-7.4966],[109.1285,-7.4952],[109.1284,-7.4942],[109.1284,-7.4931],[109.1288,-7.4917],[109.1287,-7.49],[109.1288,-7.4871],[109.129,-7.4859],[109.1297,-7.4859],[109.1298,-7.4856],[109.1303,-7.4857],[109.1316,-7.4855],[109.1315,-7.4877],[109.1321,-7.4898],[109.1325,-7.4902],[109.134,-7.4913],[109.1341,-7.4913],[109.1344,-7.4911],[109.1355,-7.4906],[109.1358,-7.4905],[109.1364,-7.4904],[109.1372,-7.4901],[109.1403,-7.4886],[109.1418,-7.4883],[109.142,-7.4882],[109.1421,-7.488],[109.1422,-7.4879],[109.1423,-7.4877],[109.1424,-7.4876],[109.1426,-7.4876],[109.1435,-7.4879],[109.1439,-7.4883],[109.144,-7.4886],[109.144,-7.4888],[109.1445,-7.4888],[109.1447,-7.4886],[109.1448,-7.4886],[109.1449,-7.4885],[109.1451,-7.4885],[109.1453,-7.4887],[109.1454,-7.4887],[109.1457,-7.4884],[109.1458,-7.4884],[109.1458,-7.4885],[109.1459,-7.4885],[109.1459,-7.4886],[109.1461,-7.4888],[109.1462,-7.4888],[109.1462,-7.4891],[109.1463,-7.4892],[109.1461,-7.4893],[109.1469,-7.4895],[109.1473,-7.4899],[109.1477,-7.4901],[109.1481,-7.4904],[109.1481,-7.4902],[109.1482,-7.49],[109.1483,-7.4899],[109.1486,-7.4899],[109.1486,-7.4897],[109.1485,-7.4894],[109.1486,-7.4891],[109.1486,-7.4884],[109.1487,-7.4882],[109.1493,-7.4884],[109.1495,-7.4884],[109.1501,-7.4887],[109.1502,-7.4888],[109.1504,-7.4888],[109.1506,-7.4889],[109.1511,-7.4889],[109.1511,-7.489],[109.1514,-7.4891],[109.1516,-7.4891],[109.1518,-7.4888],[109.1518,-7.4886],[109.152,-7.4881],[109.1526,-7.4884],[109.1529,-7.4885],[109.1534,-7.4885],[109.1536,-7.4883],[109.1538,-7.4883],[109.1539,-7.4885],[109.1539,-7.4884],[109.154,-7.4883],[109.1541,-7.4881],[109.1541,-7.4879],[109.154,-7.4878],[109.154,-7.4877],[109.1541,-7.4875],[109.1542,-7.4874],[109.1542,-7.4872],[109.154,-7.487],[109.1539,-7.487],[109.1539,-7.4868],[109.1536,-7.4868],[109.153,-7.4867],[109.1532,-7.4863],[109.1531,-7.4862],[109.1531,-7.4853],[109.153,-7.4852],[109.153,-7.4851],[109.1531,-7.485],[109.1533,-7.4849],[109.1534,-7.4848],[109.1535,-7.4848],[109.1535,-7.4846],[109.1534,-7.4846],[109.1533,-7.4845],[109.1533,-7.4843],[109.1535,-7.4839],[109.1535,-7.4834],[109.1538,-7.4831],[109.1542,-7.4831],[109.1542,-7.483],[109.1543,-7.4827],[109.155,-7.4828],[109.1555,-7.483],[109.1563,-7.4831],[109.1566,-7.4832],[109.1572,-7.4833],[109.1576,-7.4832],[109.1581,-7.4833],[109.1588,-7.4832],[109.1592,-7.4831],[109.1594,-7.483],[109.16,-7.4828],[109.161,-7.4821],[109.1617,-7.4817],[109.1621,-7.4816],[109.1628,-7.4812],[109.1633,-7.4812],[109.1638,-7.4813],[109.164,-7.4814],[109.1647,-7.483],[109.1647,-7.4831],[109.1655,-7.4843],[109.1665,-7.4863],[109.1668,-7.4868],[109.1672,-7.4871],[109.168,-7.4879],[109.1683,-7.4883],[109.1683,-7.4884],[109.1691,-7.4892],[109.1695,-7.4897],[109.17,-7.4905],[109.1702,-7.4907],[109.1703,-7.4909],[109.1706,-7.4911],[109.1708,-7.4913],[109.1715,-7.4916],[109.1721,-7.492],[109.1725,-7.4924],[109.1749,-7.4954],[109.1761,-7.4955],[109.1767,-7.4955],[109.1778,-7.4957],[109.1781,-7.496],[109.1785,-7.4961],[109.1794,-7.4968],[109.1796,-7.4969],[109.1802,-7.4971],[109.181,-7.4973],[109.1815,-7.4975],[109.182,-7.4975],[109.1832,-7.4978],[109.1838,-7.4979],[109.1855,-7.498],[109.186,-7.4982],[109.1881,-7.4986],[109.1891,-7.4987],[109.1897,-7.4988],[109.1901,-7.4988],[109.1916,-7.4991],[109.1921,-7.4993],[109.1929,-7.4995],[109.1941,-7.4993],[109.195,-7.499],[109.1952,-7.499],[109.1955,-7.4989],[109.1956,-7.4988],[109.1961,-7.4987],[109.197,-7.4987],[109.1974,-7.4988],[109.1976,-7.4989],[109.198,-7.4993],[109.1984,-7.4995],[109.1993,-7.4995],[109.2,-7.4994],[109.2002,-7.4994],[109.201,-7.4991],[109.2018,-7.4993],[109.2019,-7.4992],[109.2024,-7.4992],[109.2031,-7.4993],[109.2041,-7.4993],[109.2061,-7.4992],[109.2083,-7.4994],[109.2112,-7.4994],[109.2147,-7.4993],[109.214,-7.5],[109.2134,-7.5003],[109.2123,-7.5012],[109.212,-7.5024],[109.2115,-7.503],[109.211,-7.5044],[109.2111,-7.5059],[109.2119,-7.5081],[109.2133,-7.51],[109.2138,-7.5112],[109.2138,-7.5122],[109.2136,-7.5129],[109.2134,-7.5138],[109.2119,-7.5156],[109.2112,-7.516],[109.2105,-7.5163],[109.2083,-7.517],[109.2064,-7.5174],[109.2049,-7.5179],[109.2041,-7.5183],[109.2038,-7.5187],[109.2034,-7.5191],[109.2033,-7.5204],[109.2031,-7.5213],[109.2028,-7.5234],[109.2023,-7.5239],[109.2011,-7.5242],[109.2005,-7.5245],[109.1999,-7.525],[109.1997,-7.5256],[109.1993,-7.5277],[109.1988,-7.5288],[109.1982,-7.5294],[109.1934,-7.5318],[109.1917,-7.5334],[109.1901,-7.5359]]]]}},{"type":"Feature","id":"ADMINISTRASI_AR_KECAMATAN_10K_2023.22","properties":{"id":"33.02.19","name":"Sokaraja","fcode":"BA03070040","luasWilayahHa":3028.21279741189,"kdpkab":"33.02","wadmkc":"Sokaraja","metadata":"TASWIL1000020230928_DATA_BATAS_DESAKELURAHAN","sumber":"Geoportal Palapa Kabupaten Banyumas (WFS 10K 2023)"},"geometry":{"type":"MultiPolygon","coordinates":[[[[109.3335,-7.4478],[109.3337,-7.4479],[109.3339,-7.4479],[109.3341,-7.448],[109.3345,-7.4481],[109.3347,-7.4482],[109.3346,-7.4486],[109.3346,-7.4489],[109.3343,-7.4496],[109.3342,-7.4501],[109.3341,-7.4504],[109.334,-7.4506],[109.3338,-7.4512],[109.3336,-7.4515],[109.3334,-7.452],[109.3332,-7.4523],[109.333,-7.4525],[109.3328,-7.4528],[109.3327,-7.4531],[109.3325,-7.4532],[109.3323,-7.4536],[109.3322,-7.4537],[109.332,-7.4541],[109.3319,-7.4542],[109.3318,-7.4544],[109.3316,-7.4545],[109.3315,-7.4546],[109.3309,-7.4547],[109.3309,-7.4548],[109.3296,-7.4535],[109.3296,-7.4532],[109.3299,-7.4529],[109.3299,-7.4526],[109.3297,-7.4526],[109.3292,-7.4525],[109.3285,-7.4525],[109.3283,-7.4523],[109.3283,-7.4521],[109.3284,-7.4521],[109.3288,-7.4519],[109.3291,-7.4516],[109.3291,-7.4515],[109.329,-7.4514],[109.3289,-7.4514],[109.3288,-7.4513],[109.3286,-7.4513],[109.3285,-7.4512],[109.3285,-7.4511],[109.3284,-7.4511],[109.3284,-7.4508],[109.3286,-7.4506],[109.3286,-7.4502],[109.3284,-7.45],[109.3284,-7.4499],[109.3282,-7.4499],[109.3279,-7.4502],[109.3274,-7.4502],[109.3273,-7.4501],[109.3273,-7.45],[109.3271,-7.4499],[109.3269,-7.4499],[109.3266,-7.4502],[109.3264,-7.4502],[109.326,-7.4498],[109.326,-7.4491],[109.3259,-7.449],[109.3257,-7.449],[109.3253,-7.4491],[109.3247,-7.4491],[109.3246,-7.449],[109.3245,-7.449],[109.3243,-7.4489],[109.3242,-7.4487],[109.3238,-7.4487],[109.3236,-7.4489],[109.3235,-7.4489],[109.3234,-7.4488],[109.3233,-7.4488],[109.3231,-7.4489],[109.3228,-7.4489],[109.3227,-7.449],[109.3222,-7.4491],[109.3219,-7.449],[109.3217,-7.449],[109.3215,-7.4489],[109.3214,-7.4488],[109.321,-7.4486],[109.321,-7.4489],[109.3196,-7.449],[109.3194,-7.4491],[109.3183,-7.4491],[109.3184,-7.4492],[109.3183,-7.4492],[109.3183,-7.4493],[109.3185,-7.4495],[109.3185,-7.4497],[109.3186,-7.4497],[109.3186,-7.4498],[109.3187,-7.4498],[109.3187,-7.4501],[109.3182,-7.4501],[109.3179,-7.4502],[109.3179,-7.4507],[109.3181,-7.4512],[109.3181,-7.4515],[109.3179,-7.4515],[109.3176,-7.4514],[109.3174,-7.4519],[109.3172,-7.4527],[109.317,-7.4537],[109.3168,-7.455],[109.3166,-7.4556],[109.3165,-7.4562],[109.3165,-7.4564],[109.3162,-7.4576],[109.3159,-7.459],[109.3158,-7.4592],[109.3158,-7.4596],[109.3141,-7.4599],[109.3127,-7.4602],[109.3127,-7.4601],[109.312,-7.4604],[109.3119,-7.4603],[109.3118,-7.4603],[109.3117,-7.4602],[109.3115,-7.4601],[109.3111,-7.4601],[109.3107,-7.46],[109.3105,-7.4599],[109.3104,-7.46],[109.3102,-7.4599],[109.3089,-7.4599],[109.3089,-7.4602],[109.3088,-7.4606],[109.3089,-7.4608],[109.3089,-7.4612],[109.309,-7.4617],[109.3089,-7.4618],[109.3089,-7.4622],[109.3088,-7.4622],[109.3088,-7.4623],[109.3084,-7.4623],[109.3081,-7.4624],[109.3072,-7.4622],[109.3072,-7.4623],[109.3071,-7.4626],[109.307,-7.4635],[109.3069,-7.4639],[109.3069,-7.465],[109.3062,-7.4649],[109.3063,-7.4652],[109.3063,-7.4666],[109.3049,-7.4668],[109.3038,-7.4669],[109.3039,-7.4674],[109.3033,-7.4677],[109.3033,-7.4685],[109.3034,-7.4692],[109.3016,-7.4692],[109.301,-7.4693],[109.2998,-7.4693],[109.2998,-7.4696],[109.2993,-7.4696],[109.2993,-7.4694],[109.2983,-7.4694],[109.2976,-7.4695],[109.2975,-7.4693],[109.2974,-7.4692],[109.2973,-7.4689],[109.2972,-7.4683],[109.2972,-7.468],[109.2971,-7.468],[109.297,-7.4679],[109.2969,-7.4679],[109.2967,-7.4678],[109.2966,-7.4677],[109.2966,-7.4676],[109.2967,-7.4676],[109.2967,-7.4673],[109.2966,-7.4674],[109.2964,-7.4674],[109.2963,-7.4673],[109.2961,-7.4673],[109.296,-7.4674],[109.2956,-7.4674],[109.2956,-7.467],[109.2954,-7.467],[109.2952,-7.4669],[109.2951,-7.4669],[109.295,-7.467],[109.295,-7.4669],[109.2947,-7.4669],[109.2946,-7.4668],[109.2946,-7.4667],[109.2942,-7.4667],[109.2941,-7.4668],[109.2941,-7.4667],[109.294,-7.4666],[109.2939,-7.4666],[109.2939,-7.4667],[109.2936,-7.4667],[109.2935,-7.4668],[109.2934,-7.4668],[109.2933,-7.4667],[109.293,-7.4667],[109.293,-7.4666],[109.2929,-7.4665],[109.2928,-7.4666],[109.2927,-7.4666],[109.2926,-7.4665],[109.2926,-7.4658],[109.2921,-7.4658],[109.2918,-7.4657],[109.2906,-7.4658],[109.2905,-7.4657],[109.2903,-7.4657],[109.29,-7.4656],[109.2899,-7.4656],[109.2891,-7.4657],[109.2885,-7.4657],[109.2885,-7.4659],[109.2881,-7.4659],[109.288,-7.4658],[109.2878,-7.4658],[109.2873,-7.4657],[109.2869,-7.4657],[109.2868,-7.4656],[109.2867,-7.4656],[109.2868,-7.4656],[109.2867,-7.4655],[109.2866,-7.4655],[109.2864,-7.4654],[109.2852,-7.4654],[109.2846,-7.4653],[109.2839,-7.4651],[109.2839,-7.4653],[109.2837,-7.4658],[109.2829,-7.4656],[109.2823,-7.4655],[109.2818,-7.4655],[109.2812,-7.4654],[109.2812,-7.4657],[109.281,-7.4666],[109.2793,-7.4665],[109.2794,-7.4667],[109.2794,-7.4671],[109.2796,-7.4671],[109.2797,-7.467],[109.2798,-7.467],[109.2798,-7.4673],[109.2795,-7.4673],[109.2795,-7.4675],[109.2794,-7.4675],[109.2792,-7.4677],[109.2793,-7.4678],[109.2794,-7.4678],[109.2795,-7.4679],[109.2795,-7.468],[109.2796,-7.468],[109.2796,-7.4682],[109.2797,-7.4683],[109.2797,-7.4684],[109.2798,-7.4684],[109.2798,-7.4685],[109.2797,-7.4685],[109.2797,-7.4687],[109.2798,-7.4687],[109.2799,-7.4688],[109.2799,-7.4691],[109.2798,-7.4691],[109.2797,-7.469],[109.2794,-7.469],[109.2794,-7.4691],[109.2796,-7.4692],[109.2796,-7.4695],[109.2788,-7.4694],[109.2783,-7.4693],[109.2782,-7.4692],[109.2782,-7.4691],[109.2774,-7.4691],[109.2775,-7.469],[109.2774,-7.469],[109.2774,-7.4689],[109.2767,-7.4689],[109.2767,-7.469],[109.2766,-7.469],[109.2766,-7.4689],[109.2765,-7.4689],[109.2763,-7.4692],[109.2761,-7.4694],[109.2759,-7.4697],[109.2759,-7.4698],[109.2758,-7.4699],[109.2756,-7.4703],[109.2754,-7.4707],[109.2752,-7.4712],[109.2752,-7.4714],[109.2751,-7.4715],[109.2751,-7.4717],[109.275,-7.4718],[109.275,-7.472],[109.2748,-7.4722],[109.2747,-7.4722],[109.2747,-7.4725],[109.2746,-7.4726],[109.2749,-7.4726],[109.2749,-7.4727],[109.275,-7.4727],[109.2749,-7.4731],[109.275,-7.4731],[109.2751,-7.4732],[109.2751,-7.4733],[109.2752,-7.4734],[109.2757,-7.4735],[109.2757,-7.4739],[109.2754,-7.4739],[109.2753,-7.474],[109.2745,-7.474],[109.2743,-7.4739],[109.2741,-7.4739],[109.2741,-7.4736],[109.2742,-7.4735],[109.2741,-7.4734],[109.274,-7.4734],[109.2736,-7.473],[109.2735,-7.473],[109.2735,-7.4727],[109.2736,-7.4726],[109.2733,-7.4723],[109.2731,-7.4723],[109.2729,-7.4722],[109.2727,-7.4722],[109.2723,-7.4721],[109.2718,-7.4722],[109.2717,-7.4723],[109.2718,-7.4726],[109.2714,-7.4726],[109.2714,-7.4725],[109.2712,-7.4725],[109.2709,-7.4723],[109.2704,-7.4722],[109.2702,-7.4722],[109.2701,-7.4721],[109.27,-7.4721],[109.2698,-7.4722],[109.2696,-7.4722],[109.2694,-7.4723],[109.2687,-7.4724],[109.2687,-7.4725],[109.2683,-7.4725],[109.2682,-7.4726],[109.2682,-7.4727],[109.2683,-7.4728],[109.2683,-7.4733],[109.2685,-7.4735],[109.2685,-7.4738],[109.2684,-7.4739],[109.2684,-7.474],[109.2683,-7.4741],[109.2683,-7.4744],[109.2682,-7.4746],[109.2683,-7.4747],[109.2683,-7.4748],[109.2684,-7.4748],[109.268,-7.4751],[109.2678,-7.4751],[109.2676,-7.4755],[109.2676,-7.4758],[109.2675,-7.4765],[109.2672,-7.4781],[109.2672,-7.4784],[109.2675,-7.4789],[109.2675,-7.4791],[109.2672,-7.4791],[109.267,-7.4796],[109.2671,-7.4796],[109.2672,-7.4797],[109.2672,-7.4799],[109.2673,-7.48],[109.2672,-7.4801],[109.2671,-7.4804],[109.2667,-7.4812],[109.2666,-7.4813],[109.2665,-7.4813],[109.2664,-7.4814],[109.2659,-7.4824],[109.2652,-7.482],[109.2653,-7.4819],[109.2652,-7.4818],[109.265,-7.4818],[109.2642,-7.4816],[109.2637,-7.4811],[109.2636,-7.4811],[109.2632,-7.4807],[109.2627,-7.4806],[109.2627,-7.4805],[109.2628,-7.4803],[109.2627,-7.4801],[109.2624,-7.4798],[109.2614,-7.4796],[109.2614,-7.4797],[109.2613,-7.4797],[109.2613,-7.4798],[109.2609,-7.4798],[109.2603,-7.4795],[109.2595,-7.4787],[109.2593,-7.4786],[109.2591,-7.4786],[109.2587,-7.4787],[109.2583,-7.4785],[109.2583,-7.478],[109.2581,-7.4779],[109.2579,-7.4777],[109.2574,-7.4775],[109.2574,-7.4774],[109.2573,-7.4772],[109.2573,-7.4771],[109.257,-7.4769],[109.2563,-7.4769],[109.256,-7.4768],[109.2558,-7.4768],[109.2556,-7.4766],[109.2553,-7.4765],[109.2549,-7.4763],[109.2548,-7.4762],[109.2546,-7.4761],[109.2541,-7.4761],[109.2538,-7.476],[109.2535,-7.476],[109.2533,-7.4762],[109.2532,-7.4761],[109.2531,-7.4761],[109.253,-7.476],[109.2526,-7.476],[109.2518,-7.4754],[109.2518,-7.4753],[109.2517,-7.4752],[109.2523,-7.4717],[109.2529,-7.4695],[109.2528,-7.4689],[109.2526,-7.4683],[109.2526,-7.4674],[109.2524,-7.4672],[109.2524,-7.4665],[109.2523,-7.4662],[109.2519,-7.4643],[109.2516,-7.4625],[109.2515,-7.4621],[109.2514,-7.4614],[109.2514,-7.4607],[109.2515,-7.4601],[109.2515,-7.4599],[109.2514,-7.4597],[109.2514,-7.4596],[109.2507,-7.4592],[109.2484,-7.4586],[109.248,-7.4586],[109.2474,-7.4585],[109.2474,-7.4579],[109.2476,-7.4574],[109.2479,-7.4575],[109.248,-7.4572],[109.2481,-7.4571],[109.2482,-7.4571],[109.2483,-7.457],[109.2483,-7.4565],[109.2484,-7.4565],[109.2484,-7.4564],[109.2488,-7.4564],[109.2488,-7.4561],[109.2485,-7.4561],[109.2485,-7.4557],[109.249,-7.4556],[109.249,-7.4555],[109.25,-7.4554],[109.25,-7.4553],[109.2502,-7.4553],[109.2503,-7.4554],[109.2504,-7.4554],[109.2505,-7.4555],[109.2506,-7.4555],[109.2508,-7.4553],[109.2508,-7.4552],[109.2512,-7.4552],[109.2516,-7.455],[109.2518,-7.455],[109.252,-7.4549],[109.2522,-7.4549],[109.2525,-7.455],[109.2529,-7.4552],[109.253,-7.4552],[109.2531,-7.4553],[109.2531,-7.4554],[109.2532,-7.4556],[109.2542,-7.4558],[109.2549,-7.4558],[109.2549,-7.4555],[109.255,-7.4554],[109.255,-7.4549],[109.2551,-7.4548],[109.2553,-7.4548],[109.2553,-7.4547],[109.2554,-7.4546],[109.2554,-7.4545],[109.2553,-7.4544],[109.2552,-7.4544],[109.2553,-7.4542],[109.2554,-7.4542],[109.2555,-7.4541],[109.2557,-7.454],[109.2558,-7.454],[109.2559,-7.4539],[109.2562,-7.4541],[109.256,-7.4545],[109.2564,-7.4547],[109.2566,-7.4545],[109.2565,-7.4545],[109.2566,-7.4544],[109.2566,-7.4543],[109.257,-7.4543],[109.257,-7.4542],[109.2571,-7.4541],[109.2572,-7.4541],[109.2572,-7.4538],[109.2569,-7.4538],[109.2569,-7.4537],[109.257,-7.4536],[109.257,-7.4535],[109.2571,-7.4535],[109.2571,-7.4534],[109.2573,-7.4534],[109.2574,-7.4533],[109.2575,-7.4533],[109.2575,-7.453],[109.2572,-7.4529],[109.2572,-7.4528],[109.2576,-7.4524],[109.2576,-7.4523],[109.2577,-7.4522],[109.2577,-7.452],[109.2576,-7.452],[109.2577,-7.4515],[109.2578,-7.4515],[109.2578,-7.4514],[109.258,-7.4514],[109.2581,-7.4513],[109.2582,-7.4513],[109.2581,-7.4506],[109.258,-7.4495],[109.2579,-7.4478],[109.2591,-7.4478],[109.2595,-7.4477],[109.2594,-7.4475],[109.2594,-7.4472],[109.2593,-7.4469],[109.2592,-7.4468],[109.2591,-7.4468],[109.2588,-7.4465],[109.2587,-7.4465],[109.2587,-7.4464],[109.2584,-7.4461],[109.2584,-7.446],[109.2581,-7.4457],[109.258,-7.4457],[109.2577,-7.4454],[109.2576,-7.4452],[109.2575,-7.4451],[109.2578,-7.4445],[109.2579,-7.4445],[109.2579,-7.4447],[109.2577,-7.4449],[109.2578,-7.445],[109.2578,-7.4451],[109.2579,-7.4452],[109.2579,-7.4453],[109.258,-7.4453],[109.2579,-7.4456],[109.258,-7.4456],[109.258,-7.4457],[109.2581,-7.4457],[109.2583,-7.4459],[109.2583,-7.446],[109.2584,-7.446],[109.2585,-7.4461],[109.2585,-7.4462],[109.2587,-7.4461],[109.2591,-7.4461],[109.2594,-7.446],[109.2595,-7.4461],[109.2597,-7.4461],[109.2598,-7.4462],[109.2599,-7.4462],[109.2601,-7.4461],[109.2602,-7.4461],[109.2604,-7.4463],[109.2605,-7.4465],[109.2607,-7.4466],[109.2608,-7.4466],[109.2609,-7.4467],[109.2611,-7.4467],[109.2611,-7.4468],[109.261,-7.4469],[109.2611,-7.447],[109.2612,-7.447],[109.2612,-7.4471],[109.2614,-7.4471],[109.2619,-7.4466],[109.2621,-7.4465],[109.2622,-7.4465],[109.2622,-7.4464],[109.2623,-7.4464],[109.2624,-7.4461],[109.2624,-7.4456],[109.2623,-7.4455],[109.2622,-7.4452],[109.2621,-7.445],[109.262,-7.4449],[109.2618,-7.4448],[109.2617,-7.4448],[109.2614,-7.4447],[109.261,-7.4447],[109.261,-7.4445],[109.2609,-7.4444],[109.2623,-7.4441],[109.2622,-7.4438],[109.2624,-7.4437],[109.2623,-7.4433],[109.2623,-7.4428],[109.2632,-7.4428],[109.2632,-7.4431],[109.2633,-7.4432],[109.2633,-7.4437],[109.2634,-7.4438],[109.2638,-7.4438],[109.2639,-7.4439],[109.264,-7.4439],[109.264,-7.444],[109.2636,-7.444],[109.2636,-7.4442],[109.2639,-7.4444],[109.264,-7.4444],[109.264,-7.4443],[109.2641,-7.4442],[109.2642,-7.4443],[109.2645,-7.4443],[109.2646,-7.4444],[109.2646,-7.4446],[109.2647,-7.4446],[109.2647,-7.4447],[109.2649,-7.4449],[109.2651,-7.4446],[109.266,-7.4446],[109.266,-7.4448],[109.2671,-7.4447],[109.2682,-7.4447],[109.2693,-7.4448],[109.2694,-7.4437],[109.2694,-7.443],[109.2704,-7.443],[109.2705,-7.4424],[109.2717,-7.4424],[109.2716,-7.4424],[109.2712,-7.4419],[109.271,-7.4418],[109.2709,-7.4416],[109.2703,-7.4411],[109.2698,-7.4406],[109.2698,-7.4405],[109.2696,-7.4404],[109.2695,-7.4394],[109.2694,-7.4393],[109.2688,-7.4393],[109.2687,-7.4392],[109.2686,-7.4392],[109.2686,-7.439],[109.2685,-7.4387],[109.2683,-7.4384],[109.2681,-7.4382],[109.2686,-7.4369],[109.2687,-7.4368],[109.2689,-7.4362],[109.2688,-7.4356],[109.2693,-7.4355],[109.2694,-7.4353],[109.2695,-7.4349],[109.2702,-7.4348],[109.2705,-7.4348],[109.2715,-7.4346],[109.2719,-7.4344],[109.272,-7.4343],[109.2729,-7.4339],[109.2739,-7.4337],[109.2739,-7.4334],[109.2745,-7.4334],[109.2746,-7.4338],[109.2746,-7.434],[109.2747,-7.4342],[109.2747,-7.4347],[109.2746,-7.4349],[109.2746,-7.4352],[109.2747,-7.4354],[109.2747,-7.4355],[109.2748,-7.4355],[109.2749,-7.4356],[109.2759,-7.4356],[109.2766,-7.4355],[109.2768,-7.4356],[109.2769,-7.4356],[109.277,-7.4357],[109.277,-7.4364],[109.2769,-7.4366],[109.2769,-7.4376],[109.277,-7.4378],[109.277,-7.438],[109.2774,-7.438],[109.2775,-7.4379],[109.2775,-7.4378],[109.2777,-7.4376],[109.2779,-7.4376],[109.2786,-7.4378],[109.2787,-7.4379],[109.2787,-7.4387],[109.2786,-7.4389],[109.2786,-7.4393],[109.2789,-7.4396],[109.2791,-7.4396],[109.2793,-7.4395],[109.2795,-7.4395],[109.2796,-7.4394],[109.2798,-7.4394],[109.28,-7.4395],[109.2802,-7.4395],[109.281,-7.4392],[109.2811,-7.4393],[109.2822,-7.4391],[109.2822,-7.4392],[109.2829,-7.4391],[109.2833,-7.4391],[109.2833,-7.4392],[109.2838,-7.4391],[109.2836,-7.4391],[109.2836,-7.4392],[109.2835,-7.4394],[109.2836,-7.4397],[109.2837,-7.4402],[109.2838,-7.4403],[109.284,-7.4403],[109.284,-7.4405],[109.2843,-7.4405],[109.2843,-7.4406],[109.2845,-7.4406],[109.2845,-7.4405],[109.2846,-7.4405],[109.2846,-7.4406],[109.2849,-7.4407],[109.2852,-7.441],[109.2853,-7.441],[109.2853,-7.4411],[109.2854,-7.4412],[109.2855,-7.4412],[109.2857,-7.4413],[109.2858,-7.4414],[109.2861,-7.4416],[109.2861,-7.4417],[109.2867,-7.4417],[109.2868,-7.4422],[109.2884,-7.4422],[109.2885,-7.4424],[109.2887,-7.4426],[109.2887,-7.4427],[109.2888,-7.4429],[109.2891,-7.4439],[109.2896,-7.4439],[109.2898,-7.4446],[109.2902,-7.4446],[109.2902,-7.4447],[109.2928,-7.4445],[109.2914,-7.4415],[109.293,-7.4412],[109.293,-7.4407],[109.2934,-7.4407],[109.2936,-7.4406],[109.2936,-7.4407],[109.2938,-7.4407],[109.294,-7.4408],[109.2941,-7.4408],[109.2943,-7.441],[109.2946,-7.441],[109.2946,-7.4409],[109.2947,-7.4409],[109.2947,-7.4408],[109.2948,-7.4408],[109.2949,-7.4409],[109.2951,-7.4409],[109.2951,-7.441],[109.2956,-7.4397],[109.2956,-7.4391],[109.2957,-7.439],[109.2957,-7.4387],[109.2958,-7.4387],[109.2958,-7.4386],[109.2959,-7.4386],[109.2959,-7.4379],[109.2958,-7.4378],[109.2959,-7.4376],[109.2959,-7.4374],[109.296,-7.4373],[109.296,-7.437],[109.2959,-7.4369],[109.2954,-7.4369],[109.2954,-7.4366],[109.2955,-7.4365],[109.2956,-7.4365],[109.2957,-7.4364],[109.2957,-7.4361],[109.2956,-7.4361],[109.2956,-7.436],[109.2955,-7.436],[109.2954,-7.4361],[109.2952,-7.4361],[109.2952,-7.4358],[109.2954,-7.4354],[109.2954,-7.4353],[109.2955,-7.4352],[109.2955,-7.435],[109.2956,-7.435],[109.2956,-7.4349],[109.296,-7.4346],[109.2961,-7.4346],[109.2961,-7.4344],[109.2962,-7.4344],[109.2963,-7.4343],[109.2965,-7.4339],[109.2965,-7.4338],[109.2971,-7.4338],[109.2998,-7.4332],[109.3009,-7.433],[109.3012,-7.4329],[109.3015,-7.4329],[109.3021,-7.4328],[109.3023,-7.4328],[109.3022,-7.4323],[109.3021,-7.4322],[109.3021,-7.4321],[109.3019,-7.432],[109.3016,-7.4316],[109.3015,-7.4314],[109.3014,-7.4313],[109.3012,-7.4313],[109.3009,-7.4308],[109.3006,-7.4305],[109.3006,-7.4304],[109.3005,-7.4302],[109.3005,-7.4298],[109.3006,-7.4294],[109.3006,-7.4282],[109.3007,-7.4279],[109.3006,-7.4279],[109.3006,-7.4273],[109.3007,-7.4272],[109.3006,-7.427],[109.3009,-7.427],[109.3014,-7.4268],[109.3015,-7.4267],[109.302,-7.4267],[109.3022,-7.4265],[109.3033,-7.4262],[109.3041,-7.4259],[109.3061,-7.4255],[109.3076,-7.4253],[109.3084,-7.4253],[109.3092,-7.4252],[109.3102,-7.4252],[109.3109,-7.4254],[109.3114,-7.4255],[109.3117,-7.4255],[109.3122,-7.4256],[109.3131,-7.4256],[109.3133,-7.4252],[109.3137,-7.4252],[109.3138,-7.4253],[109.3138,-7.4254],[109.314,-7.4254],[109.3142,-7.4255],[109.3143,-7.4254],[109.317,-7.4242],[109.3171,-7.4241],[109.3177,-7.4237],[109.3185,-7.4231],[109.319,-7.4229],[109.3193,-7.4229],[109.3194,-7.4228],[109.3195,-7.4226],[109.3197,-7.4224],[109.3198,-7.4225],[109.32,-7.4225],[109.32,-7.4226],[109.3203,-7.4226],[109.3203,-7.4223],[109.3204,-7.4222],[109.3204,-7.422],[109.3205,-7.4219],[109.3206,-7.4219],[109.3207,-7.4218],[109.3209,-7.4218],[109.3211,-7.422],[109.3212,-7.422],[109.3212,-7.4214],[109.3213,-7.4213],[109.3213,-7.4214],[109.3214,-7.4215],[109.3214,-7.4216],[109.3215,-7.4216],[109.3216,-7.4217],[109.3218,-7.4217],[109.3218,-7.422],[109.3219,-7.4221],[109.3225,-7.4224],[109.3227,-7.4226],[109.3231,-7.4227],[109.3233,-7.4229],[109.3236,-7.4234],[109.3236,-7.4235],[109.3237,-7.4238],[109.3238,-7.4239],[109.3239,-7.4242],[109.3242,-7.4248],[109.3244,-7.425],[109.3245,-7.4253],[109.3245,-7.4254],[109.3247,-7.4259],[109.3247,-7.4264],[109.3248,-7.4265],[109.325,-7.4266],[109.3252,-7.4268],[109.3259,-7.427],[109.3263,-7.427],[109.3273,-7.4272],[109.3289,-7.4272],[109.329,-7.4273],[109.3292,-7.4273],[109.3293,-7.4274],[109.3296,-7.4275],[109.3297,-7.4275],[109.3303,-7.4279],[109.3304,-7.4279],[109.3304,-7.428],[109.3305,-7.428],[109.3305,-7.4283],[109.3306,-7.4284],[109.3306,-7.4285],[109.3308,-7.4287],[109.3311,-7.4287],[109.3311,-7.4284],[109.3312,-7.4284],[109.3312,-7.4282],[109.3313,-7.4281],[109.3317,-7.4285],[109.3317,-7.4286],[109.3318,-7.4287],[109.3321,-7.4292],[109.3323,-7.4294],[109.3329,-7.4294],[109.3331,-7.4295],[109.3331,-7.4301],[109.3335,-7.4301],[109.3335,-7.4302],[109.3332,-7.431],[109.3332,-7.4314],[109.3336,-7.4318],[109.3336,-7.4324],[109.3335,-7.4327],[109.3335,-7.4331],[109.3333,-7.4334],[109.3333,-7.4337],[109.3334,-7.4337],[109.3334,-7.4338],[109.3333,-7.4339],[109.3334,-7.434],[109.3332,-7.4342],[109.3337,-7.4343],[109.3342,-7.4345],[109.3344,-7.4347],[109.3345,-7.4347],[109.3352,-7.4353],[109.3352,-7.4355],[109.335,-7.4357],[109.335,-7.4359],[109.3349,-7.436],[109.3349,-7.4373],[109.335,-7.4374],[109.3352,-7.4375],[109.3352,-7.4376],[109.3346,-7.4378],[109.3345,-7.4379],[109.3343,-7.4379],[109.3343,-7.4376],[109.3342,-7.4374],[109.3341,-7.4375],[109.3337,-7.4376],[109.3323,-7.4376],[109.3321,-7.4375],[109.3319,-7.4375],[109.3319,-7.4394],[109.3313,-7.4396],[109.3312,-7.4406],[109.3312,-7.4416],[109.3313,-7.4421],[109.3313,-7.4431],[109.3314,-7.4432],[109.3314,-7.4433],[109.332,-7.4439],[109.3321,-7.4441],[109.3324,-7.4444],[109.3326,-7.4445],[109.3327,-7.4445],[109.3327,-7.4446],[109.3329,-7.4449],[109.333,-7.4453],[109.3331,-7.4455],[109.3333,-7.4457],[109.3331,-7.446],[109.3332,-7.4461],[109.3332,-7.4462],[109.3333,-7.4463],[109.3333,-7.4467],[109.3332,-7.4468],[109.3333,-7.447],[109.3333,-7.4471],[109.3332,-7.4473],[109.3331,-7.4474],[109.3331,-7.4476],[109.3335,-7.4478]]]]}},{"type":"Feature","id":"ADMINISTRASI_AR_KECAMATAN_10K_2023.23","properties":{"id":"33.02.09","name":"Somagede","fcode":"BA03070040","luasWilayahHa":4370.30524048287,"kdpkab":"33.02","wadmkc":"Somagede","metadata":"TASWIL1000020230928_DATA_BATAS_DESAKELURAHAN","sumber":"Geoportal Palapa Kabupaten Banyumas (WFS 10K 2023)"},"geometry":{"type":"MultiPolygon","coordinates":[[[[109.3435,-7.5499],[109.3427,-7.5498],[109.3419,-7.5499],[109.3397,-7.5505],[109.3366,-7.5516],[109.3355,-7.5519],[109.3339,-7.5526],[109.3323,-7.5532],[109.3313,-7.5535],[109.3303,-7.554],[109.3291,-7.5544],[109.3279,-7.555],[109.327,-7.5553],[109.3263,-7.5555],[109.3244,-7.5559],[109.3233,-7.5562],[109.3219,-7.5565],[109.3207,-7.5568],[109.3195,-7.5569],[109.3179,-7.5573],[109.3175,-7.5573],[109.3169,-7.5574],[109.3158,-7.5573],[109.3156,-7.5572],[109.3152,-7.5572],[109.3145,-7.5569],[109.3132,-7.5558],[109.3129,-7.5555],[109.3123,-7.5551],[109.3115,-7.5549],[109.3105,-7.5548],[109.3085,-7.5548],[109.3079,-7.5533],[109.3066,-7.5518],[109.3059,-7.5506],[109.3057,-7.5498],[109.3047,-7.5477],[109.3043,-7.5459],[109.3061,-7.5431],[109.3069,-7.5417],[109.3075,-7.5404],[109.3081,-7.5389],[109.3085,-7.5377],[109.3092,-7.5371],[109.3099,-7.5363],[109.3102,-7.5357],[109.3102,-7.5347],[109.31,-7.5335],[109.3098,-7.5319],[109.3098,-7.5301],[109.3099,-7.5292],[109.3099,-7.5287],[109.3097,-7.5282],[109.3097,-7.5279],[109.3088,-7.5271],[109.3083,-7.527],[109.308,-7.5269],[109.3078,-7.5267],[109.3076,-7.5266],[109.3061,-7.5251],[109.3049,-7.5232],[109.3047,-7.5227],[109.3044,-7.5221],[109.3043,-7.5218],[109.3039,-7.521],[109.3035,-7.5197],[109.3032,-7.5185],[109.3031,-7.5176],[109.303,-7.5173],[109.3033,-7.5173],[109.3039,-7.517],[109.3059,-7.5156],[109.3077,-7.5142],[109.3095,-7.5132],[109.3112,-7.5126],[109.3128,-7.5124],[109.3171,-7.5126],[109.3184,-7.5129],[109.3189,-7.5133],[109.3194,-7.5138],[109.3196,-7.5145],[109.3196,-7.5155],[109.3193,-7.5165],[109.3193,-7.5167],[109.3186,-7.5182],[109.317,-7.5204],[109.316,-7.5216],[109.3154,-7.522],[109.3138,-7.5223],[109.3132,-7.5228],[109.3131,-7.5234],[109.3131,-7.5242],[109.3134,-7.5247],[109.3139,-7.5251],[109.3141,-7.5251],[109.3142,-7.5252],[109.3143,-7.5252],[109.3147,-7.5254],[109.316,-7.5249],[109.3169,-7.524],[109.3174,-7.5234],[109.3176,-7.5229],[109.3181,-7.5222],[109.3188,-7.5217],[109.3202,-7.5213],[109.3218,-7.5206],[109.3233,-7.5199],[109.3243,-7.5191],[109.3263,-7.5181],[109.327,-7.5175],[109.3283,-7.5168],[109.3296,-7.516],[109.331,-7.5153],[109.3311,-7.5152],[109.3322,-7.5145],[109.3339,-7.5139],[109.3355,-7.5132],[109.3367,-7.5126],[109.3387,-7.512],[109.3408,-7.512],[109.3415,-7.5119],[109.342,-7.5115],[109.3425,-7.5103],[109.3423,-7.5097],[109.3421,-7.5095],[109.3419,-7.5091],[109.3408,-7.5084],[109.3393,-7.508],[109.338,-7.5077],[109.3365,-7.5075],[109.3358,-7.5072],[109.335,-7.5067],[109.3345,-7.5062],[109.3342,-7.5056],[109.3337,-7.5033],[109.3335,-7.5019],[109.3335,-7.4993],[109.334,-7.4981],[109.3343,-7.4978],[109.3344,-7.4976],[109.3369,-7.4943],[109.3372,-7.4934],[109.3372,-7.4933],[109.3372,-7.4934],[109.3374,-7.4935],[109.3379,-7.4933],[109.3381,-7.4928],[109.3381,-7.4927],[109.3382,-7.4926],[109.3383,-7.4916],[109.3382,-7.4905],[109.3379,-7.489],[109.3379,-7.4885],[109.3381,-7.4874],[109.3381,-7.4872],[109.3383,-7.487],[109.3383,-7.4869],[109.3386,-7.4865],[109.3391,-7.4861],[109.3393,-7.4858],[109.3409,-7.4853],[109.3416,-7.485],[109.3419,-7.4848],[109.342,-7.4846],[109.3422,-7.4844],[109.3423,-7.4841],[109.3423,-7.4835],[109.3422,-7.4831],[109.3421,-7.4828],[109.3418,-7.4824],[109.3415,-7.4821],[109.3414,-7.4818],[109.3412,-7.4815],[109.3413,-7.4811],[109.3413,-7.4809],[109.3414,-7.4808],[109.3416,-7.4804],[109.3422,-7.4799],[109.3425,-7.4798],[109.3434,-7.4793],[109.3437,-7.479],[109.3444,-7.4786],[109.3445,-7.4786],[109.3448,-7.4784],[109.3452,-7.4782],[109.3457,-7.4781],[109.3462,-7.4783],[109.3462,-7.4785],[109.3464,-7.4788],[109.3463,-7.4791],[109.3462,-7.4797],[109.3458,-7.4808],[109.3456,-7.4817],[109.3461,-7.4833],[109.3465,-7.484],[109.3469,-7.4842],[109.3475,-7.4841],[109.3484,-7.4834],[109.349,-7.4826],[109.3494,-7.4822],[109.3497,-7.482],[109.3504,-7.4814],[109.3508,-7.4811],[109.3512,-7.4811],[109.3515,-7.4813],[109.3518,-7.4816],[109.3522,-7.4827],[109.3522,-7.4831],[109.3526,-7.4848],[109.353,-7.4853],[109.3536,-7.4855],[109.3542,-7.4854],[109.3546,-7.4848],[109.3547,-7.4829],[109.3549,-7.4827],[109.3549,-7.4821],[109.355,-7.4819],[109.355,-7.4816],[109.3551,-7.4814],[109.3554,-7.4811],[109.3559,-7.481],[109.3566,-7.481],[109.3565,-7.4812],[109.3564,-7.4825],[109.3563,-7.483],[109.3565,-7.4832],[109.3568,-7.4834],[109.3576,-7.4842],[109.3582,-7.4852],[109.3583,-7.4855],[109.3587,-7.4857],[109.3594,-7.4857],[109.3606,-7.4853],[109.3616,-7.4853],[109.3617,-7.4854],[109.3615,-7.4861],[109.3616,-7.4871],[109.3617,-7.4875],[109.3619,-7.4878],[109.3619,-7.4883],[109.3618,-7.4887],[109.3625,-7.4885],[109.363,-7.4885],[109.3633,-7.4886],[109.3634,-7.4888],[109.3633,-7.4892],[109.3632,-7.4894],[109.3637,-7.4898],[109.364,-7.4901],[109.3636,-7.4908],[109.3637,-7.4909],[109.3641,-7.4917],[109.3642,-7.4922],[109.3642,-7.4928],[109.364,-7.4934],[109.3637,-7.4938],[109.3632,-7.4943],[109.3631,-7.4948],[109.3634,-7.4948],[109.3644,-7.4947],[109.3648,-7.4948],[109.3649,-7.4951],[109.3648,-7.4955],[109.3646,-7.4958],[109.3648,-7.496],[109.3655,-7.4964],[109.3658,-7.4967],[109.366,-7.4971],[109.366,-7.4975],[109.3658,-7.4978],[109.3653,-7.4978],[109.3653,-7.4981],[109.3654,-7.4989],[109.3654,-7.4993],[109.3651,-7.4994],[109.3636,-7.4995],[109.363,-7.4996],[109.3626,-7.5001],[109.363,-7.5003],[109.3633,-7.5007],[109.3636,-7.5009],[109.3643,-7.5009],[109.3646,-7.5011],[109.365,-7.5017],[109.365,-7.5019],[109.3648,-7.5022],[109.3648,-7.5028],[109.365,-7.5033],[109.3653,-7.5035],[109.3654,-7.5035],[109.3647,-7.5038],[109.3646,-7.504],[109.3645,-7.5041],[109.3646,-7.5042],[109.3648,-7.5046],[109.3649,-7.5046],[109.3649,-7.5048],[109.3648,-7.5049],[109.364,-7.506],[109.364,-7.5064],[109.3643,-7.507],[109.3643,-7.5071],[109.3649,-7.5077],[109.3649,-7.5081],[109.3642,-7.5105],[109.3637,-7.5104],[109.3635,-7.5105],[109.3634,-7.511],[109.3631,-7.5121],[109.3628,-7.5126],[109.3626,-7.5128],[109.3623,-7.5132],[109.362,-7.5135],[109.362,-7.5137],[109.3623,-7.5152],[109.364,-7.5172],[109.3643,-7.5175],[109.3645,-7.5176],[109.365,-7.5176],[109.3655,-7.5177],[109.366,-7.5177],[109.3664,-7.5178],[109.3667,-7.5177],[109.367,-7.5174],[109.3673,-7.5169],[109.3676,-7.5166],[109.3678,-7.5163],[109.3681,-7.5163],[109.3682,-7.5164],[109.3684,-7.5167],[109.3684,-7.5169],[109.3687,-7.517],[109.3695,-7.517],[109.3696,-7.5171],[109.3698,-7.5176],[109.3702,-7.5179],[109.3706,-7.5183],[109.3708,-7.5187],[109.3711,-7.519],[109.3713,-7.5193],[109.3714,-7.5196],[109.3719,-7.5201],[109.3721,-7.5206],[109.3723,-7.5208],[109.3728,-7.521],[109.3731,-7.5214],[109.3735,-7.5217],[109.3746,-7.5223],[109.3756,-7.5223],[109.3759,-7.5224],[109.3763,-7.523],[109.3765,-7.5232],[109.3767,-7.5231],[109.377,-7.5231],[109.3773,-7.5229],[109.3774,-7.5228],[109.3776,-7.5229],[109.378,-7.5233],[109.3782,-7.5234],[109.3787,-7.5233],[109.3801,-7.5231],[109.3805,-7.523],[109.3808,-7.523],[109.381,-7.5229],[109.3817,-7.5222],[109.382,-7.5222],[109.3824,-7.5223],[109.3825,-7.5224],[109.3827,-7.5231],[109.3829,-7.5237],[109.383,-7.5239],[109.3833,-7.5239],[109.3838,-7.5242],[109.3841,-7.5246],[109.3845,-7.5246],[109.3852,-7.524],[109.3855,-7.5245],[109.3859,-7.5249],[109.3863,-7.5261],[109.3867,-7.5265],[109.3872,-7.5281],[109.3871,-7.5292],[109.3875,-7.5303],[109.3881,-7.5306],[109.3893,-7.531],[109.3897,-7.5313],[109.3903,-7.532],[109.391,-7.5324],[109.3909,-7.5326],[109.3914,-7.5327],[109.3922,-7.5332],[109.3932,-7.534],[109.3937,-7.5346],[109.3941,-7.5349],[109.3942,-7.5352],[109.3945,-7.5358],[109.3948,-7.536],[109.3953,-7.5364],[109.3957,-7.5369],[109.3954,-7.5372],[109.3954,-7.5373],[109.3953,-7.5374],[109.3953,-7.5377],[109.3955,-7.5382],[109.3952,-7.5383],[109.3951,-7.5384],[109.3951,-7.5385],[109.3942,-7.5385],[109.3935,-7.5384],[109.3926,-7.5384],[109.3922,-7.5386],[109.392,-7.5386],[109.3914,-7.5388],[109.3912,-7.5389],[109.391,-7.5388],[109.3903,-7.5388],[109.3901,-7.5387],[109.3894,-7.5385],[109.3882,-7.5381],[109.3879,-7.5379],[109.3876,-7.5378],[109.3873,-7.5379],[109.387,-7.5382],[109.3867,-7.5383],[109.3862,-7.5383],[109.3858,-7.5382],[109.3852,-7.5382],[109.3842,-7.5381],[109.3839,-7.5382],[109.3837,-7.5384],[109.3831,-7.5388],[109.3827,-7.539],[109.3818,-7.539],[109.3817,-7.5389],[109.3814,-7.5388],[109.381,-7.5388],[109.3802,-7.5391],[109.3794,-7.5397],[109.3792,-7.5399],[109.3788,-7.5409],[109.3788,-7.5419],[109.3787,-7.542],[109.3773,-7.5424],[109.3769,-7.5426],[109.3767,-7.5429],[109.3766,-7.5429],[109.3755,-7.5433],[109.3751,-7.5436],[109.375,-7.5436],[109.3737,-7.5442],[109.3734,-7.5443],[109.3727,-7.5443],[109.3723,-7.5444],[109.3715,-7.545],[109.3712,-7.545],[109.3709,-7.5449],[109.3708,-7.5448],[109.3706,-7.5448],[109.3696,-7.5451],[109.3695,-7.5451],[109.3694,-7.5452],[109.369,-7.546],[109.3689,-7.5465],[109.3688,-7.5467],[109.3688,-7.547],[109.3687,-7.5472],[109.3687,-7.5473],[109.3685,-7.5475],[109.3686,-7.5477],[109.3686,-7.5478],[109.3678,-7.5502],[109.3676,-7.551],[109.3672,-7.5517],[109.3666,-7.5525],[109.3652,-7.5537],[109.3646,-7.5543],[109.3639,-7.5547],[109.3631,-7.555],[109.3621,-7.5553],[109.3606,-7.5553],[109.3596,-7.5551],[109.3593,-7.5551],[109.3591,-7.5544],[109.3588,-7.5537],[109.358,-7.5527],[109.358,-7.5526],[109.3578,-7.5519],[109.3569,-7.551],[109.3565,-7.5503],[109.356,-7.5492],[109.3559,-7.5492],[109.3549,-7.5496],[109.3544,-7.5499],[109.354,-7.5502],[109.3534,-7.5501],[109.3521,-7.5501],[109.3513,-7.5498],[109.3504,-7.5501],[109.3501,-7.5504],[109.3495,-7.5506],[109.3489,-7.5503],[109.3474,-7.5506],[109.3469,-7.5506],[109.3464,-7.5502],[109.3452,-7.5504],[109.344,-7.5499],[109.3435,-7.5499]]]]}},{"type":"Feature","id":"ADMINISTRASI_AR_KECAMATAN_10K_2023.24","properties":{"id":"33.02.21","name":"Sumbang","fcode":"BA03070040","luasWilayahHa":5706.16365038707,"kdpkab":"33.02","wadmkc":"Sumbang","metadata":"TASWIL1000020230928_DATA_BATAS_DESAKELURAHAN","sumber":"Geoportal Palapa Kabupaten Banyumas (WFS 10K 2023)"},"geometry":{"type":"MultiPolygon","coordinates":[[[[109.2444,-7.3665],[109.2439,-7.3665],[109.2439,-7.3664],[109.2438,-7.3663],[109.2438,-7.3656],[109.2437,-7.3655],[109.2437,-7.3654],[109.2436,-7.3653],[109.2436,-7.3645],[109.2435,-7.3639],[109.2435,-7.3636],[109.2433,-7.3632],[109.2432,-7.3631],[109.2431,-7.3631],[109.243,-7.363],[109.2428,-7.363],[109.2425,-7.3633],[109.2422,-7.3637],[109.2421,-7.3639],[109.2419,-7.3639],[109.2417,-7.3636],[109.2415,-7.363],[109.2413,-7.3626],[109.2408,-7.3622],[109.2406,-7.362],[109.2406,-7.361],[109.2405,-7.361],[109.2401,-7.3613],[109.2399,-7.3613],[109.2398,-7.3612],[109.2397,-7.361],[109.2396,-7.3609],[109.2399,-7.3604],[109.2403,-7.3601],[109.2404,-7.36],[109.2405,-7.3598],[109.2405,-7.3595],[109.2404,-7.3587],[109.2403,-7.3587],[109.2403,-7.3578],[109.2402,-7.3572],[109.2404,-7.3561],[109.2404,-7.3552],[109.2406,-7.3542],[109.241,-7.3539],[109.2419,-7.3534],[109.2426,-7.3523],[109.2431,-7.3517],[109.2433,-7.3509],[109.2432,-7.3504],[109.2432,-7.35],[109.2433,-7.3493],[109.2433,-7.349],[109.2434,-7.3486],[109.2434,-7.3483],[109.2432,-7.3473],[109.2437,-7.3462],[109.2437,-7.3459],[109.2435,-7.3457],[109.2435,-7.3454],[109.2434,-7.3453],[109.2433,-7.345],[109.2433,-7.3443],[109.2432,-7.3439],[109.2424,-7.3419],[109.2423,-7.3414],[109.2423,-7.3412],[109.2421,-7.3408],[109.2421,-7.3407],[109.242,-7.3405],[109.242,-7.3395],[109.2418,-7.3394],[109.2416,-7.3392],[109.2414,-7.3392],[109.2414,-7.3389],[109.2417,-7.3381],[109.2416,-7.3371],[109.2418,-7.3367],[109.2422,-7.3363],[109.2423,-7.3361],[109.2423,-7.3357],[109.2421,-7.3353],[109.242,-7.3348],[109.242,-7.3345],[109.2426,-7.334],[109.2428,-7.3333],[109.2428,-7.3331],[109.2429,-7.3329],[109.2435,-7.3324],[109.2439,-7.3312],[109.2443,-7.3302],[109.2447,-7.3297],[109.2449,-7.3296],[109.2449,-7.3287],[109.2448,-7.3285],[109.2447,-7.3281],[109.2445,-7.3279],[109.2445,-7.3271],[109.2444,-7.3265],[109.2443,-7.3263],[109.244,-7.3259],[109.2433,-7.3255],[109.2432,-7.3254],[109.2431,-7.3252],[109.2431,-7.3249],[109.243,-7.3247],[109.243,-7.3245],[109.2429,-7.3244],[109.2429,-7.3242],[109.2432,-7.3238],[109.2434,-7.3237],[109.2434,-7.3233],[109.2433,-7.323],[109.2433,-7.3227],[109.2437,-7.3224],[109.2436,-7.3222],[109.2433,-7.322],[109.243,-7.3219],[109.2428,-7.3219],[109.2425,-7.3217],[109.2422,-7.3214],[109.2427,-7.3209],[109.2421,-7.3202],[109.242,-7.3199],[109.242,-7.3198],[109.2421,-7.3196],[109.2423,-7.3194],[109.2429,-7.319],[109.2432,-7.3185],[109.2438,-7.3179],[109.2438,-7.3168],[109.2437,-7.3162],[109.2436,-7.316],[109.2436,-7.3159],[109.2435,-7.3159],[109.2435,-7.3158],[109.2433,-7.3154],[109.2432,-7.3151],[109.2431,-7.315],[109.2431,-7.3142],[109.243,-7.3137],[109.2429,-7.3133],[109.2428,-7.3131],[109.2425,-7.312],[109.2425,-7.3117],[109.2422,-7.311],[109.242,-7.3101],[109.242,-7.3099],[109.2422,-7.3095],[109.2423,-7.3095],[109.243,-7.3087],[109.243,-7.3081],[109.2428,-7.3076],[109.2423,-7.307],[109.2423,-7.3068],[109.2426,-7.306],[109.2429,-7.3044],[109.2433,-7.3041],[109.2434,-7.3041],[109.2438,-7.3029],[109.2438,-7.3022],[109.2436,-7.3016],[109.2434,-7.3012],[109.2433,-7.3009],[109.2434,-7.2999],[109.2434,-7.2994],[109.2435,-7.2989],[109.2436,-7.2986],[109.2438,-7.2975],[109.2439,-7.2972],[109.2439,-7.2958],[109.2438,-7.2952],[109.2436,-7.2947],[109.2434,-7.2945],[109.2434,-7.2936],[109.2432,-7.293],[109.243,-7.2927],[109.2428,-7.2925],[109.242,-7.2919],[109.2416,-7.2915],[109.2415,-7.2913],[109.2413,-7.2911],[109.2412,-7.2904],[109.2412,-7.2894],[109.2411,-7.2889],[109.241,-7.2887],[109.2404,-7.2878],[109.2403,-7.2877],[109.2402,-7.2875],[109.24,-7.2868],[109.2398,-7.2865],[109.2397,-7.2861],[109.2397,-7.2857],[109.2395,-7.285],[109.2395,-7.2844],[109.2394,-7.2843],[109.2394,-7.2841],[109.2393,-7.2839],[109.2392,-7.2835],[109.2391,-7.2834],[109.2389,-7.283],[109.2385,-7.2826],[109.2381,-7.2818],[109.238,-7.2814],[109.2376,-7.2808],[109.2374,-7.2803],[109.2374,-7.2801],[109.2373,-7.2799],[109.2372,-7.2798],[109.237,-7.2795],[109.237,-7.2794],[109.2366,-7.279],[109.2365,-7.2788],[109.2363,-7.2786],[109.2361,-7.2781],[109.236,-7.278],[109.2358,-7.2772],[109.2357,-7.2769],[109.2355,-7.2766],[109.2355,-7.2765],[109.2353,-7.2759],[109.2348,-7.2748],[109.2342,-7.2737],[109.234,-7.2732],[109.234,-7.2728],[109.2338,-7.2722],[109.2338,-7.2719],[109.2337,-7.2717],[109.2337,-7.2715],[109.2334,-7.2709],[109.2333,-7.2708],[109.233,-7.2703],[109.2328,-7.2702],[109.2321,-7.2695],[109.2319,-7.2694],[109.2318,-7.2692],[109.2317,-7.2692],[109.2314,-7.2689],[109.2313,-7.2687],[109.2311,-7.2686],[109.2308,-7.2681],[109.2306,-7.268],[109.2305,-7.2678],[109.23,-7.2673],[109.2298,-7.2672],[109.2296,-7.2672],[109.2294,-7.267],[109.2292,-7.2669],[109.229,-7.2667],[109.2288,-7.2666],[109.2288,-7.2665],[109.2286,-7.2664],[109.2285,-7.2663],[109.2285,-7.2662],[109.2274,-7.2651],[109.2273,-7.2651],[109.2271,-7.265],[109.227,-7.2649],[109.2266,-7.2647],[109.2264,-7.2644],[109.2261,-7.2641],[109.226,-7.2639],[109.2258,-7.2638],[109.2257,-7.2636],[109.2256,-7.2635],[109.2256,-7.2634],[109.2254,-7.2633],[109.2251,-7.263],[109.225,-7.263],[109.2249,-7.2629],[109.2249,-7.2628],[109.2247,-7.2626],[109.2246,-7.2624],[109.2245,-7.2623],[109.2245,-7.2622],[109.2244,-7.2621],[109.2242,-7.2617],[109.2224,-7.2606],[109.2219,-7.2602],[109.2215,-7.2597],[109.221,-7.2593],[109.2205,-7.2588],[109.22,-7.2584],[109.2193,-7.2575],[109.2191,-7.2571],[109.2188,-7.2567],[109.2183,-7.2557],[109.2181,-7.2552],[109.2175,-7.2544],[109.2175,-7.254],[109.2174,-7.2538],[109.2174,-7.2536],[109.2173,-7.2533],[109.2171,-7.2531],[109.2171,-7.2529],[109.2169,-7.2527],[109.2169,-7.2524],[109.2168,-7.2523],[109.2168,-7.2518],[109.2167,-7.2516],[109.2167,-7.2489],[109.2174,-7.2489],[109.219,-7.2486],[109.2193,-7.2485],[109.2198,-7.2483],[109.2202,-7.248],[109.2203,-7.248],[109.2209,-7.2475],[109.2212,-7.2473],[109.2215,-7.2473],[109.2216,-7.2472],[109.2218,-7.2472],[109.2225,-7.2473],[109.2227,-7.2472],[109.2229,-7.2471],[109.2232,-7.2468],[109.2233,-7.2466],[109.2237,-7.2463],[109.2239,-7.2464],[109.2241,-7.2466],[109.2242,-7.2466],[109.2246,-7.2469],[109.2247,-7.2469],[109.2249,-7.2471],[109.225,-7.2471],[109.2252,-7.2473],[109.2254,-7.2473],[109.2255,-7.2474],[109.2256,-7.2474],[109.2256,-7.2475],[109.2257,-7.2475],[109.2258,-7.2476],[109.2259,-7.2476],[109.2263,-7.2478],[109.2264,-7.2478],[109.2266,-7.2479],[109.2267,-7.248],[109.2268,-7.248],[109.2269,-7.2481],[109.227,-7.2481],[109.2273,-7.2484],[109.2275,-7.2484],[109.2276,-7.2485],[109.2278,-7.2486],[109.228,-7.2488],[109.2281,-7.2488],[109.2282,-7.2489],[109.2284,-7.249],[109.2285,-7.249],[109.2285,-7.2491],[109.2286,-7.2491],[109.2287,-7.2492],[109.2289,-7.2493],[109.2289,-7.2494],[109.2299,-7.2504],[109.2301,-7.2505],[109.2302,-7.2507],[109.2304,-7.2508],[109.2305,-7.2509],[109.2307,-7.251],[109.2309,-7.2512],[109.2311,-7.2513],[109.2311,-7.2514],[109.2312,-7.2514],[109.2313,-7.2516],[109.2315,-7.2518],[109.2316,-7.2518],[109.2318,-7.2519],[109.2319,-7.252],[109.2322,-7.252],[109.2323,-7.2521],[109.2325,-7.2521],[109.2328,-7.2524],[109.2329,-7.2524],[109.2329,-7.2525],[109.2331,-7.2527],[109.2332,-7.2527],[109.2337,-7.2532],[109.2338,-7.2532],[109.2339,-7.2533],[109.2341,-7.2534],[109.2341,-7.2535],[109.2342,-7.2535],[109.2343,-7.2536],[109.2345,-7.2537],[109.2346,-7.2537],[109.2346,-7.2538],[109.2348,-7.2539],[109.2354,-7.2545],[109.2356,-7.2546],[109.2356,-7.2547],[109.2357,-7.2548],[109.2358,-7.255],[109.2359,-7.2551],[109.236,-7.2553],[109.2361,-7.2554],[109.2361,-7.2555],[109.2362,-7.2557],[109.2367,-7.2562],[109.2369,-7.2563],[109.2369,-7.2564],[109.237,-7.2564],[109.2373,-7.2567],[109.2374,-7.2567],[109.2375,-7.2569],[109.2376,-7.257],[109.2379,-7.2576],[109.2379,-7.2577],[109.238,-7.2579],[109.238,-7.2581],[109.2381,-7.2583],[109.2382,-7.2584],[109.2382,-7.2586],[109.2383,-7.2587],[109.2386,-7.2593],[109.2387,-7.2594],[109.2388,-7.2596],[109.2391,-7.2599],[109.2395,-7.2607],[109.2396,-7.2608],[109.2405,-7.2626],[109.2405,-7.2628],[109.2407,-7.2632],[109.2409,-7.2635],[109.241,-7.2638],[109.2411,-7.2639],[109.2411,-7.2641],[109.2417,-7.2653],[109.2418,-7.2656],[109.2421,-7.2662],[109.2421,-7.2663],[109.2423,-7.2667],[109.2425,-7.2673],[109.2426,-7.2674],[109.2429,-7.2684],[109.2429,-7.2687],[109.2431,-7.2691],[109.2435,-7.2701],[109.2438,-7.2705],[109.244,-7.271],[109.2443,-7.2714],[109.2445,-7.2718],[109.2448,-7.272],[109.2452,-7.2722],[109.2462,-7.2726],[109.2469,-7.2728],[109.2474,-7.273],[109.2484,-7.2732],[109.2492,-7.2735],[109.2496,-7.2735],[109.2498,-7.274],[109.25,-7.2744],[109.25,-7.2745],[109.2503,-7.2748],[109.2507,-7.2754],[109.2515,-7.2762],[109.2518,-7.2764],[109.252,-7.2767],[109.2522,-7.2771],[109.2524,-7.2773],[109.2526,-7.2776],[109.2528,-7.2777],[109.2533,-7.2782],[109.2534,-7.2784],[109.2536,-7.2786],[109.2538,-7.279],[109.2541,-7.2798],[109.2543,-7.2801],[109.2545,-7.2802],[109.2549,-7.2806],[109.2552,-7.2812],[109.2556,-7.2819],[109.256,-7.2828],[109.256,-7.283],[109.2562,-7.2834],[109.2563,-7.2838],[109.2564,-7.2839],[109.2567,-7.2846],[109.2568,-7.2853],[109.2569,-7.2857],[109.2568,-7.2861],[109.2568,-7.2864],[109.2567,-7.2866],[109.2567,-7.2871],[109.2566,-7.2873],[109.2566,-7.2884],[109.2564,-7.289],[109.2564,-7.2894],[109.2566,-7.2901],[109.2566,-7.2902],[109.2568,-7.2909],[109.2568,-7.291],[109.257,-7.2915],[109.2572,-7.2919],[109.2573,-7.2922],[109.2576,-7.2924],[109.258,-7.2928],[109.2581,-7.2931],[109.2583,-7.2932],[109.2586,-7.2932],[109.2589,-7.2937],[109.2594,-7.2941],[109.2595,-7.2944],[109.2595,-7.2947],[109.2597,-7.2954],[109.2597,-7.2956],[109.2598,-7.296],[109.2597,-7.2969],[109.2613,-7.2988],[109.2616,-7.2992],[109.2619,-7.2998],[109.262,-7.3002],[109.2622,-7.3004],[109.2625,-7.301],[109.2625,-7.3012],[109.2626,-7.3013],[109.2626,-7.3016],[109.2629,-7.3023],[109.2629,-7.3024],[109.2634,-7.3029],[109.2635,-7.3029],[109.2635,-7.303],[109.2637,-7.3031],[109.264,-7.3036],[109.2641,-7.3037],[109.2642,-7.3039],[109.2643,-7.304],[109.2643,-7.3042],[109.2644,-7.3043],[109.2649,-7.3056],[109.265,-7.3059],[109.265,-7.3061],[109.2651,-7.3061],[109.2652,-7.3066],[109.2656,-7.3073],[109.2657,-7.3075],[109.2657,-7.3076],[109.2658,-7.3077],[109.2658,-7.3078],[109.266,-7.308],[109.266,-7.3081],[109.2661,-7.3083],[109.2664,-7.3088],[109.2664,-7.3089],[109.2665,-7.3091],[109.2665,-7.3095],[109.2666,-7.3102],[109.2666,-7.3105],[109.2667,-7.3106],[109.2668,-7.3108],[109.267,-7.311],[109.2671,-7.311],[109.2675,-7.3113],[109.2676,-7.3115],[109.2676,-7.3117],[109.2677,-7.3118],[109.2677,-7.3121],[109.2678,-7.3124],[109.2681,-7.313],[109.2681,-7.3135],[109.2683,-7.3142],[109.2683,-7.3144],[109.2684,-7.3145],[109.2684,-7.315],[109.2685,-7.3151],[109.2685,-7.3155],[109.2686,-7.3161],[109.2687,-7.3162],[109.2687,-7.3166],[109.2688,-7.3166],[109.2691,-7.3177],[109.2692,-7.3179],[109.2692,-7.3181],[109.2693,-7.3182],[109.2694,-7.3186],[109.2695,-7.3186],[109.2697,-7.3189],[109.2699,-7.3191],[109.27,-7.3191],[109.2704,-7.3194],[109.2705,-7.3196],[109.2707,-7.3202],[109.2709,-7.3205],[109.2711,-7.321],[109.2714,-7.3219],[109.2715,-7.3219],[109.2715,-7.322],[109.2716,-7.322],[109.2718,-7.3222],[109.2718,-7.3223],[109.2721,-7.3226],[109.2724,-7.3231],[109.2727,-7.3237],[109.2727,-7.3238],[109.273,-7.3243],[109.2731,-7.3244],[109.2733,-7.3248],[109.2735,-7.3254],[109.2735,-7.3255],[109.2736,-7.3257],[109.274,-7.326],[109.2741,-7.326],[109.2745,-7.3264],[109.2747,-7.3267],[109.275,-7.3272],[109.2753,-7.3279],[109.2757,-7.3284],[109.2757,-7.3288],[109.2758,-7.3289],[109.2759,-7.3291],[109.2774,-7.3306],[109.2775,-7.3306],[109.2776,-7.3307],[109.2778,-7.3307],[109.2779,-7.3308],[109.2784,-7.331],[109.2787,-7.3314],[109.2788,-7.3316],[109.2788,-7.3324],[109.2789,-7.3325],[109.2789,-7.3326],[109.2791,-7.3332],[109.2794,-7.3335],[109.2795,-7.3335],[109.2798,-7.3338],[109.2801,-7.3344],[109.2801,-7.3347],[109.2802,-7.3349],[109.2803,-7.3349],[109.2805,-7.3352],[109.2807,-7.3354],[109.2806,-7.3356],[109.2806,-7.3362],[109.2807,-7.3364],[109.2807,-7.3367],[109.2808,-7.337],[109.2808,-7.3372],[109.2809,-7.3373],[109.2809,-7.3374],[109.281,-7.3377],[109.2812,-7.3386],[109.2813,-7.3388],[109.2813,-7.3389],[109.2814,-7.339],[109.2814,-7.3407],[109.2815,-7.3409],[109.2816,-7.3409],[109.2817,-7.341],[109.2818,-7.3412],[109.2823,-7.3413],[109.2831,-7.3421],[109.2835,-7.3426],[109.2837,-7.3429],[109.2837,-7.343],[109.2839,-7.3432],[109.2839,-7.3433],[109.2841,-7.3435],[109.2842,-7.3437],[109.2842,-7.3438],[109.2843,-7.3439],[109.2847,-7.3446],[109.2849,-7.3448],[109.2849,-7.3449],[109.2856,-7.3458],[109.286,-7.3464],[109.2868,-7.3472],[109.2868,-7.3473],[109.2872,-7.3476],[109.2872,-7.3477],[109.2874,-7.3479],[109.2875,-7.3481],[109.2875,-7.3482],[109.2876,-7.3482],[109.2877,-7.3484],[109.2877,-7.3486],[109.2878,-7.3486],[109.2878,-7.3487],[109.2879,-7.3489],[109.2879,-7.349],[109.2885,-7.3503],[109.2886,-7.3506],[109.2888,-7.3513],[109.2888,-7.3515],[109.2889,-7.3516],[109.2889,-7.3517],[109.2891,-7.3523],[109.2891,-7.3527],[109.2895,-7.3531],[109.2897,-7.3535],[109.2898,-7.3536],[109.2899,-7.3541],[109.29,-7.3552],[109.2901,-7.3555],[109.2901,-7.3566],[109.2902,-7.3567],[109.2905,-7.3573],[109.2909,-7.3578],[109.2915,-7.3584],[109.2923,-7.3596],[109.2929,-7.36],[109.293,-7.3601],[109.293,-7.3602],[109.2933,-7.3605],[109.2933,-7.3608],[109.2934,-7.3609],[109.2936,-7.3613],[109.2938,-7.3613],[109.2942,-7.3616],[109.2943,-7.3616],[109.2945,-7.3617],[109.2946,-7.3618],[109.2948,-7.3622],[109.2949,-7.3626],[109.2951,-7.363],[109.2951,-7.3631],[109.2954,-7.3636],[109.2954,-7.3637],[109.2955,-7.3638],[109.2955,-7.364],[109.2956,-7.3641],[109.2956,-7.3644],[109.2955,-7.3647],[109.2956,-7.365],[109.2957,-7.3651],[109.2958,-7.3653],[109.2959,-7.3654],[109.2963,-7.3656],[109.2965,-7.3658],[109.2966,-7.3665],[109.2967,-7.3667],[109.2968,-7.3668],[109.2968,-7.3669],[109.2969,-7.3671],[109.2968,-7.3676],[109.2967,-7.3679],[109.2967,-7.3684],[109.2968,-7.369],[109.2969,-7.3693],[109.297,-7.3694],[109.2972,-7.3695],[109.2974,-7.3697],[109.2975,-7.3699],[109.2975,-7.37],[109.2976,-7.3702],[109.2977,-7.3703],[109.2977,-7.3712],[109.2978,-7.3714],[109.2978,-7.3715],[109.298,-7.372],[109.2982,-7.3721],[109.2983,-7.3723],[109.2988,-7.3727],[109.299,-7.3728],[109.2992,-7.3727],[109.2992,-7.3726],[109.2994,-7.3726],[109.2996,-7.3727],[109.2996,-7.3728],[109.2997,-7.3728],[109.2998,-7.373],[109.2999,-7.3731],[109.3,-7.3731],[109.3001,-7.3735],[109.3002,-7.3736],[109.3002,-7.3737],[109.3005,-7.3742],[109.3005,-7.3743],[109.3007,-7.3746],[109.3007,-7.3747],[109.3008,-7.3747],[109.3008,-7.3749],[109.3009,-7.375],[109.3012,-7.3756],[109.3013,-7.3759],[109.3013,-7.3763],[109.301,-7.3768],[109.301,-7.3769],[109.3012,-7.3771],[109.3013,-7.3771],[109.3016,-7.3774],[109.3016,-7.3777],[109.3017,-7.3781],[109.3015,-7.3789],[109.3014,-7.379],[109.3014,-7.3794],[109.3015,-7.3795],[109.3015,-7.3798],[109.3016,-7.38],[109.3016,-7.3806],[109.3015,-7.3807],[109.3015,-7.381],[109.3013,-7.3815],[109.3013,-7.3817],[109.3014,-7.382],[109.3019,-7.382],[109.3021,-7.3821],[109.3022,-7.382],[109.3024,-7.382],[109.3025,-7.3819],[109.3033,-7.3819],[109.3034,-7.3818],[109.3036,-7.3818],[109.3038,-7.3816],[109.3039,-7.3816],[109.3039,-7.3819],[109.304,-7.3821],[109.304,-7.3822],[109.3044,-7.3822],[109.3046,-7.3821],[109.305,-7.3825],[109.3051,-7.3828],[109.3051,-7.383],[109.3053,-7.3835],[109.3056,-7.384],[109.3056,-7.3841],[109.3057,-7.3842],[109.3058,-7.3844],[109.306,-7.3849],[109.3061,-7.385],[109.3061,-7.3858],[109.306,-7.386],[109.306,-7.3862],[109.3059,-7.3864],[109.3058,-7.3865],[109.3058,-7.3866],[109.3057,-7.3868],[109.3055,-7.387],[109.3055,-7.3871],[109.3052,-7.3874],[109.3052,-7.3875],[109.3049,-7.3878],[109.3049,-7.3879],[109.3048,-7.3881],[109.3048,-7.3884],[109.3047,-7.3885],[109.3047,-7.3893],[109.3048,-7.3895],[109.3049,-7.3895],[109.3049,-7.3896],[109.3051,-7.3897],[109.3053,-7.3897],[109.3054,-7.3898],[109.3062,-7.3898],[109.3064,-7.39],[109.3067,-7.3902],[109.307,-7.3908],[109.307,-7.3909],[109.3071,-7.391],[109.3078,-7.3932],[109.308,-7.3935],[109.308,-7.3936],[109.3072,-7.3935],[109.3066,-7.3935],[109.3065,-7.3936],[109.3064,-7.3936],[109.3063,-7.3937],[109.3062,-7.3937],[109.3061,-7.3939],[109.306,-7.394],[109.306,-7.3941],[109.3059,-7.3942],[109.3059,-7.3943],[109.3058,-7.3943],[109.3057,-7.3944],[109.3056,-7.3946],[109.3055,-7.3947],[109.3054,-7.3947],[109.3052,-7.3948],[109.3051,-7.3951],[109.3049,-7.3951],[109.3047,-7.3949],[109.3042,-7.3951],[109.3034,-7.3953],[109.3033,-7.3952],[109.303,-7.3954],[109.3027,-7.3955],[109.3023,-7.3957],[109.3022,-7.3958],[109.3012,-7.3964],[109.301,-7.3966],[109.3007,-7.3967],[109.3006,-7.3967],[109.3005,-7.3968],[109.3004,-7.3968],[109.3004,-7.3967],[109.3003,-7.3966],[109.3003,-7.3961],[109.3002,-7.396],[109.3002,-7.3959],[109.3001,-7.3959],[109.2999,-7.3958],[109.2997,-7.3956],[109.2997,-7.3955],[109.2996,-7.3954],[109.2997,-7.3954],[109.2997,-7.3952],[109.2996,-7.3951],[109.2992,-7.3951],[109.2992,-7.3949],[109.2993,-7.3949],[109.2995,-7.3948],[109.2995,-7.3946],[109.2994,-7.3945],[109.2993,-7.3943],[109.2988,-7.3943],[109.2988,-7.3944],[109.2986,-7.3944],[109.2987,-7.3943],[109.2987,-7.3942],[109.2986,-7.3941],[109.2986,-7.394],[109.2984,-7.3938],[109.2983,-7.3938],[109.2981,-7.3937],[109.298,-7.3937],[109.2979,-7.3938],[109.2978,-7.3937],[109.2972,-7.3937],[109.2972,-7.3936],[109.2971,-7.3936],[109.2971,-7.3935],[109.297,-7.3935],[109.2969,-7.3932],[109.2968,-7.3931],[109.2967,-7.3929],[109.2964,-7.3926],[109.2964,-7.3923],[109.2965,-7.3923],[109.2965,-7.3922],[109.2964,-7.3922],[109.2961,-7.3919],[109.2961,-7.3915],[109.2962,-7.3915],[109.2963,-7.3914],[109.2962,-7.3913],[109.2962,-7.3912],[109.2961,-7.3911],[109.2961,-7.391],[109.296,-7.3909],[109.2958,-7.3909],[109.2958,-7.3908],[109.2957,-7.3908],[109.2957,-7.3904],[109.2955,-7.3905],[109.2953,-7.3902],[109.2953,-7.3901],[109.2952,-7.39],[109.2951,-7.39],[109.2951,-7.3898],[109.295,-7.3897],[109.2949,-7.3897],[109.2949,-7.3895],[109.2948,-7.3895],[109.2948,-7.3892],[109.2943,-7.3892],[109.2943,-7.3891],[109.2941,-7.3891],[109.2939,-7.3889],[109.2938,-7.389],[109.2937,-7.389],[109.2938,-7.389],[109.2938,-7.3891],[109.2939,-7.3893],[109.2939,-7.3895],[109.294,-7.3896],[109.294,-7.3898],[109.2941,-7.39],[109.2942,-7.3901],[109.2941,-7.3901],[109.2936,-7.3904],[109.2935,-7.3905],[109.2925,-7.3911],[109.2924,-7.3908],[109.2924,-7.3907],[109.2923,-7.3907],[109.2923,-7.3906],[109.2921,-7.3906],[109.2921,-7.3905],[109.292,-7.3903],[109.292,-7.3899],[109.2921,-7.3897],[109.2921,-7.3893],[109.292,-7.3893],[109.292,-7.3892],[109.2919,-7.3892],[109.2919,-7.3891],[109.2918,-7.3891],[109.2918,-7.3883],[109.2917,-7.3882],[109.2917,-7.3881],[109.2916,-7.3881],[109.2916,-7.388],[109.291,-7.388],[109.2907,-7.3881],[109.2906,-7.3881],[109.2906,-7.3876],[109.2905,-7.3876],[109.2912,-7.3875],[109.2911,-7.3874],[109.291,-7.3871],[109.291,-7.387],[109.2908,-7.3868],[109.2906,-7.3864],[109.2905,-7.3863],[109.2905,-7.3861],[109.2904,-7.3859],[109.2903,-7.3849],[109.2897,-7.3849],[109.2897,-7.3843],[109.2896,-7.3841],[109.2896,-7.384],[109.2895,-7.384],[109.2895,-7.3839],[109.2894,-7.3838],[109.2893,-7.3838],[109.2893,-7.3837],[109.2892,-7.3837],[109.2893,-7.3837],[109.2893,-7.3836],[109.289,-7.3836],[109.289,-7.3835],[109.2889,-7.3834],[109.2889,-7.3833],[109.2887,-7.3833],[109.2887,-7.3834],[109.2885,-7.3834],[109.2886,-7.3836],[109.2887,-7.3836],[109.2887,-7.3837],[109.2886,-7.3838],[109.2887,-7.3841],[109.2887,-7.3842],[109.2886,-7.3847],[109.2885,-7.3848],[109.2885,-7.3854],[109.2884,-7.3856],[109.2884,-7.3858],[109.2878,-7.3858],[109.2877,-7.3859],[109.2874,-7.386],[109.2876,-7.3862],[109.2875,-7.3863],[109.2875,-7.387],[109.2876,-7.3871],[109.2876,-7.3873],[109.2877,-7.3875],[109.2876,-7.3876],[109.2876,-7.3879],[109.2877,-7.3881],[109.2876,-7.3881],[109.2876,-7.3883],[109.2875,-7.3883],[109.2875,-7.3887],[109.2873,-7.3887],[109.2873,-7.3888],[109.2874,-7.3889],[109.2873,-7.3892],[109.2874,-7.3892],[109.2874,-7.3896],[109.2873,-7.3896],[109.2873,-7.3899],[109.2871,-7.3899],[109.2871,-7.3901],[109.287,-7.3901],[109.287,-7.3902],[109.2869,-7.3902],[109.2868,-7.3903],[109.2868,-7.3905],[109.2867,-7.3906],[109.2862,-7.3907],[109.2854,-7.3908],[109.2853,-7.3909],[109.2852,-7.3909],[109.2852,-7.391],[109.2851,-7.391],[109.2851,-7.3915],[109.2849,-7.3915],[109.2849,-7.3914],[109.2847,-7.3914],[109.2846,-7.3913],[109.2846,-7.3911],[109.2845,-7.3911],[109.2845,-7.3907],[109.2844,-7.3907],[109.2844,-7.3906],[109.284,-7.3906],[109.2839,-7.3905],[109.2836,-7.3905],[109.2834,-7.3904],[109.2834,-7.3902],[109.2832,-7.3902],[109.2832,-7.3903],[109.283,-7.3903],[109.2828,-7.3904],[109.2826,-7.3904],[109.2821,-7.3907],[109.2803,-7.3916],[109.2801,-7.3918],[109.2802,-7.392],[109.28,-7.3921],[109.2797,-7.3924],[109.2794,-7.3925],[109.279,-7.3927],[109.2785,-7.3922],[109.2782,-7.3921],[109.2781,-7.392],[109.2779,-7.3914],[109.2782,-7.3913],[109.2784,-7.3913],[109.2785,-7.3912],[109.2785,-7.3909],[109.2779,-7.3903],[109.2777,-7.3902],[109.2774,-7.3902],[109.2773,-7.3901],[109.2773,-7.39],[109.2767,-7.3887],[109.2767,-7.3885],[109.2764,-7.3886],[109.2733,-7.3892],[109.2727,-7.3894],[109.2726,-7.3896],[109.2726,-7.3898],[109.2729,-7.3901],[109.2729,-7.3905],[109.2724,-7.3903],[109.2724,-7.3902],[109.2721,-7.3905],[109.2717,-7.3907],[109.2716,-7.3908],[109.2717,-7.391],[109.2717,-7.3912],[109.2718,-7.3914],[109.2712,-7.3913],[109.2713,-7.391],[109.2713,-7.3907],[109.2709,-7.3905],[109.2709,-7.3904],[109.2708,-7.3903],[109.2707,-7.3901],[109.2705,-7.3901],[109.2689,-7.3907],[109.268,-7.391],[109.2679,-7.3911],[109.2647,-7.392],[109.2646,-7.392],[109.264,-7.3922],[109.2639,-7.3922],[109.2635,-7.3924],[109.2631,-7.3925],[109.2626,-7.3926],[109.2623,-7.3926],[109.262,-7.3927],[109.2612,-7.3927],[109.2609,-7.3928],[109.2593,-7.3928],[109.2595,-7.3929],[109.2596,-7.393],[109.2596,-7.3931],[109.2597,-7.3932],[109.2597,-7.3935],[109.2596,-7.3936],[109.2595,-7.3938],[109.2594,-7.3939],[109.2592,-7.3946],[109.2592,-7.3949],[109.2594,-7.3952],[109.2595,-7.3953],[109.2595,-7.3958],[109.2594,-7.396],[109.2589,-7.3961],[109.259,-7.3966],[109.2586,-7.3966],[109.2586,-7.3968],[109.2587,-7.3968],[109.2588,-7.3969],[109.2589,-7.3971],[109.2589,-7.3972],[109.2591,-7.3974],[109.2572,-7.3977],[109.2562,-7.3978],[109.2557,-7.3978],[109.2556,-7.3979],[109.2546,-7.3979],[109.2545,-7.398],[109.2543,-7.398],[109.2543,-7.3982],[109.2541,-7.3982],[109.2537,-7.3979],[109.2528,-7.3976],[109.2522,-7.3973],[109.2518,-7.3972],[109.2513,-7.397],[109.251,-7.3968],[109.2507,-7.3958],[109.2503,-7.3949],[109.25,-7.3941],[109.25,-7.394],[109.2495,-7.3935],[109.2491,-7.393],[109.2488,-7.3924],[109.2487,-7.3919],[109.2485,-7.3917],[109.2484,-7.3915],[109.2471,-7.391],[109.2467,-7.3909],[109.2463,-7.3905],[109.2463,-7.3902],[109.2461,-7.3895],[109.2461,-7.3892],[109.2456,-7.3881],[109.2456,-7.3876],[109.2462,-7.3872],[109.2464,-7.3868],[109.2465,-7.3861],[109.2465,-7.3848],[109.2461,-7.3834],[109.2459,-7.3829],[109.2458,-7.3824],[109.2458,-7.3809],[109.2459,-7.3802],[109.246,-7.38],[109.2459,-7.3799],[109.2459,-7.3796],[109.2456,-7.3791],[109.2453,-7.3784],[109.245,-7.3779],[109.2447,-7.3771],[109.2446,-7.377],[109.2445,-7.3766],[109.2444,-7.3764],[109.2444,-7.376],[109.2445,-7.3756],[109.2445,-7.3753],[109.2443,-7.3751],[109.2435,-7.3748],[109.2434,-7.3747],[109.2434,-7.3745],[109.2433,-7.3744],[109.2433,-7.3741],[109.2434,-7.3737],[109.2434,-7.3734],[109.2435,-7.3733],[109.2437,-7.3728],[109.2442,-7.3726],[109.2443,-7.3725],[109.2445,-7.372],[109.2445,-7.3717],[109.2444,-7.3714],[109.2439,-7.3705],[109.2437,-7.37],[109.2437,-7.369],[109.2438,-7.3687],[109.2438,-7.3674],[109.2439,-7.3673],[109.2445,-7.3672],[109.2447,-7.3672],[109.2449,-7.3671],[109.2451,-7.3669],[109.245,-7.3668],[109.2445,-7.3666],[109.2444,-7.3665]]]]}},{"type":"Feature","id":"ADMINISTRASI_AR_KECAMATAN_10K_2023.25","properties":{"id":"33.02.07","name":"Sumpiuh","fcode":"BA03070040","luasWilayahHa":6196.1252533157,"kdpkab":"33.02","wadmkc":"Sumpiuh","metadata":"TASWIL1000020230928_DATA_BATAS_DESAKELURAHAN","sumber":"Geoportal Palapa Kabupaten Banyumas (WFS 10K 2023)"},"geometry":{"type":"MultiPolygon","coordinates":[[[[109.3648,-7.6575],[109.3647,-7.6575],[109.3645,-7.6574],[109.3638,-7.6567],[109.3629,-7.6555],[109.3623,-7.6536],[109.3622,-7.653],[109.362,-7.6525],[109.3613,-7.652],[109.3606,-7.6519],[109.3602,-7.6521],[109.3594,-7.6529],[109.3582,-7.6527],[109.3576,-7.6525],[109.3574,-7.6522],[109.3573,-7.6517],[109.3571,-7.6511],[109.3571,-7.651],[109.3573,-7.6504],[109.3576,-7.6501],[109.3579,-7.6499],[109.3584,-7.6496],[109.3589,-7.6494],[109.3591,-7.649],[109.3594,-7.648],[109.3598,-7.6471],[109.3599,-7.6465],[109.3598,-7.6458],[109.3595,-7.6451],[109.3593,-7.6448],[109.3593,-7.6447],[109.359,-7.6446],[109.3587,-7.6444],[109.3584,-7.6445],[109.3582,-7.6448],[109.3577,-7.6453],[109.3574,-7.6455],[109.3572,-7.6457],[109.3569,-7.6459],[109.3566,-7.6462],[109.3563,-7.6464],[109.3559,-7.6465],[109.3555,-7.6463],[109.3551,-7.646],[109.3547,-7.6458],[109.3545,-7.6452],[109.3547,-7.6447],[109.3549,-7.6444],[109.3552,-7.6441],[109.3599,-7.6408],[109.3599,-7.6403],[109.3598,-7.64],[109.3598,-7.6399],[109.3595,-7.6396],[109.3592,-7.6394],[109.3588,-7.6393],[109.3587,-7.6393],[109.3585,-7.6394],[109.3572,-7.6396],[109.3563,-7.6401],[109.3548,-7.6411],[109.3538,-7.6415],[109.3529,-7.6416],[109.3515,-7.642],[109.351,-7.6421],[109.3507,-7.642],[109.3503,-7.6412],[109.3499,-7.6407],[109.3497,-7.6402],[109.3494,-7.6401],[109.3491,-7.6402],[109.3487,-7.6408],[109.3484,-7.641],[109.3482,-7.6412],[109.3473,-7.6415],[109.3469,-7.6415],[109.3463,-7.6413],[109.3457,-7.6412],[109.3453,-7.6413],[109.3446,-7.6416],[109.3439,-7.6417],[109.3432,-7.6417],[109.3425,-7.6415],[109.342,-7.6412],[109.3419,-7.6408],[109.3418,-7.6386],[109.3414,-7.6385],[109.3412,-7.6387],[109.3407,-7.6389],[109.3397,-7.6387],[109.3387,-7.6379],[109.3384,-7.6369],[109.3384,-7.6366],[109.3382,-7.6364],[109.338,-7.6364],[109.3376,-7.6366],[109.3375,-7.6366],[109.3372,-7.6368],[109.3359,-7.637],[109.3352,-7.637],[109.3347,-7.6368],[109.3345,-7.6365],[109.3344,-7.6359],[109.3342,-7.6355],[109.3338,-7.6351],[109.3336,-7.6351],[109.3334,-7.635],[109.3328,-7.635],[109.3321,-7.6349],[109.3319,-7.6349],[109.3315,-7.6348],[109.3318,-7.6332],[109.3317,-7.6327],[109.3315,-7.6293],[109.3314,-7.6281],[109.3314,-7.6266],[109.3308,-7.6251],[109.3307,-7.625],[109.3307,-7.6249],[109.3306,-7.6248],[109.3307,-7.6246],[109.3306,-7.6226],[109.3314,-7.6198],[109.3319,-7.6186],[109.3323,-7.6172],[109.3325,-7.6159],[109.3327,-7.6151],[109.3327,-7.6148],[109.3333,-7.6134],[109.3336,-7.6125],[109.3345,-7.6109],[109.3351,-7.61],[109.3358,-7.6088],[109.3372,-7.6057],[109.3376,-7.605],[109.338,-7.6042],[109.3385,-7.6036],[109.339,-7.6032],[109.3392,-7.6029],[109.3392,-7.6025],[109.339,-7.6021],[109.3385,-7.6009],[109.3385,-7.6004],[109.3386,-7.6002],[109.3386,-7.5996],[109.3388,-7.5985],[109.3389,-7.597],[109.3389,-7.5966],[109.339,-7.5964],[109.339,-7.5956],[109.3391,-7.5952],[109.3394,-7.5947],[109.3396,-7.5945],[109.3398,-7.5936],[109.34,-7.5929],[109.3398,-7.5924],[109.3395,-7.5918],[109.3393,-7.5916],[109.3388,-7.5912],[109.3382,-7.5909],[109.3376,-7.5905],[109.3372,-7.5899],[109.3368,-7.5891],[109.3364,-7.588],[109.3364,-7.5868],[109.3365,-7.5863],[109.3367,-7.5857],[109.3368,-7.5852],[109.337,-7.5848],[109.3371,-7.5843],[109.3373,-7.5837],[109.3377,-7.5813],[109.3398,-7.5813],[109.3415,-7.5814],[109.3419,-7.5809],[109.3425,-7.5806],[109.3433,-7.5793],[109.3435,-7.5787],[109.3436,-7.5785],[109.3437,-7.5785],[109.3442,-7.5787],[109.3446,-7.5788],[109.3452,-7.5789],[109.3458,-7.5789],[109.3462,-7.5788],[109.3467,-7.5785],[109.347,-7.5782],[109.3475,-7.5779],[109.3479,-7.5774],[109.3483,-7.5771],[109.3486,-7.577],[109.3489,-7.577],[109.3502,-7.5772],[109.3515,-7.5756],[109.354,-7.5731],[109.3543,-7.5724],[109.3545,-7.5715],[109.3545,-7.5712],[109.3536,-7.5698],[109.3535,-7.5688],[109.3532,-7.5672],[109.3532,-7.5668],[109.3533,-7.5666],[109.3535,-7.566],[109.3535,-7.5643],[109.3532,-7.5633],[109.3526,-7.5625],[109.3524,-7.5623],[109.3522,-7.5619],[109.3522,-7.5616],[109.3523,-7.5613],[109.3524,-7.5612],[109.3525,-7.5609],[109.3526,-7.5604],[109.3525,-7.5599],[109.3525,-7.5594],[109.3526,-7.5593],[109.353,-7.5587],[109.353,-7.5576],[109.3533,-7.5561],[109.3536,-7.5555],[109.3539,-7.5554],[109.3548,-7.5552],[109.3551,-7.5545],[109.3555,-7.5543],[109.3562,-7.5536],[109.3568,-7.5532],[109.358,-7.5527],[109.3588,-7.5537],[109.3591,-7.5544],[109.3593,-7.5551],[109.3596,-7.5551],[109.3606,-7.5553],[109.3621,-7.5553],[109.3631,-7.555],[109.3639,-7.5547],[109.3646,-7.5543],[109.3652,-7.5537],[109.3666,-7.5525],[109.3672,-7.5517],[109.3676,-7.551],[109.3678,-7.5502],[109.3686,-7.5478],[109.3686,-7.5477],[109.3685,-7.5475],[109.3687,-7.5473],[109.3687,-7.5472],[109.3688,-7.547],[109.3688,-7.5467],[109.3689,-7.5465],[109.369,-7.546],[109.3694,-7.5452],[109.3695,-7.5451],[109.3696,-7.5451],[109.3706,-7.5448],[109.3708,-7.5448],[109.3709,-7.5449],[109.3712,-7.545],[109.3715,-7.545],[109.3723,-7.5444],[109.3727,-7.5443],[109.3734,-7.5443],[109.3737,-7.5442],[109.375,-7.5436],[109.3751,-7.5436],[109.3755,-7.5433],[109.3766,-7.5429],[109.3767,-7.5429],[109.3769,-7.5426],[109.3773,-7.5424],[109.3787,-7.542],[109.3788,-7.5419],[109.3788,-7.5409],[109.3792,-7.5399],[109.3794,-7.5397],[109.3802,-7.5391],[109.381,-7.5388],[109.3814,-7.5388],[109.3817,-7.5389],[109.3818,-7.539],[109.3827,-7.539],[109.3831,-7.5388],[109.3837,-7.5384],[109.3839,-7.5382],[109.3842,-7.5381],[109.3852,-7.5382],[109.3858,-7.5382],[109.3862,-7.5383],[109.3867,-7.5383],[109.387,-7.5382],[109.3873,-7.5379],[109.3876,-7.5378],[109.3879,-7.5379],[109.3882,-7.5381],[109.3894,-7.5385],[109.3901,-7.5387],[109.3903,-7.5388],[109.391,-7.5388],[109.3912,-7.5389],[109.3914,-7.5388],[109.392,-7.5386],[109.3922,-7.5386],[109.3926,-7.5384],[109.3935,-7.5384],[109.3942,-7.5385],[109.3951,-7.5385],[109.3951,-7.5384],[109.3952,-7.5383],[109.3955,-7.5382],[109.3956,-7.5387],[109.3956,-7.5391],[109.3957,-7.5394],[109.3957,-7.5398],[109.3958,-7.54],[109.3958,-7.5403],[109.3959,-7.5403],[109.3959,-7.5406],[109.396,-7.5406],[109.396,-7.5408],[109.3962,-7.5412],[109.3962,-7.5414],[109.3963,-7.5415],[109.3963,-7.5417],[109.3964,-7.542],[109.3964,-7.5427],[109.3965,-7.5428],[109.3965,-7.5455],[109.3964,-7.5456],[109.3964,-7.546],[109.3963,-7.5461],[109.3963,-7.5465],[109.3962,-7.547],[109.3961,-7.5472],[109.3961,-7.5473],[109.396,-7.5474],[109.396,-7.5475],[109.3958,-7.5479],[109.3958,-7.548],[109.3956,-7.5485],[109.3956,-7.5486],[109.3955,-7.5487],[109.3954,-7.5489],[109.3953,-7.549],[109.3953,-7.5492],[109.3952,-7.5495],[109.3952,-7.5496],[109.3953,-7.5498],[109.3953,-7.5499],[109.3952,-7.5501],[109.3952,-7.5505],[109.3951,-7.5506],[109.3951,-7.5507],[109.3948,-7.551],[109.3948,-7.5511],[109.3947,-7.5511],[109.3947,-7.5512],[109.3948,-7.5513],[109.3948,-7.5514],[109.3949,-7.5515],[109.395,-7.5515],[109.395,-7.5516],[109.3951,-7.5516],[109.3951,-7.5518],[109.3952,-7.5518],[109.3952,-7.5522],[109.3953,-7.5523],[109.3953,-7.5525],[109.3954,-7.5525],[109.3955,-7.5526],[109.3955,-7.5529],[109.3956,-7.553],[109.3956,-7.5531],[109.3957,-7.5532],[109.3957,-7.5533],[109.3959,-7.5535],[109.3959,-7.5536],[109.396,-7.5538],[109.396,-7.5542],[109.3962,-7.5544],[109.3964,-7.5545],[109.3965,-7.5547],[109.3966,-7.5547],[109.3966,-7.5554],[109.3969,-7.5557],[109.397,-7.5559],[109.397,-7.5564],[109.3968,-7.5566],[109.3967,-7.5566],[109.3967,-7.5567],[109.3968,-7.5568],[109.3968,-7.5569],[109.3969,-7.557],[109.3971,-7.5574],[109.3972,-7.5575],[109.3974,-7.5578],[109.3975,-7.558],[109.3975,-7.5583],[109.3976,-7.5584],[109.3978,-7.5587],[109.3981,-7.559],[109.3985,-7.5595],[109.3986,-7.5598],[109.3987,-7.5599],[109.3987,-7.56],[109.3988,-7.5601],[109.3992,-7.5601],[109.3995,-7.5602],[109.3997,-7.5602],[109.3998,-7.5603],[109.4,-7.5603],[109.4,-7.5604],[109.4001,-7.5605],[109.4001,-7.5609],[109.4002,-7.5609],[109.4005,-7.561],[109.4006,-7.5611],[109.4008,-7.5611],[109.4009,-7.5612],[109.4018,-7.5617],[109.4018,-7.5618],[109.4021,-7.5619],[109.4021,-7.562],[109.4022,-7.5621],[109.4021,-7.5622],[109.4021,-7.5623],[109.4017,-7.5625],[109.4016,-7.5627],[109.4016,-7.5633],[109.4017,-7.5633],[109.4017,-7.5634],[109.4016,-7.5634],[109.4016,-7.5635],[109.4015,-7.5635],[109.4012,-7.5638],[109.4011,-7.5638],[109.4011,-7.5641],[109.4013,-7.5643],[109.4013,-7.5644],[109.4012,-7.5646],[109.4012,-7.5647],[109.4011,-7.5647],[109.401,-7.5648],[109.4009,-7.5648],[109.4006,-7.5651],[109.4006,-7.5652],[109.4007,-7.5654],[109.4007,-7.5656],[109.4003,-7.5659],[109.4003,-7.566],[109.4004,-7.5661],[109.4004,-7.5664],[109.4006,-7.5665],[109.4006,-7.5667],[109.4005,-7.5669],[109.4005,-7.5671],[109.4006,-7.5671],[109.4006,-7.5672],[109.4009,-7.5672],[109.4009,-7.5673],[109.4012,-7.5675],[109.4014,-7.5679],[109.4014,-7.5682],[109.4013,-7.5684],[109.4014,-7.5686],[109.4014,-7.5695],[109.4013,-7.5697],[109.4013,-7.5699],[109.4014,-7.5701],[109.4014,-7.5704],[109.4012,-7.5709],[109.4011,-7.5709],[109.401,-7.5711],[109.4009,-7.5711],[109.4009,-7.5717],[109.4008,-7.5717],[109.4008,-7.5719],[109.4009,-7.5719],[109.4009,-7.5721],[109.4008,-7.5721],[109.4007,-7.5723],[109.4002,-7.5723],[109.4,-7.5724],[109.3999,-7.5724],[109.3999,-7.5725],[109.3997,-7.5727],[109.3997,-7.5728],[109.3993,-7.5728],[109.3992,-7.5727],[109.3991,-7.5727],[109.3991,-7.5728],[109.399,-7.5728],[109.399,-7.5727],[109.3988,-7.5726],[109.3985,-7.5725],[109.3983,-7.5725],[109.3983,-7.5726],[109.3982,-7.5728],[109.3982,-7.5734],[109.3984,-7.5735],[109.3984,-7.5737],[109.3982,-7.5739],[109.3981,-7.5741],[109.3979,-7.5743],[109.3979,-7.5742],[109.3974,-7.5741],[109.3972,-7.5742],[109.3969,-7.5745],[109.3969,-7.5747],[109.3967,-7.5749],[109.3966,-7.5749],[109.3966,-7.575],[109.3967,-7.5751],[109.3967,-7.5752],[109.3968,-7.5752],[109.3967,-7.5753],[109.3967,-7.5758],[109.3968,-7.5758],[109.3969,-7.576],[109.397,-7.5761],[109.3972,-7.5764],[109.3973,-7.5764],[109.3973,-7.5765],[109.3974,-7.5765],[109.3975,-7.5768],[109.3976,-7.5769],[109.3977,-7.5769],[109.3979,-7.577],[109.398,-7.5771],[109.398,-7.5773],[109.3979,-7.5775],[109.3979,-7.5776],[109.3991,-7.5781],[109.3995,-7.5782],[109.3998,-7.5784],[109.4007,-7.5788],[109.4015,-7.579],[109.4022,-7.5791],[109.4026,-7.5793],[109.4029,-7.5793],[109.4035,-7.5792],[109.4037,-7.5793],[109.4038,-7.5794],[109.4039,-7.5794],[109.4039,-7.5797],[109.404,-7.5797],[109.4041,-7.5798],[109.4041,-7.58],[109.4043,-7.5802],[109.4043,-7.5804],[109.4044,-7.5805],[109.4044,-7.5811],[109.4045,-7.5812],[109.4045,-7.5815],[109.4044,-7.5816],[109.4043,-7.5816],[109.4043,-7.5821],[109.4042,-7.5822],[109.4042,-7.5831],[109.404,-7.5833],[109.4041,-7.5834],[109.4041,-7.5835],[109.4037,-7.5845],[109.4027,-7.588],[109.4026,-7.5886],[109.4027,-7.5894],[109.4027,-7.5897],[109.4029,-7.5909],[109.4027,-7.5914],[109.4025,-7.5916],[109.4009,-7.5916],[109.4005,-7.5918],[109.4004,-7.5919],[109.4004,-7.592],[109.4002,-7.5922],[109.3998,-7.5928],[109.3997,-7.593],[109.3996,-7.5932],[109.3996,-7.5937],[109.3995,-7.5939],[109.3994,-7.594],[109.3992,-7.594],[109.3987,-7.5939],[109.3984,-7.5938],[109.3982,-7.5938],[109.398,-7.594],[109.398,-7.5943],[109.3979,-7.5945],[109.3977,-7.5946],[109.3977,-7.5947],[109.3977,-7.5946],[109.3976,-7.5946],[109.3975,-7.5944],[109.3974,-7.5943],[109.3974,-7.5941],[109.3973,-7.594],[109.3971,-7.5939],[109.397,-7.594],[109.3969,-7.594],[109.3967,-7.5941],[109.3966,-7.5942],[109.3965,-7.5942],[109.3964,-7.5943],[109.3962,-7.5944],[109.3958,-7.5948],[109.3955,-7.5948],[109.3953,-7.5949],[109.3952,-7.595],[109.3951,-7.595],[109.3949,-7.5951],[109.3949,-7.5952],[109.3948,-7.5952],[109.3946,-7.5953],[109.3946,-7.5954],[109.3944,-7.5955],[109.3943,-7.5956],[109.3942,-7.5958],[109.3941,-7.5958],[109.394,-7.5959],[109.3939,-7.5959],[109.3937,-7.5961],[109.3937,-7.5969],[109.3936,-7.5971],[109.3931,-7.5973],[109.3927,-7.5974],[109.3919,-7.5972],[109.3917,-7.5971],[109.3915,-7.5971],[109.391,-7.5974],[109.3908,-7.5977],[109.3904,-7.5977],[109.3903,-7.5978],[109.39,-7.5978],[109.3897,-7.598],[109.3893,-7.5981],[109.389,-7.5981],[109.3889,-7.5982],[109.3887,-7.5988],[109.3883,-7.5992],[109.3883,-7.5994],[109.3885,-7.5996],[109.3885,-7.5997],[109.3884,-7.5997],[109.3881,-7.5996],[109.388,-7.5995],[109.3879,-7.5993],[109.3876,-7.5993],[109.3874,-7.5994],[109.3871,-7.5992],[109.3867,-7.5988],[109.3866,-7.5983],[109.3864,-7.5981],[109.3855,-7.5981],[109.3852,-7.598],[109.3848,-7.5978],[109.3846,-7.5974],[109.3846,-7.5967],[109.3847,-7.5967],[109.3848,-7.5966],[109.3859,-7.5966],[109.3859,-7.5964],[109.3855,-7.596],[109.3855,-7.5959],[109.3854,-7.596],[109.3844,-7.596],[109.3842,-7.5961],[109.3842,-7.5963],[109.384,-7.5967],[109.3839,-7.5968],[109.3836,-7.5968],[109.3836,-7.5977],[109.3831,-7.5975],[109.3824,-7.5975],[109.3819,-7.5976],[109.3814,-7.5979],[109.3808,-7.5985],[109.3803,-7.5988],[109.3788,-7.5993],[109.3787,-7.5995],[109.3783,-7.5998],[109.3781,-7.6],[109.3786,-7.6004],[109.3786,-7.6011],[109.3788,-7.6015],[109.3793,-7.6023],[109.3798,-7.6027],[109.3803,-7.6028],[109.3801,-7.6032],[109.3798,-7.6047],[109.3797,-7.6056],[109.3803,-7.6058],[109.3811,-7.6062],[109.3822,-7.6069],[109.3828,-7.6072],[109.383,-7.6074],[109.3829,-7.6076],[109.3829,-7.6077],[109.3827,-7.608],[109.3825,-7.6084],[109.3825,-7.6088],[109.3822,-7.6093],[109.3819,-7.6094],[109.3813,-7.6094],[109.3811,-7.6096],[109.3811,-7.6097],[109.3812,-7.6098],[109.3812,-7.6101],[109.381,-7.6102],[109.3809,-7.6103],[109.3809,-7.6106],[109.381,-7.6107],[109.3802,-7.6114],[109.3796,-7.6117],[109.3791,-7.6122],[109.3791,-7.6136],[109.3788,-7.6162],[109.3791,-7.6162],[109.3791,-7.6164],[109.3793,-7.6165],[109.3805,-7.6166],[109.3803,-7.6201],[109.3795,-7.6202],[109.3785,-7.6201],[109.3783,-7.6233],[109.3783,-7.625],[109.3782,-7.6253],[109.3779,-7.6269],[109.3777,-7.6284],[109.3777,-7.6294],[109.3778,-7.6299],[109.378,-7.6306],[109.3781,-7.6318],[109.3784,-7.634],[109.3786,-7.6367],[109.3786,-7.6371],[109.3788,-7.6382],[109.3789,-7.6396],[109.3789,-7.6412],[109.379,-7.6413],[109.379,-7.6464],[109.3788,-7.6478],[109.38,-7.6478],[109.3807,-7.6477],[109.381,-7.6476],[109.3854,-7.6478],[109.3863,-7.6477],[109.3872,-7.6477],[109.3873,-7.6458],[109.3876,-7.6458],[109.3876,-7.6452],[109.3875,-7.6452],[109.3874,-7.6451],[109.3873,-7.6451],[109.3874,-7.6446],[109.3882,-7.6446],[109.3882,-7.6448],[109.3883,-7.6449],[109.3883,-7.6451],[109.3884,-7.6452],[109.3884,-7.6454],[109.3882,-7.6458],[109.3882,-7.6462],[109.3886,-7.6478],[109.3886,-7.6479],[109.3891,-7.6483],[109.3897,-7.6487],[109.3899,-7.6489],[109.3901,-7.6494],[109.3901,-7.6496],[109.39,-7.6498],[109.3893,-7.6502],[109.3881,-7.651],[109.3876,-7.6512],[109.3867,-7.6512],[109.3864,-7.6511],[109.3857,-7.6508],[109.385,-7.6502],[109.3849,-7.6502],[109.3848,-7.6504],[109.3848,-7.6507],[109.3846,-7.6511],[109.3845,-7.6515],[109.3842,-7.6519],[109.3837,-7.6528],[109.3835,-7.6531],[109.3835,-7.6533],[109.3836,-7.6536],[109.3841,-7.6545],[109.3845,-7.6549],[109.3854,-7.6557],[109.3873,-7.6576],[109.3879,-7.6581],[109.3881,-7.6583],[109.3882,-7.6585],[109.3878,-7.6589],[109.3878,-7.659],[109.3872,-7.6596],[109.3862,-7.6609],[109.3858,-7.6612],[109.3855,-7.6616],[109.3852,-7.6619],[109.3849,-7.6623],[109.3846,-7.6626],[109.3843,-7.663],[109.3839,-7.6634],[109.3837,-7.6637],[109.3816,-7.6656],[109.3813,-7.6658],[109.3811,-7.6636],[109.3808,-7.6621],[109.3805,-7.661],[109.3803,-7.6606],[109.3798,-7.6601],[109.3795,-7.6596],[109.3791,-7.6593],[109.377,-7.6574],[109.3766,-7.6574],[109.3764,-7.6576],[109.3761,-7.6584],[109.3759,-7.6592],[109.3756,-7.6595],[109.3751,-7.6596],[109.3749,-7.6594],[109.3747,-7.6585],[109.3745,-7.6583],[109.3739,-7.6583],[109.3734,-7.6586],[109.3731,-7.6589],[109.3727,-7.6591],[109.3724,-7.6591],[109.372,-7.6578],[109.3719,-7.6571],[109.3717,-7.6568],[109.3714,-7.6567],[109.3702,-7.6566],[109.3696,-7.6565],[109.3693,-7.6561],[109.369,-7.6558],[109.3685,-7.6544],[109.368,-7.6538],[109.3675,-7.6534],[109.367,-7.6532],[109.3666,-7.6532],[109.3663,-7.6536],[109.3661,-7.6545],[109.3657,-7.6559],[109.3656,-7.6565],[109.3654,-7.6571],[109.3651,-7.6574],[109.3648,-7.6575]]]]}},{"type":"Feature","id":"ADMINISTRASI_AR_KECAMATAN_10K_2023.26","properties":{"id":"33.02.08","name":"Tambak","fcode":"BA03070040","luasWilayahHa":5279.6615559136,"kdpkab":"33.02","wadmkc":"Tambak","metadata":"TASWIL1000020230928_DATA_BATAS_DESAKELURAHAN","sumber":"Geoportal Palapa Kabupaten Banyumas (WFS 10K 2023)"},"geometry":{"type":"MultiPolygon","coordinates":[[[[109.4349,-7.6357],[109.4348,-7.6357],[109.4343,-7.6354],[109.4339,-7.6353],[109.4334,-7.6351],[109.4327,-7.6349],[109.4324,-7.6346],[109.4322,-7.6345],[109.4318,-7.6345],[109.4317,-7.6343],[109.4316,-7.6342],[109.4313,-7.6341],[109.4311,-7.6341],[109.431,-7.634],[109.4309,-7.6335],[109.4303,-7.6334],[109.4295,-7.6329],[109.4288,-7.6327],[109.4278,-7.6326],[109.4271,-7.6326],[109.4264,-7.6328],[109.4263,-7.6328],[109.425,-7.6324],[109.4249,-7.6324],[109.4248,-7.6325],[109.4248,-7.6328],[109.425,-7.6336],[109.425,-7.634],[109.4245,-7.6347],[109.4243,-7.6351],[109.4241,-7.6362],[109.424,-7.637],[109.4238,-7.6372],[109.4233,-7.6372],[109.4226,-7.6371],[109.4223,-7.6371],[109.4222,-7.6372],[109.4222,-7.6373],[109.4221,-7.6376],[109.422,-7.6377],[109.4219,-7.6379],[109.4217,-7.6381],[109.4199,-7.6381],[109.4194,-7.6384],[109.4194,-7.6385],[109.4193,-7.6388],[109.4193,-7.6395],[109.4183,-7.64],[109.4182,-7.6405],[109.4179,-7.6413],[109.4179,-7.6417],[109.4178,-7.6424],[109.4177,-7.6425],[109.4175,-7.6429],[109.4174,-7.643],[109.4169,-7.6432],[109.4169,-7.6433],[109.4166,-7.6434],[109.4163,-7.6437],[109.4161,-7.644],[109.4159,-7.6446],[109.416,-7.6451],[109.4161,-7.6453],[109.4161,-7.6456],[109.4159,-7.6461],[109.4155,-7.6468],[109.4154,-7.6474],[109.4151,-7.6476],[109.4147,-7.6477],[109.4146,-7.6478],[109.4147,-7.6481],[109.415,-7.648],[109.4151,-7.6483],[109.415,-7.6485],[109.4105,-7.6485],[109.4101,-7.6488],[109.4084,-7.6488],[109.4078,-7.6509],[109.4069,-7.6509],[109.4068,-7.6506],[109.4061,-7.6505],[109.4062,-7.6498],[109.4063,-7.6478],[109.4051,-7.6478],[109.4046,-7.6497],[109.4046,-7.6511],[109.4045,-7.6512],[109.4041,-7.6512],[109.4036,-7.651],[109.4035,-7.6509],[109.403,-7.6502],[109.4028,-7.65],[109.4028,-7.6498],[109.4024,-7.6494],[109.4009,-7.6492],[109.4009,-7.649],[109.4008,-7.6487],[109.4008,-7.6486],[109.4006,-7.6482],[109.4005,-7.6475],[109.4004,-7.6474],[109.3999,-7.6476],[109.3997,-7.6479],[109.3996,-7.6484],[109.3995,-7.6486],[109.3994,-7.649],[109.3992,-7.6492],[109.3991,-7.6494],[109.399,-7.6493],[109.399,-7.6492],[109.3989,-7.649],[109.3987,-7.6488],[109.3985,-7.6487],[109.397,-7.6487],[109.3967,-7.6485],[109.3965,-7.648],[109.3964,-7.6475],[109.3964,-7.6473],[109.3962,-7.6471],[109.3961,-7.6471],[109.3961,-7.647],[109.3959,-7.647],[109.3955,-7.6472],[109.3948,-7.648],[109.3946,-7.6481],[109.3945,-7.6481],[109.3934,-7.6475],[109.3932,-7.6475],[109.393,-7.6474],[109.3928,-7.6474],[109.3926,-7.6473],[109.3925,-7.6473],[109.3926,-7.6465],[109.3925,-7.6457],[109.3926,-7.6453],[109.3929,-7.6444],[109.3924,-7.644],[109.3914,-7.6438],[109.3912,-7.6437],[109.3908,-7.6437],[109.3907,-7.6447],[109.3907,-7.6451],[109.3904,-7.6452],[109.3884,-7.6453],[109.3884,-7.6452],[109.3883,-7.6451],[109.3883,-7.6449],[109.3882,-7.6448],[109.3882,-7.6446],[109.3874,-7.6446],[109.3873,-7.6451],[109.3874,-7.6451],[109.3875,-7.6452],[109.3876,-7.6452],[109.3876,-7.6458],[109.3873,-7.6458],[109.3872,-7.6477],[109.3863,-7.6477],[109.3854,-7.6478],[109.381,-7.6476],[109.3807,-7.6477],[109.38,-7.6478],[109.3788,-7.6478],[109.379,-7.6464],[109.379,-7.6413],[109.3789,-7.6412],[109.3789,-7.6396],[109.3788,-7.6382],[109.3786,-7.6371],[109.3786,-7.6367],[109.3784,-7.634],[109.3781,-7.6318],[109.378,-7.6306],[109.3778,-7.6299],[109.3777,-7.6294],[109.3777,-7.6284],[109.3779,-7.6269],[109.3782,-7.6253],[109.3783,-7.625],[109.3783,-7.6233],[109.3785,-7.6201],[109.3795,-7.6202],[109.3803,-7.6201],[109.3805,-7.6166],[109.3793,-7.6165],[109.3791,-7.6164],[109.3791,-7.6162],[109.3788,-7.6162],[109.3791,-7.6136],[109.3791,-7.6122],[109.3796,-7.6117],[109.3802,-7.6114],[109.381,-7.6107],[109.3809,-7.6106],[109.3809,-7.6103],[109.381,-7.6102],[109.3812,-7.6101],[109.3812,-7.6098],[109.3811,-7.6097],[109.3811,-7.6096],[109.3813,-7.6094],[109.3819,-7.6094],[109.3822,-7.6093],[109.3825,-7.6088],[109.3825,-7.6084],[109.3827,-7.608],[109.3829,-7.6077],[109.3829,-7.6076],[109.383,-7.6074],[109.3828,-7.6072],[109.3822,-7.6069],[109.3811,-7.6062],[109.3803,-7.6058],[109.3797,-7.6056],[109.3798,-7.6047],[109.3801,-7.6032],[109.3803,-7.6028],[109.3798,-7.6027],[109.3793,-7.6023],[109.3788,-7.6015],[109.3786,-7.6011],[109.3786,-7.6004],[109.3781,-7.6],[109.3783,-7.5998],[109.3787,-7.5995],[109.3788,-7.5993],[109.3803,-7.5988],[109.3808,-7.5985],[109.3814,-7.5979],[109.3819,-7.5976],[109.3824,-7.5975],[109.3831,-7.5975],[109.3836,-7.5977],[109.3836,-7.5968],[109.3839,-7.5968],[109.384,-7.5967],[109.3842,-7.5963],[109.3842,-7.5961],[109.3844,-7.596],[109.3854,-7.596],[109.3855,-7.5959],[109.3855,-7.596],[109.3859,-7.5964],[109.3859,-7.5966],[109.3848,-7.5966],[109.3847,-7.5967],[109.3846,-7.5967],[109.3846,-7.5974],[109.3848,-7.5978],[109.3852,-7.598],[109.3855,-7.5981],[109.3864,-7.5981],[109.3866,-7.5983],[109.3867,-7.5988],[109.3871,-7.5992],[109.3874,-7.5994],[109.3876,-7.5993],[109.3879,-7.5993],[109.388,-7.5995],[109.3881,-7.5996],[109.3884,-7.5997],[109.3885,-7.5997],[109.3885,-7.5996],[109.3883,-7.5994],[109.3883,-7.5992],[109.3887,-7.5988],[109.3889,-7.5982],[109.389,-7.5981],[109.3893,-7.5981],[109.3897,-7.598],[109.39,-7.5978],[109.3903,-7.5978],[109.3904,-7.5977],[109.3908,-7.5977],[109.391,-7.5974],[109.3915,-7.5971],[109.3917,-7.5971],[109.3919,-7.5972],[109.3927,-7.5974],[109.3931,-7.5973],[109.3936,-7.5971],[109.3937,-7.5969],[109.3937,-7.5961],[109.3939,-7.5959],[109.394,-7.5959],[109.3941,-7.5958],[109.3942,-7.5958],[109.3943,-7.5956],[109.3944,-7.5955],[109.3946,-7.5954],[109.3946,-7.5953],[109.3948,-7.5952],[109.3949,-7.5952],[109.3949,-7.5951],[109.3951,-7.595],[109.3952,-7.595],[109.3953,-7.5949],[109.3955,-7.5948],[109.3958,-7.5948],[109.3962,-7.5944],[109.3964,-7.5943],[109.3965,-7.5942],[109.3966,-7.5942],[109.3967,-7.5941],[109.3969,-7.594],[109.397,-7.594],[109.3971,-7.5939],[109.3973,-7.594],[109.3974,-7.5941],[109.3974,-7.5943],[109.3975,-7.5944],[109.3976,-7.5946],[109.3977,-7.5946],[109.3977,-7.5947],[109.3977,-7.5946],[109.3979,-7.5945],[109.398,-7.5943],[109.398,-7.594],[109.3982,-7.5938],[109.3984,-7.5938],[109.3987,-7.5939],[109.3992,-7.594],[109.3994,-7.594],[109.3995,-7.5939],[109.3996,-7.5937],[109.3996,-7.5932],[109.3997,-7.593],[109.3998,-7.5928],[109.4002,-7.5922],[109.4004,-7.592],[109.4004,-7.5919],[109.4005,-7.5918],[109.4009,-7.5916],[109.4025,-7.5916],[109.4027,-7.5914],[109.4029,-7.5909],[109.4027,-7.5897],[109.4027,-7.5894],[109.4026,-7.5886],[109.4027,-7.588],[109.4037,-7.5845],[109.4041,-7.5835],[109.4041,-7.5834],[109.404,-7.5833],[109.4042,-7.5831],[109.4042,-7.5822],[109.4043,-7.5821],[109.4043,-7.5816],[109.4044,-7.5816],[109.4045,-7.5815],[109.4045,-7.5812],[109.4044,-7.5811],[109.4044,-7.5805],[109.4043,-7.5804],[109.4043,-7.5802],[109.4041,-7.58],[109.4041,-7.5798],[109.404,-7.5797],[109.4039,-7.5797],[109.4039,-7.5794],[109.4038,-7.5794],[109.4037,-7.5793],[109.4035,-7.5792],[109.4029,-7.5793],[109.4026,-7.5793],[109.4022,-7.5791],[109.4015,-7.579],[109.4007,-7.5788],[109.3998,-7.5784],[109.3995,-7.5782],[109.3991,-7.5781],[109.3979,-7.5776],[109.3979,-7.5775],[109.398,-7.5773],[109.398,-7.5771],[109.3979,-7.577],[109.3977,-7.5769],[109.3976,-7.5769],[109.3975,-7.5768],[109.3974,-7.5765],[109.3973,-7.5765],[109.3973,-7.5764],[109.3972,-7.5764],[109.397,-7.5761],[109.3969,-7.576],[109.3968,-7.5758],[109.3967,-7.5758],[109.3967,-7.5753],[109.3968,-7.5752],[109.3967,-7.5752],[109.3967,-7.5751],[109.3966,-7.575],[109.3966,-7.5749],[109.3967,-7.5749],[109.3969,-7.5747],[109.3969,-7.5745],[109.3972,-7.5742],[109.3974,-7.5741],[109.3975,-7.5741],[109.3978,-7.5742],[109.3979,-7.5742],[109.3979,-7.5743],[109.3981,-7.5741],[109.3982,-7.5739],[109.3984,-7.5737],[109.3984,-7.5735],[109.3982,-7.5734],[109.3982,-7.5728],[109.3983,-7.5726],[109.3983,-7.5725],[109.3985,-7.5725],[109.3988,-7.5726],[109.399,-7.5727],[109.399,-7.5728],[109.3991,-7.5728],[109.3991,-7.5727],[109.3992,-7.5727],[109.3993,-7.5728],[109.3997,-7.5728],[109.3997,-7.5727],[109.3999,-7.5725],[109.3999,-7.5724],[109.4,-7.5724],[109.4002,-7.5723],[109.4007,-7.5723],[109.4008,-7.5721],[109.4009,-7.5721],[109.4009,-7.5719],[109.4008,-7.5719],[109.4008,-7.5717],[109.4009,-7.5717],[109.4009,-7.5711],[109.401,-7.5711],[109.4011,-7.5709],[109.4012,-7.5709],[109.4014,-7.5704],[109.4014,-7.5701],[109.4013,-7.5699],[109.4013,-7.5697],[109.4014,-7.5695],[109.4014,-7.5686],[109.4013,-7.5684],[109.4014,-7.5682],[109.4014,-7.5679],[109.4012,-7.5675],[109.4009,-7.5673],[109.4009,-7.5672],[109.4006,-7.5672],[109.4006,-7.5671],[109.4005,-7.5671],[109.4005,-7.5669],[109.4006,-7.5667],[109.4006,-7.5665],[109.4004,-7.5664],[109.4004,-7.5661],[109.4003,-7.566],[109.4003,-7.5659],[109.4007,-7.5656],[109.4007,-7.5654],[109.4006,-7.5652],[109.4006,-7.5651],[109.4009,-7.5648],[109.401,-7.5648],[109.4011,-7.5647],[109.4012,-7.5647],[109.4012,-7.5646],[109.4013,-7.5644],[109.4013,-7.5643],[109.4011,-7.5641],[109.4011,-7.5638],[109.4012,-7.5638],[109.4015,-7.5635],[109.4016,-7.5635],[109.4016,-7.5634],[109.4017,-7.5634],[109.4017,-7.5633],[109.4016,-7.5633],[109.4016,-7.5627],[109.4017,-7.5625],[109.4021,-7.5623],[109.4021,-7.5622],[109.4022,-7.5621],[109.4021,-7.562],[109.4021,-7.5619],[109.4018,-7.5618],[109.4018,-7.5617],[109.4009,-7.5612],[109.4008,-7.5611],[109.4006,-7.5611],[109.4005,-7.561],[109.4002,-7.5609],[109.4001,-7.5609],[109.4001,-7.5605],[109.4,-7.5604],[109.4,-7.5603],[109.3998,-7.5603],[109.3997,-7.5602],[109.3995,-7.5602],[109.3992,-7.5601],[109.3988,-7.5601],[109.3987,-7.56],[109.3987,-7.5599],[109.3986,-7.5598],[109.3985,-7.5595],[109.3981,-7.559],[109.3978,-7.5587],[109.3976,-7.5584],[109.3975,-7.5583],[109.3975,-7.558],[109.3974,-7.5578],[109.3972,-7.5575],[109.3971,-7.5574],[109.3969,-7.557],[109.3968,-7.5569],[109.3968,-7.5568],[109.3967,-7.5567],[109.3967,-7.5566],[109.3968,-7.5566],[109.397,-7.5564],[109.397,-7.5559],[109.3969,-7.5557],[109.3966,-7.5554],[109.3966,-7.5547],[109.3965,-7.5547],[109.3964,-7.5545],[109.3962,-7.5544],[109.396,-7.5542],[109.396,-7.5538],[109.3959,-7.5536],[109.3959,-7.5535],[109.3957,-7.5533],[109.3957,-7.5532],[109.3956,-7.5531],[109.3956,-7.553],[109.3955,-7.5529],[109.3955,-7.5526],[109.3954,-7.5525],[109.3953,-7.5525],[109.3953,-7.5523],[109.3952,-7.5522],[109.3952,-7.5518],[109.3951,-7.5518],[109.3951,-7.5516],[109.395,-7.5516],[109.395,-7.5515],[109.3949,-7.5515],[109.3948,-7.5514],[109.3948,-7.5513],[109.3947,-7.5512],[109.3947,-7.5511],[109.3948,-7.5511],[109.3948,-7.551],[109.3951,-7.5507],[109.3951,-7.5506],[109.3952,-7.5505],[109.3952,-7.5501],[109.3953,-7.5499],[109.3953,-7.5498],[109.3952,-7.5496],[109.3952,-7.5495],[109.3953,-7.5492],[109.3953,-7.549],[109.3954,-7.5489],[109.3955,-7.5487],[109.3956,-7.5486],[109.3956,-7.5485],[109.3958,-7.548],[109.3958,-7.5479],[109.396,-7.5475],[109.396,-7.5474],[109.3961,-7.5473],[109.3961,-7.5472],[109.3962,-7.547],[109.3963,-7.5465],[109.3963,-7.5461],[109.3964,-7.546],[109.3964,-7.5456],[109.3965,-7.5455],[109.3965,-7.5428],[109.3964,-7.5427],[109.3964,-7.542],[109.3963,-7.5417],[109.3963,-7.5415],[109.3962,-7.5414],[109.3962,-7.5412],[109.396,-7.5408],[109.396,-7.5406],[109.3959,-7.5406],[109.3959,-7.5403],[109.3958,-7.5403],[109.3958,-7.54],[109.3957,-7.5398],[109.3957,-7.5394],[109.3956,-7.5391],[109.3956,-7.5387],[109.3955,-7.5382],[109.3953,-7.5377],[109.3953,-7.5374],[109.3954,-7.5373],[109.3954,-7.5372],[109.3957,-7.5369],[109.3958,-7.537],[109.3961,-7.5368],[109.3962,-7.5367],[109.3966,-7.5366],[109.3975,-7.5366],[109.3977,-7.5365],[109.3977,-7.5362],[109.3975,-7.5359],[109.3975,-7.5356],[109.3976,-7.5353],[109.3981,-7.5348],[109.3985,-7.5352],[109.3992,-7.5361],[109.3994,-7.5363],[109.3999,-7.5365],[109.4003,-7.5365],[109.4013,-7.5373],[109.4013,-7.5377],[109.4018,-7.5384],[109.4024,-7.5388],[109.4026,-7.5389],[109.403,-7.5393],[109.4033,-7.5398],[109.4034,-7.5403],[109.4037,-7.5408],[109.404,-7.5409],[109.4048,-7.5405],[109.4062,-7.5403],[109.4067,-7.5404],[109.4072,-7.5407],[109.4083,-7.5401],[109.4088,-7.5395],[109.409,-7.5394],[109.4098,-7.5392],[109.4104,-7.5391],[109.412,-7.5385],[109.4122,-7.5385],[109.4125,-7.5386],[109.4134,-7.5388],[109.4146,-7.5386],[109.415,-7.5386],[109.4155,-7.5387],[109.4161,-7.5389],[109.4163,-7.5388],[109.4168,-7.538],[109.4173,-7.5375],[109.4174,-7.5372],[109.4174,-7.5367],[109.417,-7.5359],[109.4179,-7.5349],[109.4183,-7.5343],[109.4188,-7.534],[109.4193,-7.5339],[109.4199,-7.5339],[109.4208,-7.5342],[109.4217,-7.5347],[109.422,-7.5348],[109.4221,-7.5348],[109.4233,-7.5353],[109.4246,-7.5362],[109.4249,-7.5363],[109.4256,-7.5368],[109.4258,-7.5368],[109.4261,-7.5369],[109.427,-7.5369],[109.4281,-7.5367],[109.4294,-7.5368],[109.4305,-7.5367],[109.4312,-7.5367],[109.4319,-7.5366],[109.4326,-7.5362],[109.4327,-7.5361],[109.4332,-7.5366],[109.4332,-7.5369],[109.4333,-7.5373],[109.4334,-7.5374],[109.4339,-7.5384],[109.4339,-7.5392],[109.4338,-7.5393],[109.4334,-7.5394],[109.4332,-7.5394],[109.433,-7.5395],[109.4325,-7.5399],[109.4323,-7.5402],[109.4323,-7.5403],[109.4319,-7.5415],[109.4319,-7.5416],[109.432,-7.5419],[109.4321,-7.5419],[109.4322,-7.5433],[109.4326,-7.544],[109.4326,-7.5442],[109.4327,-7.5443],[109.4328,-7.5445],[109.4329,-7.5446],[109.4327,-7.5452],[109.4326,-7.5454],[109.4328,-7.5458],[109.4328,-7.5459],[109.4325,-7.5463],[109.432,-7.5466],[109.4319,-7.5468],[109.432,-7.547],[109.4321,-7.5471],[109.432,-7.5474],[109.432,-7.5477],[109.4323,-7.5479],[109.4325,-7.5481],[109.4327,-7.5486],[109.4327,-7.5489],[109.4329,-7.5492],[109.433,-7.5493],[109.433,-7.5495],[109.4329,-7.5497],[109.4326,-7.5499],[109.4324,-7.5501],[109.4322,-7.5501],[109.432,-7.5503],[109.4319,-7.5505],[109.4318,-7.5509],[109.4319,-7.5514],[109.4317,-7.5518],[109.4315,-7.5521],[109.431,-7.5526],[109.4306,-7.5536],[109.4304,-7.5538],[109.4301,-7.5542],[109.4297,-7.5548],[109.4295,-7.5549],[109.4295,-7.555],[109.4294,-7.555],[109.4293,-7.5551],[109.4288,-7.5559],[109.4288,-7.5561],[109.4287,-7.5561],[109.4286,-7.5562],[109.4279,-7.5562],[109.4276,-7.5561],[109.427,-7.5561],[109.4266,-7.5562],[109.4264,-7.5562],[109.4262,-7.5563],[109.4261,-7.5567],[109.4259,-7.5569],[109.4258,-7.5571],[109.4252,-7.5572],[109.425,-7.5572],[109.4249,-7.5571],[109.4247,-7.557],[109.4245,-7.5569],[109.4244,-7.5569],[109.424,-7.5573],[109.424,-7.5575],[109.4228,-7.5576],[109.4224,-7.5577],[109.4215,-7.5578],[109.421,-7.5579],[109.4207,-7.558],[109.42,-7.5587],[109.4198,-7.5588],[109.4194,-7.5588],[109.4192,-7.5589],[109.4191,-7.5589],[109.4189,-7.5591],[109.4188,-7.5594],[109.4188,-7.5597],[109.4187,-7.5598],[109.4186,-7.5602],[109.4183,-7.5606],[109.4179,-7.561],[109.4171,-7.562],[109.4168,-7.5623],[109.4167,-7.5625],[109.4165,-7.5626],[109.4161,-7.563],[109.4161,-7.564],[109.4158,-7.5649],[109.4151,-7.5657],[109.4151,-7.5662],[109.4153,-7.5667],[109.4154,-7.5669],[109.4155,-7.567],[109.4153,-7.5677],[109.4155,-7.569],[109.4154,-7.5694],[109.4154,-7.5697],[109.4156,-7.5702],[109.4156,-7.5705],[109.4157,-7.5707],[109.4159,-7.5708],[109.416,-7.5709],[109.416,-7.571],[109.4161,-7.5712],[109.4161,-7.5714],[109.4162,-7.5716],[109.4166,-7.572],[109.4167,-7.572],[109.4172,-7.5723],[109.4174,-7.5725],[109.4176,-7.5729],[109.4178,-7.573],[109.4178,-7.5733],[109.4179,-7.5734],[109.4181,-7.574],[109.4181,-7.5749],[109.4188,-7.5757],[109.4188,-7.5758],[109.4192,-7.5767],[109.4192,-7.5768],[109.4193,-7.577],[109.4193,-7.5773],[109.4194,-7.5775],[109.4209,-7.5785],[109.4211,-7.5785],[109.4211,-7.5791],[109.4212,-7.5798],[109.4212,-7.5802],[109.4215,-7.5825],[109.4215,-7.5827],[109.4213,-7.5831],[109.4212,-7.5837],[109.4212,-7.5845],[109.4211,-7.5847],[109.4204,-7.5852],[109.4201,-7.5855],[109.4202,-7.5857],[109.4204,-7.5859],[109.4211,-7.586],[109.4215,-7.5861],[109.4217,-7.5861],[109.4217,-7.5867],[109.4218,-7.587],[109.4219,-7.5871],[109.4222,-7.5873],[109.4229,-7.5876],[109.4232,-7.5876],[109.4233,-7.5877],[109.4234,-7.5879],[109.4234,-7.5882],[109.4232,-7.5887],[109.4231,-7.5888],[109.4231,-7.589],[109.4233,-7.5892],[109.4238,-7.5894],[109.4243,-7.5894],[109.4245,-7.5893],[109.4246,-7.5893],[109.4245,-7.5887],[109.4245,-7.5886],[109.4246,-7.5884],[109.4249,-7.5884],[109.4251,-7.5885],[109.4253,-7.589],[109.4253,-7.5892],[109.4254,-7.5896],[109.4254,-7.5898],[109.4259,-7.5901],[109.426,-7.5901],[109.4265,-7.5906],[109.4266,-7.5915],[109.4266,-7.592],[109.4264,-7.5922],[109.4264,-7.5925],[109.4266,-7.593],[109.427,-7.5936],[109.4272,-7.5937],[109.4276,-7.5935],[109.4279,-7.5934],[109.428,-7.5934],[109.4281,-7.5936],[109.4282,-7.5942],[109.4282,-7.5944],[109.4283,-7.5946],[109.4284,-7.5947],[109.4286,-7.5948],[109.4287,-7.5947],[109.4289,-7.5946],[109.429,-7.5943],[109.4292,-7.5939],[109.4294,-7.5937],[109.4296,-7.5937],[109.43,-7.5941],[109.4302,-7.5951],[109.4303,-7.5954],[109.4303,-7.5956],[109.4305,-7.5961],[109.4305,-7.5963],[109.4306,-7.5964],[109.4308,-7.5968],[109.4309,-7.5969],[109.4312,-7.597],[109.4322,-7.597],[109.4324,-7.5971],[109.4326,-7.5973],[109.4326,-7.5975],[109.4324,-7.5977],[109.4323,-7.5979],[109.4322,-7.598],[109.4322,-7.5984],[109.4327,-7.5989],[109.4328,-7.5989],[109.4332,-7.5991],[109.4336,-7.5991],[109.4348,-7.599],[109.435,-7.5991],[109.4351,-7.5992],[109.4353,-7.5995],[109.4354,-7.5996],[109.4354,-7.5997],[109.4355,-7.5998],[109.4356,-7.5998],[109.4361,-7.6007],[109.4362,-7.6008],[109.4374,-7.6009],[109.4376,-7.601],[109.4378,-7.6012],[109.4378,-7.6017],[109.4377,-7.6021],[109.4376,-7.6023],[109.4376,-7.6027],[109.4378,-7.6032],[109.4375,-7.6034],[109.4374,-7.6034],[109.4373,-7.6035],[109.4374,-7.6038],[109.4374,-7.604],[109.4376,-7.6042],[109.4389,-7.6046],[109.439,-7.6046],[109.4397,-7.6049],[109.44,-7.6051],[109.44,-7.6052],[109.4402,-7.6056],[109.4401,-7.606],[109.4401,-7.6064],[109.4408,-7.607],[109.4409,-7.607],[109.4413,-7.6074],[109.4415,-7.6075],[109.4415,-7.6077],[109.4413,-7.6087],[109.4412,-7.609],[109.4412,-7.6101],[109.4415,-7.6107],[109.4418,-7.6114],[109.4418,-7.6119],[109.4415,-7.6126],[109.4415,-7.6128],[109.4416,-7.613],[109.4418,-7.6132],[109.4425,-7.6136],[109.4431,-7.6139],[109.4432,-7.614],[109.4432,-7.6145],[109.4433,-7.6146],[109.4439,-7.6149],[109.4442,-7.6152],[109.4442,-7.616],[109.4444,-7.6163],[109.4444,-7.6164],[109.4446,-7.6167],[109.4451,-7.617],[109.4454,-7.6171],[109.4455,-7.6172],[109.4458,-7.6185],[109.4456,-7.6191],[109.4456,-7.6195],[109.4462,-7.6201],[109.4463,-7.6203],[109.4464,-7.6207],[109.4464,-7.6209],[109.4461,-7.6212],[109.4458,-7.6214],[109.4442,-7.6215],[109.4442,-7.6216],[109.4443,-7.6219],[109.4445,-7.6223],[109.4444,-7.6236],[109.4444,-7.6241],[109.4443,-7.6243],[109.4442,-7.6244],[109.444,-7.6245],[109.4439,-7.6245],[109.4437,-7.624],[109.4436,-7.6239],[109.4434,-7.6238],[109.4433,-7.6238],[109.4432,-7.624],[109.4431,-7.6251],[109.4425,-7.6251],[109.4425,-7.6245],[109.4423,-7.624],[109.4422,-7.624],[109.4418,-7.6245],[109.4415,-7.625],[109.4415,-7.6251],[109.4413,-7.6254],[109.4413,-7.6257],[109.4414,-7.6258],[109.4414,-7.6263],[109.4413,-7.6264],[109.4411,-7.6264],[109.4409,-7.6262],[109.4407,-7.6261],[109.4403,-7.6261],[109.44,-7.6264],[109.44,-7.6266],[109.4403,-7.6271],[109.4408,-7.6274],[109.4409,-7.6276],[109.441,-7.6277],[109.4409,-7.6279],[109.4406,-7.6282],[109.4403,-7.6283],[109.4401,-7.6283],[109.44,-7.6284],[109.44,-7.6294],[109.4401,-7.6298],[109.4402,-7.63],[109.4402,-7.6302],[109.4401,-7.6305],[109.4401,-7.6306],[109.4391,-7.6306],[109.4388,-7.6309],[109.4387,-7.6314],[109.4386,-7.6317],[109.4387,-7.6318],[109.438,-7.6329],[109.4378,-7.6329],[109.4376,-7.6331],[109.437,-7.6335],[109.4365,-7.634],[109.4362,-7.6345],[109.4352,-7.6355],[109.4349,-7.6357]]]]}},{"type":"Feature","id":"ADMINISTRASI_AR_KECAMATAN_10K_2023.27","properties":{"id":"33.02.02","name":"Wangon","fcode":"BA03070040","luasWilayahHa":6781.6788873203,"kdpkab":"33.02","wadmkc":"Wangon","metadata":"TASWIL1000020230928_DATA_BATAS_DESAKELURAHAN","sumber":"Geoportal Palapa Kabupaten Banyumas (WFS 10K 2023)"},"geometry":{"type":"MultiPolygon","coordinates":[[[[109.0799,-7.5033],[109.0798,-7.5035],[109.0798,-7.5043],[109.0796,-7.5049],[109.0792,-7.5053],[109.0791,-7.5056],[109.0788,-7.5058],[109.0787,-7.506],[109.0785,-7.506],[109.0782,-7.5061],[109.0779,-7.5063],[109.0779,-7.507],[109.0774,-7.5069],[109.0768,-7.507],[109.0763,-7.5074],[109.0762,-7.5088],[109.0753,-7.5091],[109.075,-7.5093],[109.0746,-7.5094],[109.0742,-7.5098],[109.0739,-7.5102],[109.0738,-7.5106],[109.0738,-7.5108],[109.074,-7.511],[109.0741,-7.5112],[109.0742,-7.5113],[109.0743,-7.5113],[109.0744,-7.5115],[109.076,-7.513],[109.0772,-7.5143],[109.0782,-7.5155],[109.0788,-7.5165],[109.0794,-7.5178],[109.0801,-7.5207],[109.0802,-7.523],[109.0802,-7.524],[109.0803,-7.5243],[109.0801,-7.5245],[109.0797,-7.5253],[109.0795,-7.526],[109.0775,-7.5257],[109.0766,-7.5272],[109.0761,-7.5271],[109.0761,-7.5268],[109.0757,-7.5266],[109.0754,-7.5268],[109.0757,-7.5274],[109.0754,-7.5279],[109.0757,-7.5281],[109.0753,-7.5287],[109.0752,-7.5287],[109.0748,-7.5293],[109.0747,-7.5295],[109.0743,-7.5299],[109.074,-7.5303],[109.0738,-7.5307],[109.0737,-7.5332],[109.0735,-7.5358],[109.0733,-7.5358],[109.0733,-7.5367],[109.0726,-7.5367],[109.0725,-7.5368],[109.0708,-7.5369],[109.0701,-7.537],[109.0688,-7.5374],[109.0681,-7.5371],[109.0677,-7.5381],[109.0674,-7.5391],[109.0682,-7.5391],[109.0691,-7.5389],[109.0701,-7.5385],[109.0704,-7.5385],[109.0706,-7.5384],[109.0714,-7.5387],[109.0715,-7.5388],[109.0717,-7.5391],[109.0717,-7.5396],[109.0715,-7.5401],[109.0713,-7.5403],[109.0712,-7.5403],[109.0712,-7.5405],[109.0713,-7.5406],[109.0715,-7.5412],[109.072,-7.5417],[109.072,-7.542],[109.0722,-7.5426],[109.0724,-7.5428],[109.0726,-7.5429],[109.0728,-7.5429],[109.0733,-7.5428],[109.0738,-7.5426],[109.0741,-7.5424],[109.0743,-7.5419],[109.0746,-7.5415],[109.0748,-7.5408],[109.0751,-7.5402],[109.0753,-7.5401],[109.0756,-7.5401],[109.0756,-7.5403],[109.0765,-7.5415],[109.0768,-7.5417],[109.0769,-7.5417],[109.0775,-7.5415],[109.0779,-7.5413],[109.0782,-7.5412],[109.0781,-7.5409],[109.0781,-7.5404],[109.078,-7.5403],[109.0779,-7.54],[109.0779,-7.5398],[109.078,-7.5395],[109.078,-7.5394],[109.0782,-7.5392],[109.0784,-7.5392],[109.0786,-7.5393],[109.0788,-7.5395],[109.079,-7.5398],[109.0792,-7.54],[109.0793,-7.5402],[109.0793,-7.5408],[109.0792,-7.5409],[109.079,-7.5413],[109.0791,-7.5416],[109.0793,-7.542],[109.0795,-7.5426],[109.0797,-7.5428],[109.0799,-7.5429],[109.0803,-7.5429],[109.0808,-7.5428],[109.0816,-7.5422],[109.0819,-7.542],[109.0823,-7.5418],[109.0828,-7.542],[109.0833,-7.5428],[109.0833,-7.5431],[109.0832,-7.5434],[109.083,-7.5438],[109.083,-7.5441],[109.0834,-7.5441],[109.0836,-7.544],[109.0843,-7.544],[109.084,-7.5447],[109.0844,-7.5449],[109.0844,-7.5452],[109.0843,-7.5456],[109.0841,-7.5459],[109.0837,-7.5462],[109.0834,-7.5466],[109.0832,-7.5468],[109.0831,-7.5471],[109.0833,-7.5476],[109.0834,-7.5477],[109.0836,-7.5478],[109.0837,-7.5479],[109.0839,-7.5479],[109.084,-7.5478],[109.0841,-7.5476],[109.0848,-7.5469],[109.0852,-7.5467],[109.0862,-7.5464],[109.0866,-7.5464],[109.0871,-7.5465],[109.0876,-7.5468],[109.088,-7.5469],[109.0882,-7.5466],[109.0886,-7.5466],[109.0887,-7.5467],[109.0893,-7.5469],[109.0895,-7.5472],[109.0896,-7.5473],[109.0897,-7.5478],[109.0896,-7.548],[109.0897,-7.5484],[109.0898,-7.5484],[109.0897,-7.5486],[109.0897,-7.5487],[109.0898,-7.5487],[109.0898,-7.5488],[109.0897,-7.5489],[109.0897,-7.549],[109.0895,-7.549],[109.0895,-7.5491],[109.0894,-7.5492],[109.0893,-7.5492],[109.0893,-7.5494],[109.0892,-7.5495],[109.0888,-7.5496],[109.0882,-7.5499],[109.0874,-7.5499],[109.0873,-7.5506],[109.0853,-7.5508],[109.0837,-7.5545],[109.0828,-7.5568],[109.0825,-7.5585],[109.0824,-7.5596],[109.0827,-7.5613],[109.0828,-7.5616],[109.0822,-7.562],[109.0819,-7.562],[109.0813,-7.5622],[109.0809,-7.5626],[109.0806,-7.5691],[109.0803,-7.573],[109.0797,-7.5731],[109.0789,-7.5734],[109.0783,-7.5734],[109.0777,-7.5736],[109.0773,-7.5735],[109.075,-7.5737],[109.0744,-7.5738],[109.0731,-7.5738],[109.072,-7.5736],[109.0705,-7.5732],[109.0702,-7.5732],[109.0694,-7.5731],[109.0687,-7.5731],[109.0681,-7.5733],[109.0672,-7.5731],[109.067,-7.5731],[109.0663,-7.573],[109.0653,-7.5725],[109.0646,-7.572],[109.0636,-7.5714],[109.0615,-7.5706],[109.0614,-7.5705],[109.0606,-7.5702],[109.0591,-7.5683],[109.0594,-7.5674],[109.0596,-7.5671],[109.0597,-7.5666],[109.0597,-7.565],[109.0596,-7.5648],[109.0593,-7.5644],[109.059,-7.5639],[109.0582,-7.5632],[109.0582,-7.5619],[109.0585,-7.56],[109.0587,-7.5592],[109.0585,-7.5587],[109.0583,-7.558],[109.0583,-7.5565],[109.0582,-7.556],[109.058,-7.5559],[109.0575,-7.5559],[109.0563,-7.5557],[109.0557,-7.5557],[109.0549,-7.5558],[109.0545,-7.556],[109.0531,-7.5566],[109.0527,-7.5567],[109.0522,-7.5569],[109.0517,-7.557],[109.0513,-7.5575],[109.051,-7.5578],[109.0505,-7.5582],[109.0502,-7.5583],[109.0498,-7.5583],[109.0487,-7.5585],[109.0481,-7.5588],[109.0476,-7.5589],[109.0469,-7.5591],[109.0449,-7.5595],[109.0445,-7.5595],[109.0441,-7.5596],[109.0436,-7.5596],[109.0432,-7.5595],[109.0428,-7.5593],[109.0426,-7.559],[109.0421,-7.5584],[109.0415,-7.5578],[109.0411,-7.5576],[109.0407,-7.5577],[109.0405,-7.5576],[109.0402,-7.5573],[109.0399,-7.5568],[109.0398,-7.5565],[109.0396,-7.5565],[109.0395,-7.5564],[109.0392,-7.5565],[109.0391,-7.5566],[109.0387,-7.5572],[109.0384,-7.5574],[109.038,-7.5574],[109.0373,-7.5569],[109.0368,-7.5568],[109.0366,-7.5565],[109.0353,-7.5552],[109.0351,-7.5548],[109.0345,-7.5546],[109.0342,-7.5547],[109.0337,-7.5547],[109.0333,-7.5545],[109.0327,-7.5543],[109.0321,-7.554],[109.0312,-7.5533],[109.0305,-7.5531],[109.0296,-7.5527],[109.0294,-7.5523],[109.0291,-7.552],[109.029,-7.5515],[109.029,-7.5511],[109.0289,-7.5507],[109.0287,-7.5503],[109.0285,-7.5498],[109.0285,-7.5496],[109.0283,-7.5492],[109.0282,-7.5487],[109.028,-7.5482],[109.0276,-7.5477],[109.0271,-7.5465],[109.0262,-7.5461],[109.0259,-7.5453],[109.0255,-7.5447],[109.0248,-7.5439],[109.0244,-7.5435],[109.0239,-7.5434],[109.023,-7.5434],[109.022,-7.5436],[109.0214,-7.5436],[109.0205,-7.5439],[109.02,-7.5438],[109.0189,-7.5437],[109.0168,-7.5439],[109.0162,-7.5439],[109.0148,-7.5442],[109.0139,-7.544],[109.013,-7.5439],[109.0121,-7.5442],[109.0113,-7.5437],[109.011,-7.5436],[109.0106,-7.5437],[109.0094,-7.5446],[109.0089,-7.5447],[109.0079,-7.5451],[109.0075,-7.5452],[109.0072,-7.5451],[109.0063,-7.5449],[109.0058,-7.5449],[109.0054,-7.5447],[109.0047,-7.5447],[109.0042,-7.5448],[109.0034,-7.5445],[109.0032,-7.5443],[109.0031,-7.5439],[109.0031,-7.5437],[109.003,-7.5435],[109.0033,-7.543],[109.0031,-7.5426],[109.0027,-7.542],[109.0027,-7.5416],[109.0028,-7.5414],[109.0028,-7.5412],[109.0029,-7.541],[109.0029,-7.5407],[109.0028,-7.5404],[109.0028,-7.5403],[109.0029,-7.5402],[109.0031,-7.5389],[109.0031,-7.5375],[109.0032,-7.5373],[109.0034,-7.5351],[109.0041,-7.534],[109.0041,-7.5335],[109.004,-7.5334],[109.0045,-7.533],[109.0046,-7.5327],[109.0047,-7.5322],[109.0049,-7.5316],[109.0049,-7.53],[109.0052,-7.5295],[109.0053,-7.5291],[109.0056,-7.5287],[109.006,-7.5285],[109.0062,-7.5281],[109.0066,-7.5276],[109.0071,-7.5272],[109.0088,-7.5265],[109.0092,-7.5261],[109.0093,-7.5261],[109.0103,-7.5257],[109.0109,-7.5252],[109.0122,-7.5243],[109.0128,-7.5238],[109.0132,-7.5233],[109.0138,-7.5224],[109.0141,-7.5217],[109.0146,-7.5209],[109.0148,-7.5207],[109.016,-7.5207],[109.0169,-7.5209],[109.0173,-7.5211],[109.0176,-7.5213],[109.0185,-7.5227],[109.019,-7.5234],[109.0197,-7.524],[109.0217,-7.5248],[109.0222,-7.5251],[109.0227,-7.5253],[109.0229,-7.5255],[109.0231,-7.5256],[109.0234,-7.526],[109.0245,-7.526],[109.0249,-7.5259],[109.0254,-7.5257],[109.0261,-7.5253],[109.0275,-7.525],[109.0279,-7.5248],[109.029,-7.5235],[109.0295,-7.5228],[109.0297,-7.5224],[109.0303,-7.5217],[109.0313,-7.5208],[109.0315,-7.5205],[109.0318,-7.5202],[109.0323,-7.5196],[109.0326,-7.5192],[109.0333,-7.5181],[109.0334,-7.5177],[109.0337,-7.5168],[109.0338,-7.5163],[109.034,-7.5156],[109.0344,-7.515],[109.0345,-7.5144],[109.0346,-7.5143],[109.0346,-7.5141],[109.0348,-7.5139],[109.0348,-7.5135],[109.0349,-7.5131],[109.0349,-7.5121],[109.0348,-7.5118],[109.0346,-7.5114],[109.0344,-7.5113],[109.0343,-7.5111],[109.034,-7.5111],[109.0335,-7.5109],[109.0331,-7.5108],[109.0326,-7.5108],[109.0325,-7.5109],[109.0323,-7.511],[109.0321,-7.5112],[109.0311,-7.5118],[109.0309,-7.5118],[109.0309,-7.5117],[109.0308,-7.5116],[109.0308,-7.5113],[109.0309,-7.511],[109.0313,-7.5102],[109.0314,-7.5101],[109.0317,-7.5101],[109.0318,-7.51],[109.0323,-7.5097],[109.0325,-7.5095],[109.0327,-7.5094],[109.0328,-7.5093],[109.0328,-7.509],[109.0326,-7.5088],[109.0325,-7.5088],[109.0325,-7.5087],[109.0324,-7.5086],[109.0325,-7.5084],[109.0325,-7.5082],[109.0327,-7.5077],[109.0327,-7.5073],[109.0326,-7.507],[109.0326,-7.5065],[109.0328,-7.5058],[109.0328,-7.5056],[109.0331,-7.5053],[109.0334,-7.5052],[109.0338,-7.5049],[109.034,-7.5048],[109.0341,-7.5048],[109.0342,-7.5047],[109.0342,-7.5046],[109.0343,-7.5044],[109.0343,-7.5042],[109.0344,-7.5039],[109.0344,-7.502],[109.0343,-7.5018],[109.0342,-7.5017],[109.0341,-7.5015],[109.034,-7.5014],[109.0339,-7.5014],[109.0336,-7.5013],[109.0335,-7.5011],[109.0335,-7.5009],[109.0336,-7.5008],[109.034,-7.5],[109.0342,-7.4998],[109.0344,-7.4997],[109.0345,-7.4997],[109.0345,-7.4998],[109.0346,-7.4998],[109.0346,-7.5003],[109.0347,-7.5004],[109.0347,-7.5005],[109.0348,-7.5005],[109.0348,-7.5006],[109.0355,-7.5006],[109.036,-7.5004],[109.0362,-7.5004],[109.0363,-7.5003],[109.0366,-7.5002],[109.0372,-7.4999],[109.0374,-7.4997],[109.0377,-7.4995],[109.0379,-7.4993],[109.0379,-7.4991],[109.0376,-7.4985],[109.0376,-7.4983],[109.0377,-7.4983],[109.0379,-7.4981],[109.0381,-7.498],[109.0382,-7.4979],[109.0382,-7.4972],[109.0383,-7.4971],[109.0383,-7.4969],[109.039,-7.4961],[109.0395,-7.4964],[109.0397,-7.4966],[109.0397,-7.4967],[109.0394,-7.497],[109.0395,-7.4971],[109.0395,-7.4972],[109.04,-7.4973],[109.0402,-7.4973],[109.0404,-7.4972],[109.0407,-7.4972],[109.0411,-7.4976],[109.0412,-7.4975],[109.0417,-7.4974],[109.0419,-7.4973],[109.0421,-7.4968],[109.0421,-7.4963],[109.0419,-7.4963],[109.0418,-7.4962],[109.0413,-7.4962],[109.041,-7.4964],[109.0402,-7.4964],[109.0401,-7.4963],[109.04,-7.4963],[109.0399,-7.4962],[109.0399,-7.4961],[109.04,-7.4961],[109.0403,-7.4958],[109.0403,-7.4956],[109.0402,-7.4955],[109.0399,-7.495],[109.0393,-7.4946],[109.0391,-7.4945],[109.0389,-7.4945],[109.0387,-7.4943],[109.0382,-7.4941],[109.0381,-7.494],[109.0381,-7.4936],[109.0382,-7.4933],[109.0383,-7.4927],[109.0383,-7.4923],[109.0386,-7.4915],[109.0388,-7.4913],[109.039,-7.4912],[109.0393,-7.4909],[109.0395,-7.4904],[109.0395,-7.4902],[109.0397,-7.4902],[109.0398,-7.4901],[109.0399,-7.4896],[109.0401,-7.4894],[109.0406,-7.4894],[109.0407,-7.4892],[109.0408,-7.4892],[109.0409,-7.4891],[109.041,-7.4891],[109.0411,-7.4892],[109.0412,-7.4892],[109.0412,-7.4891],[109.0414,-7.4889],[109.0415,-7.4889],[109.0416,-7.4888],[109.0417,-7.4888],[109.0417,-7.4887],[109.0421,-7.4887],[109.042,-7.4882],[109.0418,-7.4881],[109.0417,-7.488],[109.0416,-7.4878],[109.0416,-7.4875],[109.0415,-7.4874],[109.0415,-7.4855],[109.0416,-7.4854],[109.0417,-7.4854],[109.0417,-7.4849],[109.0418,-7.4849],[109.0419,-7.4848],[109.0421,-7.4848],[109.0421,-7.4847],[109.0423,-7.4845],[109.043,-7.4845],[109.0431,-7.4844],[109.0432,-7.4844],[109.0432,-7.4843],[109.0433,-7.4842],[109.0433,-7.4841],[109.0434,-7.484],[109.0435,-7.484],[109.0436,-7.4839],[109.0436,-7.4836],[109.0437,-7.4835],[109.0437,-7.4832],[109.0436,-7.4832],[109.0436,-7.4831],[109.043,-7.4818],[109.0432,-7.4817],[109.0443,-7.4807],[109.0431,-7.4763],[109.0427,-7.4758],[109.0432,-7.4746],[109.043,-7.4744],[109.0432,-7.472],[109.043,-7.4712],[109.0428,-7.4707],[109.0415,-7.4694],[109.0415,-7.4693],[109.0414,-7.4693],[109.0419,-7.467],[109.0419,-7.4662],[109.0416,-7.4652],[109.0416,-7.4648],[109.042,-7.4638],[109.042,-7.4635],[109.0416,-7.4625],[109.041,-7.4619],[109.0408,-7.4616],[109.0406,-7.4614],[109.0403,-7.4612],[109.0396,-7.4608],[109.0392,-7.4607],[109.039,-7.4606],[109.0387,-7.4607],[109.0384,-7.4607],[109.0374,-7.4595],[109.0367,-7.4595],[109.0349,-7.4599],[109.0335,-7.4584],[109.0334,-7.4582],[109.0334,-7.4579],[109.0332,-7.4575],[109.0328,-7.4571],[109.0328,-7.4569],[109.0327,-7.4567],[109.0327,-7.4565],[109.0326,-7.4563],[109.0321,-7.4557],[109.0321,-7.4555],[109.032,-7.4553],[109.032,-7.4551],[109.0318,-7.455],[109.0317,-7.4548],[109.0315,-7.4547],[109.0311,-7.4547],[109.031,-7.4546],[109.0308,-7.4546],[109.0307,-7.4544],[109.0306,-7.4543],[109.0304,-7.4542],[109.0302,-7.4542],[109.03,-7.454],[109.0299,-7.4534],[109.0304,-7.4523],[109.0308,-7.4513],[109.031,-7.4511],[109.0319,-7.4508],[109.0323,-7.4506],[109.0329,-7.4504],[109.0337,-7.45],[109.034,-7.45],[109.0345,-7.4501],[109.0359,-7.4515],[109.0364,-7.4519],[109.0366,-7.452],[109.0382,-7.4514],[109.0385,-7.4514],[109.0393,-7.4518],[109.0396,-7.4518],[109.0406,-7.4516],[109.042,-7.4519],[109.0429,-7.452],[109.0438,-7.4523],[109.0439,-7.4523],[109.045,-7.4527],[109.0464,-7.4528],[109.048,-7.4528],[109.0491,-7.4532],[109.0498,-7.4533],[109.0505,-7.4533],[109.0512,-7.4553],[109.0514,-7.4556],[109.0515,-7.4557],[109.0516,-7.456],[109.0519,-7.4566],[109.052,-7.4567],[109.0521,-7.4567],[109.0523,-7.4568],[109.0528,-7.4572],[109.053,-7.4575],[109.0532,-7.4576],[109.0536,-7.458],[109.0544,-7.4585],[109.0551,-7.4588],[109.056,-7.4591],[109.0566,-7.4592],[109.0571,-7.459],[109.0574,-7.459],[109.0581,-7.4594],[109.058,-7.4589],[109.0579,-7.4587],[109.0581,-7.4583],[109.0585,-7.4577],[109.0586,-7.4576],[109.059,-7.4577],[109.059,-7.4573],[109.0589,-7.4572],[109.0589,-7.4571],[109.059,-7.4569],[109.0594,-7.4566],[109.0594,-7.4564],[109.0595,-7.4561],[109.0599,-7.4561],[109.0601,-7.4563],[109.0602,-7.4562],[109.0607,-7.4562],[109.0608,-7.4561],[109.061,-7.4561],[109.0611,-7.4562],[109.0614,-7.4562],[109.0614,-7.4561],[109.0615,-7.4561],[109.0615,-7.456],[109.0618,-7.456],[109.062,-7.4561],[109.0622,-7.4561],[109.0638,-7.4554],[109.0642,-7.4549],[109.0644,-7.4548],[109.0646,-7.455],[109.0647,-7.4548],[109.0647,-7.4547],[109.0651,-7.4543],[109.0653,-7.4542],[109.0654,-7.4541],[109.0656,-7.4541],[109.0657,-7.454],[109.0659,-7.454],[109.066,-7.4541],[109.0661,-7.4541],[109.0662,-7.454],[109.0665,-7.4539],[109.0666,-7.4538],[109.0669,-7.4527],[109.067,-7.4526],[109.0695,-7.4527],[109.0703,-7.4525],[109.0704,-7.4524],[109.0709,-7.4524],[109.0724,-7.453],[109.0732,-7.4532],[109.0748,-7.4538],[109.0752,-7.4538],[109.0755,-7.454],[109.0761,-7.4541],[109.0761,-7.4543],[109.0778,-7.4547],[109.0779,-7.4548],[109.0779,-7.4551],[109.0798,-7.4551],[109.0802,-7.4552],[109.0815,-7.4553],[109.0816,-7.4554],[109.082,-7.4556],[109.0831,-7.4556],[109.0833,-7.4557],[109.0842,-7.4557],[109.0843,-7.4558],[109.0846,-7.4558],[109.0849,-7.4561],[109.0852,-7.4561],[109.0853,-7.4562],[109.0857,-7.4562],[109.0859,-7.4564],[109.0863,-7.4584],[109.0872,-7.459],[109.0887,-7.4617],[109.0889,-7.4624],[109.0907,-7.4628],[109.0902,-7.4635],[109.0902,-7.4637],[109.089,-7.4642],[109.0887,-7.4655],[109.0883,-7.4663],[109.0876,-7.4673],[109.0874,-7.4672],[109.0872,-7.4673],[109.0871,-7.4676],[109.087,-7.4677],[109.0862,-7.467],[109.0855,-7.4667],[109.085,-7.4667],[109.0843,-7.4669],[109.0839,-7.4667],[109.0833,-7.4667],[109.083,-7.467],[109.0818,-7.4671],[109.0815,-7.467],[109.0813,-7.467],[109.081,-7.4668],[109.0803,-7.4674],[109.0803,-7.4677],[109.0804,-7.4679],[109.0802,-7.4682],[109.081,-7.4695],[109.0807,-7.4701],[109.0806,-7.4705],[109.0803,-7.4708],[109.0806,-7.4713],[109.0806,-7.4716],[109.0804,-7.4725],[109.0801,-7.4731],[109.0786,-7.4757],[109.0765,-7.4787],[109.0754,-7.478],[109.0753,-7.4776],[109.0747,-7.4769],[109.0743,-7.4761],[109.0738,-7.4759],[109.0735,-7.4759],[109.0726,-7.4762],[109.0726,-7.4767],[109.0731,-7.4773],[109.0733,-7.4777],[109.0735,-7.4779],[109.0737,-7.4783],[109.0739,-7.4788],[109.074,-7.4793],[109.074,-7.4814],[109.0742,-7.4817],[109.0744,-7.4814],[109.0745,-7.4814],[109.0746,-7.4812],[109.0749,-7.4809],[109.0753,-7.4804],[109.0766,-7.4802],[109.0775,-7.48],[109.0777,-7.4805],[109.0779,-7.4805],[109.0779,-7.4807],[109.078,-7.4807],[109.078,-7.4806],[109.0782,-7.4806],[109.0786,-7.481],[109.0786,-7.4811],[109.0788,-7.4811],[109.0795,-7.4813],[109.0808,-7.4818],[109.0816,-7.4822],[109.0817,-7.4824],[109.0817,-7.4825],[109.0819,-7.4825],[109.0827,-7.4827],[109.0828,-7.4827],[109.0828,-7.4828],[109.0829,-7.4828],[109.0829,-7.4829],[109.084,-7.4832],[109.0858,-7.4835],[109.0866,-7.4838],[109.0867,-7.4839],[109.0873,-7.4839],[109.0875,-7.484],[109.0875,-7.4841],[109.089,-7.4845],[109.0893,-7.4847],[109.09,-7.4845],[109.09,-7.4846],[109.0901,-7.4848],[109.0901,-7.4854],[109.0899,-7.4864],[109.0899,-7.4866],[109.0898,-7.4868],[109.0898,-7.4869],[109.0897,-7.4869],[109.0896,-7.487],[109.0894,-7.487],[109.089,-7.4873],[109.0888,-7.4876],[109.0884,-7.4877],[109.0882,-7.4881],[109.0879,-7.4882],[109.0875,-7.4884],[109.0869,-7.4886],[109.0865,-7.4889],[109.0863,-7.4888],[109.086,-7.4892],[109.0859,-7.4897],[109.0858,-7.4899],[109.0854,-7.4901],[109.0854,-7.4902],[109.0845,-7.4914],[109.0843,-7.4916],[109.0842,-7.4919],[109.0837,-7.4926],[109.0836,-7.4927],[109.0822,-7.4934],[109.0819,-7.4937],[109.0815,-7.494],[109.081,-7.4942],[109.081,-7.4947],[109.0812,-7.4953],[109.0812,-7.4955],[109.0811,-7.4959],[109.081,-7.496],[109.081,-7.4962],[109.0811,-7.4964],[109.081,-7.4967],[109.081,-7.4972],[109.0804,-7.498],[109.0804,-7.4986],[109.0803,-7.4992],[109.0805,-7.4996],[109.0805,-7.5003],[109.0804,-7.5004],[109.0802,-7.5012],[109.08,-7.5018],[109.0799,-7.5026],[109.0799,-7.5033]]]]}}]}